samplingPoint.longitude,samplingPoint.latitude,phenomenonTime,result
-1.0707,52.0673,2025-01-31T11:21:00,3.18
-1.0707,52.0673,2025-02-14T13:20:00,5.07
-1.0707,52.0673,2025-03-06T09:43:00,4.78
-1.0707,52.0673,2025-04-10T11:55:00,6.47
-1.0707,52.0673,2025-05-06T14:09:00,6.42
-1.0707,52.0673,2025-06-09T12:31:00,5.41
-1.0707,52.0673,2025-07-07T12:36:00,2.24
-1.0707,52.0673,2025-08-01T10:39:00,4.29
-1.0707,52.0673,2025-09-05T12:12:00,2.19
-1.0707,52.0673,2025-10-13T12:40:00,6.19
-1.0707,52.0673,2025-11-12T12:02:00,1.79
-1.0707,52.0673,2025-12-10T13:34:00,6.89
-1.0886,52.0059,2025-01-14T13:57:00,8.17
-1.0886,52.0059,2025-02-24T11:03:00,5.87
-1.0886,52.0059,2025-03-13T12:35:00,8.38
-1.0886,52.0059,2025-04-10T11:09:00,9.08
-1.0886,52.0059,2025-10-17T13:57:00,14
-1.0886,52.0059,2025-11-12T11:11:00,6.59
-1.0886,52.0059,2025-12-10T14:28:00,9.09
-0.9704,51.9947,2025-01-14T12:31:00,7.57
-0.9704,51.9947,2025-02-10T13:24:00,6.78
-0.9704,51.9947,2025-03-07T12:35:00,7.39
-1.1502,52.0231,2025-01-31T11:04:00,5.49
-1.1502,52.0231,2025-02-14T12:43:00,7
-1.1502,52.0231,2025-03-06T09:28:00,6.99
-1.1502,52.0231,2025-04-11T14:22:00,7.09
-1.1502,52.0231,2025-05-22T13:31:00,6.29
-1.1502,52.0231,2025-06-09T12:16:00,4.49
-1.1502,52.0231,2025-07-07T12:17:00,2.39
-1.1502,52.0231,2025-08-04T11:22:00,4.99
-1.1502,52.0231,2025-09-05T12:30:00,2.89
-1.1502,52.0231,2025-10-13T12:26:00,3.29
-1.1502,52.0231,2025-11-12T11:39:00,16
-1.1502,52.0231,2025-12-10T13:53:00,8.89
-1.0516,52.0012,2025-01-07T12:51:00,5.58
-1.0516,52.0012,2025-02-24T11:45:00,6.67
-1.0516,52.0012,2025-03-13T12:49:00,8.58
-1.0516,52.0012,2025-04-11T14:42:00,9.09
-1.0516,52.0012,2025-08-01T13:24:00,13
-1.0516,52.0012,2025-09-05T14:09:00,6.09
-1.0516,52.0012,2025-10-06T11:45:00,7.09
-1.0516,52.0012,2025-11-12T10:57:00,9.29
-1.0516,52.0012,2025-12-10T14:42:00,9.99
-1.1354,51.9617,2025-02-12T12:34:00,10
-1.1354,51.9617,2025-02-27T10:24:00,9.39
-1.1354,51.9617,2025-03-13T12:22:00,9.49
-1.1354,51.9617,2025-04-10T11:26:00,8.99
-1.1354,51.9617,2025-05-06T13:28:00,6.9
-1.1354,51.9617,2025-12-10T14:11:00,12
-0.9393,51.992,2025-01-27T14:40:00,4.08
-0.9393,51.992,2025-02-10T14:20:00,4.48
-0.9393,51.992,2025-03-07T12:49:00,6.38
-0.9393,51.992,2025-04-04T13:33:00,6.88
-0.9393,51.992,2025-05-06T12:41:00,5.77
-0.9393,51.992,2025-06-04T13:28:00,3.19
-0.9393,51.992,2025-07-04T11:39:00,1.29
-0.9393,51.992,2025-08-01T13:02:00,2.39
-0.9393,51.992,2025-09-05T14:52:00,3.49
-0.9393,51.992,2025-10-13T11:34:00,3.8
-0.9393,51.992,2025-11-04T13:59:00,5.19
-0.9393,51.992,2025-12-02T14:25:00,15
-0.8376,51.9421,2025-02-12T11:35:00,3.89
-0.8376,51.9421,2025-02-27T11:11:00,3.79
-0.8376,51.9421,2025-03-17T11:13:00,3.98
-0.8376,51.9421,2025-03-28T10:25:00,3.48
-0.8376,51.9421,2025-04-11T15:47:00,3.28
-0.8376,51.9421,2025-05-22T15:04:00,1.2
-0.8376,51.9421,2025-06-09T11:11:00,1.29
-0.8376,51.9421,2025-07-07T11:09:00,1.59
-0.8376,51.9421,2025-08-08T13:35:00,1.6
-0.8376,51.9421,2025-09-04T12:28:00,0.456
-0.8376,51.9421,2025-10-06T13:09:00,1.5
-0.8376,51.9421,2025-11-04T12:55:00,0.756
-0.8376,51.9421,2025-12-01T13:33:00,2.29
-0.8902,51.9309,2025-01-09T10:45:00,7.18
-0.8902,51.9309,2025-02-10T13:47:00,5.48
-0.8902,51.9309,2025-03-07T13:43:00,8.35
-0.8902,51.9309,2025-04-11T15:30:00,15.9
-0.8902,51.9309,2025-05-22T14:29:00,14.9
-0.8902,51.9309,2025-06-09T11:24:00,10.9
-0.8902,51.9309,2025-07-07T11:25:00,20.8
-0.8902,51.9309,2025-08-08T14:05:00,18.9
-0.8902,51.9309,2025-09-04T11:54:00,8.47
-0.8902,51.9309,2025-10-06T12:54:00,15.9
-0.8902,51.9309,2025-11-04T13:18:00,10.9
-0.8902,51.9309,2025-12-01T13:14:00,22.9
-0.9256,52.0129,2025-01-14T11:16:00,6.98
-0.9256,52.0129,2025-02-10T14:34:00,5.17
-0.9256,52.0129,2025-03-07T11:48:00,7.08
-0.9256,52.0129,2025-04-04T14:00:00,7.17
-0.9256,52.0129,2025-05-06T12:12:00,6.36
-0.9256,52.0129,2025-06-09T10:35:00,4.88
-0.9256,52.0129,2025-07-04T11:53:00,4.98
-0.9256,52.0129,2025-08-01T12:44:00,4.79
-0.9256,52.0129,2025-09-01T12:17:00,5.59
-0.9256,52.0129,2025-10-13T11:21:00,6.08
-0.9256,52.0129,2025-11-04T14:37:00,5.68
-0.9256,52.0129,2025-12-02T13:59:00,12
-0.8618,52.0615,2025-01-20T15:17:00,6.87
-0.8618,52.0615,2025-02-03T13:50:00,6.08
-0.8618,52.0615,2025-03-04T14:52:00,6.48
-0.8618,52.0615,2025-04-04T14:51:00,6.48
-0.8618,52.0615,2025-05-06T12:06:00,5.78
-0.8618,52.0615,2025-06-04T13:57:00,3.48
-0.8618,52.0615,2025-07-04T13:43:00,2.58
-0.8618,52.0615,2025-08-08T12:45:00,3.69
-0.8618,52.0615,2025-09-01T11:51:00,4.28
-0.8618,52.0615,2025-10-06T13:47:00,6.59
-0.8618,52.0615,2025-11-03T13:52:00,4.79
-0.8618,52.0615,2025-12-02T12:58:00,13
-0.8613,52.069,2025-01-02T12:16:00,8.58
-0.8613,52.069,2025-02-03T13:39:00,11
-0.8613,52.069,2025-03-14T10:13:00,12
-0.8613,52.069,2025-04-04T15:06:00,11
-0.8613,52.069,2025-05-06T11:53:00,9.38
-0.8613,52.069,2025-06-06T11:59:00,5.49
-0.8613,52.069,2025-07-04T12:15:00,7.89
-0.8613,52.069,2025-08-01T12:24:00,6.49
-0.8613,52.069,2025-09-12T12:45:00,4.99
-0.8613,52.069,2025-10-03T13:00:00,5.69
-0.8613,52.069,2025-11-03T13:40:00,3.29
-0.8613,52.069,2025-12-02T12:45:00,15
-0.9573,52.1325,2025-01-30T09:59:00,5.48
-0.9573,52.1325,2025-02-24T10:13:00,5.37
-0.9573,52.1325,2025-03-14T11:32:00,6.58
-0.9573,52.1325,2025-04-30T10:39:00,6.55
-0.9573,52.1325,2025-06-30T13:06:00,5.66
-0.9573,52.1325,2025-07-15T10:34:00,5.37
-0.9573,52.1325,2025-08-15T13:31:00,6.08
-0.9573,52.1325,2025-09-08T13:25:00,5.89
-0.9573,52.1325,2025-10-27T12:40:00,5.99
-0.9573,52.1325,2025-11-12T12:25:00,4.07
-0.9573,52.1325,2025-12-10T12:50:00,8.38
-0.8347,52.0736,2025-01-20T14:45:00,7.81
-0.8347,52.0736,2025-02-03T13:28:00,6.97
-0.8347,52.0736,2025-03-03T12:43:00,7.08
-0.8347,52.0736,2025-04-04T15:19:00,7.67
-0.8347,52.0736,2025-05-06T11:41:00,6.77
-0.8347,52.0736,2025-06-09T13:17:00,7.47
-0.8347,52.0736,2025-07-08T13:03:00,7.44
-0.8347,52.0736,2025-08-01T12:10:00,6.48
-0.8347,52.0736,2025-09-12T12:50:00,7.98
-0.8347,52.0736,2025-10-13T10:24:00,7.99
-0.8347,52.0736,2025-11-03T13:27:00,9.27
-0.8347,52.0736,2025-12-01T12:12:00,9.97
-1.0897,52.1432,2025-01-08T12:02:00,5.08
-1.0897,52.1432,2025-01-13T13:43:00,6.69
-1.0897,52.1432,2025-02-10T11:59:00,6.19
-1.0897,52.1432,2025-02-17T15:22:00,6.39
-1.0897,52.1432,2025-02-24T09:39:00,11
-1.0897,52.1432,2025-03-03T14:14:00,6.99
-1.0897,52.1432,2025-03-14T11:35:00,5.99
-1.0897,52.1432,2025-03-17T15:06:00,5.89
-1.0897,52.1432,2025-03-24T12:48:00,5.68
-1.0897,52.1432,2025-04-04T11:03:00,5.88
-1.0897,52.1432,2025-04-11T14:19:00,5.48
-1.0897,52.1432,2025-04-16T09:52:00,0.834
-1.0897,52.1432,2025-04-22T11:37:00,5.28
-1.0897,52.1432,2025-05-01T10:42:00,5.38
-1.0897,52.1432,2025-05-06T15:26:00,5.48
-1.0897,52.1432,2025-05-22T10:24:00,5.48
-1.0897,52.1432,2025-05-27T10:56:00,5.18
-1.0897,52.1432,2025-06-04T14:33:00,5.18
-1.0897,52.1432,2025-06-09T13:41:00,4.98
-1.0897,52.1432,2025-06-20T12:03:00,1.29
-1.0897,52.1432,2025-06-23T10:40:00,4.77
-1.0897,52.1432,2025-07-04T10:02:00,4.77
-1.0897,52.1432,2025-07-07T13:23:00,4.48
-1.0897,52.1432,2025-07-15T10:59:00,4.98
-1.0897,52.1432,2025-07-21T12:57:00,4.49
-1.0897,52.1432,2025-08-04T11:59:00,4.48
-1.0897,52.1432,2025-08-15T13:59:00,4.37
-1.0897,52.1432,2025-08-18T09:04:00,4.49
-1.0897,52.1432,2025-08-26T11:03:00,4.29
-1.0897,52.1432,2025-09-05T11:38:00,3.89
-1.0897,52.1432,2025-09-08T12:21:00,4.19
-1.0897,52.1432,2025-09-15T10:37:00,4.58
-1.0897,52.1432,2025-09-25T11:47:00,4.59
-1.0897,52.1432,2025-10-06T10:28:00,4.19
-1.0897,52.1432,2025-10-13T12:59:00,5.39
-1.0897,52.1432,2025-10-22T10:54:00,3.89
-1.0897,52.1432,2025-10-27T13:09:00,4.29
-1.0897,52.1432,2025-11-11T12:13:00,6.29
-1.0897,52.1432,2025-11-19T12:36:00,7.48
-1.0897,52.1432,2025-11-24T10:56:00,11
-1.0897,52.1432,2025-12-05T14:56:00,9.99
-1.0897,52.1432,2025-12-09T13:50:00,8.29
-1.0897,52.1432,2025-12-15T10:40:00,8.38
-1.0341,52.0942,2025-01-31T11:35:00,0.922
-1.0341,52.0942,2025-02-17T15:22:00,1.29
-1.0341,52.0942,2025-03-03T13:23:00,1.39
-1.0341,52.0942,2025-04-10T12:08:00,1.2
-1.0341,52.0942,2025-05-06T14:24:00,1.1
-1.0341,52.0942,2025-06-09T12:56:00,0.99
-1.0341,52.0942,2025-07-07T12:58:00,1.29
-1.0341,52.0942,2025-08-01T10:54:00,0.746
-1.0341,52.0942,2025-09-08T13:05:00,0.596
-1.0341,52.0942,2025-10-13T12:50:00,0.606
-1.0341,52.0942,2025-11-11T12:36:00,2.96
-1.0341,52.0942,2025-12-10T13:18:00,4.39
-0.7201,52.0893,2025-01-20T12:39:00,6.77
-0.7201,52.0893,2025-02-04T10:09:00,6.28
-0.7201,52.0893,2025-03-03T11:06:00,4.39
-0.7201,52.0893,2025-11-03T12:17:00,3.09
-0.7201,52.0893,2025-11-18T11:51:00,9.96
-0.7201,52.0893,2025-12-02T11:43:00,11
-0.7201,52.0893,2025-12-16T14:26:00,8.98
-0.8156,52.0796,2025-01-20T16:53:00,8.49
-0.8156,52.0796,2025-02-04T11:10:00,8.29
-0.8156,52.0796,2025-03-03T12:19:00,8.49
-0.8156,52.0796,2025-11-03T13:03:00,5.68
-0.8156,52.0796,2025-11-18T12:17:00,14
-0.8156,52.0796,2025-12-01T11:43:00,18
-0.8156,52.0796,2025-12-16T13:56:00,14
-0.5919,51.8976,2025-04-07T15:34:00,8.45
-0.5919,51.8976,2025-04-24T12:06:00,7.76
-0.5919,51.8976,2025-05-09T15:03:00,10.9
-0.5919,51.8976,2025-05-21T11:51:00,12.9
-0.5919,51.8976,2025-06-06T14:05:00,10.9
-0.5919,51.8976,2025-06-23T13:25:00,8.73
-0.5919,51.8976,2025-07-08T11:17:00,8.91
-0.5919,51.8976,2025-07-16T12:47:00,13
-0.5919,51.8976,2025-07-30T14:17:00,9.57
-0.5919,51.8976,2025-08-08T15:00:00,7.64
-0.5919,51.8976,2025-08-18T10:17:00,9.35
-0.5919,51.8976,2025-09-01T13:30:00,8.34
-0.5919,51.8976,2025-09-15T11:36:00,8.92
-0.5919,51.8976,2025-10-03T14:57:00,8.49
-0.5919,51.8976,2025-10-20T14:11:00,9.87
-0.5919,51.8976,2025-11-05T12:42:00,13
-0.5919,51.8976,2025-11-18T13:51:00,9.94
-0.5919,51.8976,2025-12-09T11:10:00,8.62
-0.5919,51.8976,2025-12-16T12:12:00,9.85
-0.6728,51.8971,2025-02-12T11:08:00,9.57
-0.6728,51.8971,2025-02-27T11:42:00,8.88
-0.6728,51.8971,2025-03-17T10:45:00,7.53
-0.6728,51.8971,2025-11-05T13:09:00,6.17
-0.6728,51.8971,2025-11-18T13:12:00,18
-0.6728,51.8971,2025-12-09T11:50:00,21
-0.6728,51.8971,2025-12-16T12:52:00,16
-0.6478,51.9186,2025-01-21T14:01:00,6.67
-0.6478,51.9186,2025-02-04T13:22:00,6.98
-0.6478,51.9186,2025-03-11T11:22:00,6.47
-0.6478,51.9186,2025-04-04T11:56:00,5.86
-0.6478,51.9186,2025-08-07T13:41:00,0.495
-0.6478,51.9186,2025-09-01T13:15:00,0.523
-0.6478,51.9186,2025-10-03T14:41:00,0.805
-0.6478,51.9186,2025-11-04T10:57:00,1.89
-0.6478,51.9186,2025-11-18T13:35:00,9.85
-0.6478,51.9186,2025-12-01T14:33:00,11.9
-0.6478,51.9186,2025-12-16T12:35:00,6.57
-0.6241,51.9285,2025-01-21T14:13:00,5.67
-0.6241,51.9285,2025-02-04T13:44:00,6.07
-0.6241,51.9285,2025-03-11T11:08:00,5.35
-0.6241,51.9285,2025-10-03T15:13:00,1.59
-0.6681,51.916,2025-01-03T12:37:00,8.37
-0.6681,51.916,2025-02-04T13:05:00,9.67
-0.6681,51.916,2025-03-11T11:40:00,8.96
-0.6681,51.916,2025-04-04T11:35:00,8.26
-0.6681,51.916,2025-05-09T14:31:00,9.96
-0.6681,51.916,2025-06-06T13:36:00,9.55
-0.6681,51.916,2025-07-08T11:54:00,6.46
-0.6681,51.916,2025-08-07T13:22:00,5.28
-0.6681,51.916,2025-09-01T12:57:00,7.16
-0.6681,51.916,2025-10-03T14:21:00,7.17
-0.6681,51.916,2025-11-04T11:17:00,8.96
-0.6681,51.916,2025-12-01T14:12:00,11.9
-0.7131,51.9695,2025-01-20T15:50:00,8.54
-0.7131,51.9695,2025-02-04T14:28:00,8.76
-0.7131,51.9695,2025-03-20T10:22:00,9.73
-0.7131,51.9695,2025-04-07T14:36:00,9.87
-0.7131,51.9695,2025-05-15T11:48:00,9.93
-0.7131,51.9695,2025-06-11T10:22:00,8.35
-0.7131,51.9695,2025-07-15T08:22:00,9.89
-0.7131,51.9695,2025-08-01T14:22:00,8.49
-0.7131,51.9695,2025-09-12T11:12:00,8.07
-0.7131,51.9695,2025-10-08T12:34:00,7.68
-0.7131,51.9695,2025-11-03T14:41:00,8.25
-0.7131,51.9695,2025-12-04T12:24:00,11.8
-0.7149,52.0595,2025-01-20T12:21:00,8.15
-0.7149,52.0595,2025-02-03T14:35:00,8.13
-0.7149,52.0595,2025-03-03T10:50:00,7.96
-0.7463,51.9696,2025-03-18T12:59:00,4.29
-0.7463,51.9696,2025-04-04T13:01:00,3.48
-0.7463,51.9696,2025-05-21T17:28:00,0.858
-0.7463,51.9696,2025-10-20T13:33:00,0.235
-0.7463,51.9696,2025-11-13T11:17:00,0.422
-0.701,52.0554,2025-01-02T11:14:00,4.48
-0.701,52.0554,2025-02-03T14:49:00,4.77
-0.701,52.0554,2025-03-03T10:39:00,4.98
-0.6391,52.0411,2025-01-20T12:01:00,6.47
-0.6391,52.0411,2025-02-03T15:03:00,5.78
-0.6391,52.0411,2025-03-07T14:38:00,6.58
-0.7485,52.1102,2025-01-20T12:50:00,7.03
-0.7485,52.1102,2025-02-04T10:20:00,6.65
-0.7485,52.1102,2025-03-03T11:17:00,6.97
-0.7485,52.1102,2025-04-04T15:54:00,7.36
-0.7485,52.1102,2025-05-06T11:02:00,6.9
-0.7485,52.1102,2025-06-06T11:07:00,7.24
-0.7485,52.1102,2025-07-04T12:21:00,6.01
-0.7485,52.1102,2025-08-08T12:09:00,7.88
-0.7485,52.1102,2025-09-02T13:23:00,5.78
-0.7485,52.1102,2025-10-03T12:10:00,8.47
-0.7485,52.1102,2025-11-13T11:19:00,6.25
-0.7485,52.1102,2025-12-02T11:57:00,9.94
-0.5505,52.2284,2025-01-21T09:56:00,8.89
-0.5505,52.2284,2025-02-04T10:22:00,7.99
-0.5505,52.2284,2025-03-11T09:51:00,8.99
-0.5505,52.2284,2025-04-07T10:18:00,9.59
-0.5505,52.2284,2025-05-07T15:53:00,7.29
-0.5505,52.2284,2025-06-09T10:37:00,5.78
-0.5505,52.2284,2025-07-11T11:06:00,4.19
-0.5505,52.2284,2025-08-15T10:20:00,4.99
-0.5505,52.2284,2025-09-08T10:48:00,3.79
-0.5505,52.2284,2025-10-07T13:13:00,2.69
-0.5505,52.2284,2025-11-11T11:05:00,1.1
-0.5505,52.2284,2025-12-02T15:59:00,18
-0.6251,52.0863,2025-01-20T11:38:00,9.43
-0.6251,52.0863,2025-02-04T09:52:00,6.17
-0.6251,52.0863,2025-03-03T13:19:00,9.97
-0.6251,52.0863,2025-04-08T10:37:00,24.8
-0.6251,52.0863,2025-05-06T10:39:00,23.9
-0.6251,52.0863,2025-06-06T10:35:00,16.6
-0.6251,52.0863,2025-07-08T10:11:00,11.9
-0.6251,52.0863,2025-08-01T11:07:00,22
-0.6251,52.0863,2025-09-02T13:50:00,16
-0.6251,52.0863,2025-10-17T11:33:00,24.9
-0.6251,52.0863,2025-11-06T11:10:00,14.9
-0.6251,52.0863,2025-12-02T11:27:00,14
-0.771,52.1373,2025-01-20T13:18:00,6
-0.771,52.1373,2025-02-07T12:50:00,5.7
-0.771,52.1373,2025-03-03T11:46:00,5.2
-0.771,52.1373,2025-04-04T16:07:00,5.96
-0.771,52.1373,2025-05-06T10:11:00,5.68
-0.771,52.1373,2025-06-02T14:11:00,4.28
-0.771,52.1373,2025-07-04T12:05:00,3.89
-0.771,52.1373,2025-08-08T11:53:00,3.8
-0.771,52.1373,2025-09-08T10:24:00,3.4
-0.771,52.1373,2025-10-20T08:46:00,2.8
-0.771,52.1373,2025-11-13T11:04:00,2.7
-0.771,52.1373,2025-12-05T13:46:00,16
-0.6927,52.155,2025-10-14T11:14:00,7.68
-0.6927,52.155,2025-11-03T11:53:00,5.17
-0.6927,52.155,2025-12-01T11:02:00,9.73
-0.4474,52.1317,2025-01-20T10:31:00,7.05
-0.4474,52.1317,2025-02-10T12:15:00,7.56
-0.4474,52.1317,2025-03-03T11:01:00,5.98
-0.4474,52.1317,2025-04-03T10:59:00,7.09
-0.4474,52.1317,2025-05-06T10:05:00,5.89
-0.4474,52.1317,2025-06-11T11:17:00,5.59
-0.4474,52.1317,2025-07-07T10:05:00,3.69
-0.4474,52.1317,2025-08-12T12:42:00,4.19
-0.4474,52.1317,2025-09-01T10:31:00,5.09
-0.4474,52.1317,2025-10-06T11:00:00,5.69
-0.4474,52.1317,2025-11-05T11:34:00,6.49
-0.4474,52.1317,2025-12-04T10:57:00,9.94
-0.3063,52.1669,2025-01-22T08:45:00,7.48
-0.3063,52.1669,2025-02-05T09:51:00,6.73
-0.3063,52.1669,2025-03-05T11:41:00,6.66
-0.3063,52.1669,2025-04-03T09:41:00,7.46
-0.3063,52.1669,2025-05-08T08:21:00,7.21
-0.3063,52.1669,2025-06-06T12:21:00,6.91
-0.3063,52.1669,2025-07-15T14:11:00,5.06
-0.3063,52.1669,2025-08-13T13:37:00,6.27
-0.3063,52.1669,2025-09-15T10:23:00,5.47
-0.3063,52.1669,2025-10-03T10:33:00,11.9
-0.3063,52.1669,2025-11-05T10:28:00,6.33
-0.3063,52.1669,2025-12-11T12:20:00,11.9
-0.4429,52.1133,2025-01-20T10:55:00,3.58
-0.4429,52.1133,2025-02-10T11:57:00,6.07
-0.4429,52.1133,2025-03-03T11:39:00,6.78
-0.4429,52.1133,2025-04-03T11:16:00,4.18
-0.4429,52.1133,2025-05-15T13:55:00,5.01
-0.4429,52.1133,2025-06-09T15:37:00,0.702
-0.4429,52.1133,2025-07-04T14:57:00,0.284
-0.4429,52.1133,2025-08-11T11:53:00,<0.196
-0.4429,52.1133,2025-09-01T10:54:00,<0.196
-0.4429,52.1133,2025-10-09T09:41:00,0.306
-0.4429,52.1133,2025-11-13T09:53:00,1.21
-0.4429,52.1133,2025-12-04T11:13:00,15
-0.5403,52.07,2025-01-20T11:16:00,6.15
-0.5403,52.07,2025-02-04T09:31:00,5.93
-0.5403,52.07,2025-03-11T09:44:00,9.27
-0.5403,52.07,2025-04-01T10:09:00,17.4
-0.5403,52.07,2025-05-07T16:38:00,27.8
-0.5403,52.07,2025-06-06T10:10:00,28.6
-0.5403,52.07,2025-07-08T09:35:00,19.8
-0.5403,52.07,2025-08-01T10:50:00,35.9
-0.5403,52.07,2025-09-02T14:06:00,26.3
-0.5403,52.07,2025-10-03T11:13:00,27.7
-0.5403,52.07,2025-11-13T10:16:00,18.7
-0.5403,52.07,2025-12-02T11:08:00,15.2
-0.2768,51.947,2025-01-22T07:32:00,6.98
-0.2768,51.947,2025-02-06T09:33:00,7.49
-0.2768,51.947,2025-03-18T10:04:00,7.79
-0.3,52.0007,2025-01-24T11:02:00,7.78
-0.3,52.0007,2025-02-17T09:29:00,9.49
-0.3,52.0007,2025-03-18T10:20:00,8.59
-0.3,52.0007,2025-04-10T09:04:00,6.57
-0.3,52.0007,2025-10-21T09:48:00,<0.196
-0.3,52.0007,2025-11-03T12:06:00,<0.196
-0.3,52.0007,2025-12-01T13:13:00,3.97
-0.2179,52.0125,2025-01-02T08:55:00,11
-0.2179,52.0125,2025-02-06T12:05:00,11
-0.2179,52.0125,2025-03-06T09:32:00,11
-0.2395,51.9863,2025-01-22T08:06:00,3.84
-0.2395,51.9863,2025-04-11T10:31:00,4.8
-0.2395,51.9863,2025-07-03T13:56:00,5.2
-0.2395,51.9863,2025-08-05T08:15:00,3.17
-0.2395,51.9863,2025-10-08T08:19:00,3.09
-0.2395,51.9863,2025-11-13T13:55:00,3.14
-0.2623,52.0263,2025-01-08T09:30:00,10.9
-0.2623,52.0263,2025-02-06T11:44:00,11.9
-0.2623,52.0263,2025-03-06T09:47:00,10.7
-0.2623,52.0263,2025-04-11T09:50:00,11.9
-0.2623,52.0263,2025-10-08T08:59:00,21.6
-0.2623,52.0263,2025-11-05T08:21:00,14.9
-0.2623,52.0263,2025-12-01T13:43:00,9.9
-0.2664,52.0315,2025-01-24T12:30:00,11
-0.2664,52.0315,2025-02-19T09:35:00,12
-0.2664,52.0315,2025-03-06T10:39:00,9.93
-0.2664,52.0315,2025-04-30T11:51:00,11
-0.2664,52.0315,2025-08-20T13:14:00,13
-0.2664,52.0315,2025-09-24T09:24:00,11
-0.2664,52.0315,2025-10-21T11:07:00,9.58
-0.2664,52.0315,2025-11-03T10:43:00,9.59
-0.2664,52.0315,2025-11-17T08:42:00,9.98
-0.2664,52.0315,2025-12-02T12:19:00,9.04
-0.2664,52.0315,2025-12-15T08:28:00,11
-0.1795,52.0252,2025-01-02T09:22:00,23
-0.1795,52.0252,2025-01-06T12:51:00,5.29
-0.1795,52.0252,2025-01-15T09:27:00,23
-0.1795,52.0252,2025-01-22T09:41:00,23
-0.1795,52.0252,2025-01-27T11:08:00,6.06
-0.1795,52.0252,2025-02-10T11:51:00,9.98
-0.1795,52.0252,2025-02-17T12:59:00,23
-0.1795,52.0252,2025-02-25T10:40:00,12
-0.1795,52.0252,2025-03-07T08:53:00,23
-0.1795,52.0252,2025-03-10T12:25:00,23
-0.1795,52.0252,2025-03-18T09:43:00,24
-0.1795,52.0252,2025-03-24T10:54:00,23
-0.1795,52.0252,2025-04-02T09:36:00,24
-0.1795,52.0252,2025-04-09T09:53:00,24
-0.1795,52.0252,2025-04-16T10:55:00,22
-0.1795,52.0252,2025-04-30T09:52:00,20.9
-0.1795,52.0252,2025-05-06T10:17:00,20.9
-0.1795,52.0252,2025-05-16T08:52:00,18.7
-0.1795,52.0252,2025-05-19T09:27:00,18.9
-0.1795,52.0252,2025-05-28T11:42:00,16.9
-0.1795,52.0252,2025-06-06T11:34:00,12.9
-0.3349,52.0412,2025-01-24T11:25:00,10.9
-0.3349,52.0412,2025-02-12T12:21:00,9.43
-0.3349,52.0412,2025-03-06T10:21:00,9.93
-0.5047,51.9761,2025-01-27T13:43:00,8.3
-0.5047,51.9761,2025-02-12T11:56:00,13.9
-0.5047,51.9761,2025-03-10T11:14:00,4.78
-0.4802,52.0168,2025-01-08T11:16:00,9.13
-0.4802,52.0168,2025-02-05T10:28:00,11.9
-0.4802,52.0168,2025-03-06T11:16:00,11
-0.4802,52.0168,2025-04-30T13:00:00,13.9
-0.4802,52.0168,2025-05-22T09:27:00,17.8
-0.4802,52.0168,2025-05-22T09:26:00,17.8
-0.4802,52.0168,2025-06-16T11:31:00,14.7
-0.4802,52.0168,2025-06-16T11:15:00,14.7
-0.4802,52.0168,2025-07-03T12:08:00,15.8
-0.4802,52.0168,2025-07-03T11:53:00,15.8
-0.4802,52.0168,2025-08-07T11:53:00,23.9
-0.4802,52.0168,2025-08-20T12:31:00,21.9
-0.4802,52.0168,2025-09-26T10:36:00,19.9
-0.4802,52.0168,2025-09-26T10:35:00,19.9
-0.4802,52.0168,2025-10-20T11:16:00,13.7
-0.4802,52.0168,2025-10-20T11:15:00,13.7
-0.4802,52.0168,2025-11-05T09:47:00,16.8
-0.4802,52.0168,2025-11-05T09:54:00,16.8
-0.4802,52.0168,2025-12-02T10:50:00,14.8
-0.4802,52.0168,2025-12-02T10:49:00,14.8
-0.3704,51.986,2025-01-24T10:39:00,9.28
-0.3704,51.986,2025-02-12T11:33:00,9.78
-0.3704,51.986,2025-03-13T10:49:00,9.77
-0.3039,52.1658,2025-01-21T10:38:00,10.9
-0.3039,52.1658,2025-02-05T09:57:00,9.84
-0.3039,52.1658,2025-03-03T10:00:00,9.65
-0.3039,52.1658,2025-11-05T10:15:00,10.9
-0.3039,52.1658,2025-11-18T11:02:00,9.38
-0.3039,52.1658,2025-12-11T11:49:00,12.9
-0.3039,52.1658,2025-12-16T10:31:00,10.9
-0.1935,52.148,2025-01-24T13:42:00,9.95
-0.2823,52.2133,2025-01-21T10:14:00,8.01
-0.2823,52.2133,2025-02-05T09:25:00,7.54
-0.2823,52.2133,2025-03-03T09:34:00,6.85
-0.2823,52.2133,2025-04-01T09:32:00,8.83
-0.2823,52.2133,2025-05-07T08:48:00,7.91
-0.2823,52.2133,2025-06-02T08:43:00,7.53
-0.2823,52.2133,2025-07-15T07:13:00,6.27
-0.2823,52.2133,2025-08-12T13:46:00,7.28
-0.2823,52.2133,2025-09-01T13:23:00,8.85
-0.2823,52.2133,2025-10-27T10:12:00,7.56
-0.2823,52.2133,2025-11-14T10:41:00,6.44
-0.2823,52.2133,2025-12-02T11:01:00,10.9
-0.2958,52.1774,2025-05-07T09:08:00,15.9
-0.2958,52.1774,2025-06-04T09:39:00,7.69
-0.2958,52.1774,2025-07-15T13:16:00,28.9
-0.2958,52.1774,2025-08-15T15:58:00,24.6
-0.2958,52.1774,2025-09-09T09:46:00,11.9
-0.2958,52.1774,2025-10-03T10:18:00,20.2
-0.2958,52.1774,2025-11-05T10:00:00,4.96
-0.2958,52.1774,2025-12-11T12:01:00,37.9
-0.2989,52.194,2025-01-03T14:25:00,15
-0.2989,52.194,2025-02-05T10:25:00,14
-0.2989,52.194,2025-03-03T14:07:00,13
-0.2989,52.194,2025-10-06T10:02:00,13.9
-0.2989,52.194,2025-11-05T09:41:00,12.9
-0.2989,52.194,2025-12-04T10:25:00,13
-0.3798,52.2894,2025-01-22T10:20:00,8.58
-0.3798,52.2894,2025-02-05T10:53:00,9.08
-0.3798,52.2894,2025-03-17T09:58:00,7.08
-0.3542,52.269,2025-01-21T11:09:00,9.96
-0.3542,52.269,2025-02-05T10:36:00,9.96
-0.3542,52.269,2025-03-05T10:07:00,9.46
-0.3542,52.269,2025-04-02T09:30:00,9.91
-0.3542,52.269,2025-08-12T11:54:00,17.9
-0.3542,52.269,2025-09-08T09:33:00,9.3
-0.3542,52.269,2025-10-14T13:45:00,14.7
-0.3542,52.269,2025-11-13T13:14:00,10.8
-0.3542,52.269,2025-12-02T11:40:00,20.9
-0.467,52.2593,2025-01-21T11:30:00,11
-0.467,52.2593,2025-02-04T09:56:00,11
-0.467,52.2593,2025-03-06T11:30:00,9.99
-0.2056,52.3208,2025-01-07T14:14:00,10.9
-0.2056,52.3208,2025-02-10T14:01:00,8.62
-0.2056,52.3208,2025-03-03T16:30:00,8.53
-0.2056,52.3208,2025-10-06T09:44:00,25.9
-0.2056,52.3208,2025-11-05T09:28:00,27.5
-0.2056,52.3208,2025-12-01T13:43:00,11.9
-0.3915,52.3835,2025-01-20T10:25:00,9.99
-0.3915,52.3835,2025-02-04T14:22:00,11
-0.3915,52.3835,2025-03-11T12:53:00,9.99
-0.3072,52.4009,2025-01-02T10:30:00,8.79
-0.3072,52.4009,2025-01-06T11:53:00,7.99
-0.3072,52.4009,2025-01-16T11:12:00,9.99
-0.3072,52.4009,2025-01-20T10:44:00,9.99
-0.3072,52.4009,2025-01-27T10:26:00,7.29
-0.3072,52.4009,2025-02-04T15:12:00,11
-0.3072,52.4009,2025-02-10T09:25:00,11
-0.3072,52.4009,2025-02-17T10:16:00,11
-0.3072,52.4009,2025-02-24T10:49:00,8.99
-0.3072,52.4009,2025-03-05T14:37:00,9.89
-0.3072,52.4009,2025-03-11T13:10:00,8.49
-0.3072,52.4009,2025-03-17T10:27:00,7.09
-0.3072,52.4009,2025-03-24T11:23:00,4.88
-0.3072,52.4009,2025-04-01T14:10:00,3.58
-0.3072,52.4009,2025-04-07T13:08:00,2.98
-0.3072,52.4009,2025-04-16T13:32:00,13.9
-0.3072,52.4009,2025-04-22T11:19:00,1.89
-0.3072,52.4009,2025-05-01T09:55:00,0.929
-0.3072,52.4009,2025-05-27T10:21:00,<0.196
-0.3072,52.4009,2025-11-17T09:32:00,25
-0.3072,52.4009,2025-11-24T13:31:00,23
-0.3072,52.4009,2025-12-04T13:01:00,23
-0.3072,52.4009,2025-12-09T15:45:00,15
-0.3072,52.4009,2025-12-15T13:13:00,19
-0.2952,52.3346,2025-01-20T09:40:00,11.9
-0.2952,52.3346,2025-02-05T15:10:00,13
-0.2952,52.3346,2025-03-06T09:27:00,13
-0.2952,52.3346,2025-04-01T13:48:00,6.71
-0.2952,52.3346,2025-10-13T11:27:00,2.58
-0.2952,52.3346,2025-11-07T12:07:00,2.47
-0.2952,52.3346,2025-12-04T15:31:00,27
-0.2286,52.331,2025-01-20T12:32:00,12
-0.2286,52.331,2025-02-05T15:24:00,13
-0.2286,52.331,2025-03-03T14:58:00,12
-0.2286,52.331,2025-04-02T13:19:00,7.92
-0.2286,52.331,2025-04-08T12:52:00,7.05
-0.2286,52.331,2025-10-08T09:37:00,5.88
-0.2286,52.331,2025-11-07T11:50:00,4.48
-0.2286,52.331,2025-12-04T12:07:00,26
0.0037,52.3084,2025-01-23T13:39:00,17.8
0.0037,52.3084,2025-02-06T13:11:00,14.7
0.0037,52.3084,2025-03-06T15:10:00,10.8
0.0037,52.3084,2025-04-03T15:22:00,18.9
0.0037,52.3084,2025-05-06T13:17:00,19.5
0.0037,52.3084,2025-06-11T11:29:00,25.9
0.0037,52.3084,2025-07-04T13:54:00,25.8
0.0037,52.3084,2025-08-08T09:31:00,17.9
0.0037,52.3084,2025-09-04T13:13:00,10.8
0.0037,52.3084,2025-10-28T12:07:00,19.9
0.0037,52.3084,2025-11-13T12:34:00,18.7
0.0037,52.3084,2025-12-11T13:17:00,16.8
-0.0766,52.2997,2025-01-20T14:51:00,17.9
-0.0766,52.2997,2025-02-10T13:00:00,19
-0.0766,52.2997,2025-03-03T15:20:00,18
-0.0766,52.2997,2025-04-02T13:41:00,15
-0.1208,52.3309,2025-01-16T11:48:00,8.02
-0.1208,52.3309,2025-02-10T13:23:00,9.12
-0.1208,52.3309,2025-03-11T13:55:00,8.55
-0.1208,52.3309,2025-10-10T11:05:00,10.9
-0.1208,52.3309,2025-11-05T10:16:00,9.9
-0.1208,52.3309,2025-12-04T09:32:00,13.9
0.0441,52.3529,2025-01-22T11:21:00,8.32
0.0441,52.3529,2025-02-06T12:20:00,8.14
0.0441,52.3529,2025-03-12T15:26:00,7.95
0.0441,52.3529,2025-04-09T12:40:00,8.56
0.0441,52.3529,2025-10-24T11:25:00,10.9
0.0441,52.3529,2025-11-13T10:16:00,8.95
0.0441,52.3529,2025-12-11T12:54:00,14.9
0.1632,52.4504,2025-01-22T11:47:00,8.25
0.1632,52.4504,2025-02-06T12:52:00,7.86
0.1632,52.4504,2025-03-18T15:01:00,7.37
0.1632,52.4504,2025-04-23T11:38:00,6.56
0.1632,52.4504,2025-05-14T10:36:00,5.25
0.1632,52.4504,2025-06-10T15:01:00,1.57
0.1632,52.4504,2025-07-17T13:26:00,0.884
0.1632,52.4504,2025-08-15T10:22:00,1.25
0.1632,52.4504,2025-09-09T15:12:00,2.24
0.1632,52.4504,2025-10-24T11:38:00,4.43
0.1632,52.4504,2025-11-17T13:21:00,8.51
0.1632,52.4504,2025-12-09T14:45:00,14.9
0.3172,52.5634,2025-01-24T16:18:00,7.09
0.3172,52.5634,2025-02-13T11:30:00,7.29
0.3172,52.5634,2025-03-11T08:13:00,5.59
0.3172,52.5634,2025-04-28T08:35:00,3.36
0.3172,52.5634,2025-05-13T10:46:00,3.74
0.3172,52.5634,2025-06-10T14:00:00,2.96
0.3172,52.5634,2025-07-08T13:13:00,0.83
0.3172,52.5634,2025-08-18T10:32:00,0.368
0.3172,52.5634,2025-09-09T13:52:00,1.08
0.3172,52.5634,2025-10-21T08:35:00,0.633
0.3172,52.5634,2025-11-11T13:07:00,3.04
0.3172,52.5634,2025-12-08T11:23:00,8.22
0.1924,52.0621,2025-01-21T10:46:00,9.62
0.1924,52.0621,2025-02-06T11:04:00,9.54
0.1924,52.0621,2025-03-11T10:12:00,9.36
0.1924,52.0621,2025-04-04T10:34:00,9.14
0.1924,52.0621,2025-05-07T09:56:00,11
0.1924,52.0621,2025-06-11T12:46:00,9.35
0.1924,52.0621,2025-07-30T10:50:00,9.89
0.1924,52.0621,2025-08-06T14:22:00,12
0.1924,52.0621,2025-09-03T11:08:00,9.97
0.1924,52.0621,2025-10-02T12:39:00,13
0.1924,52.0621,2025-11-07T09:55:00,14
0.1924,52.0621,2025-12-15T10:44:00,9.96
0.142,52.1342,2025-01-21T11:25:00,9.46
0.142,52.1342,2025-02-05T12:15:00,8.67
0.142,52.1342,2025-03-07T10:53:00,8.88
0.142,52.1342,2025-11-06T10:00:00,8.77
0.142,52.1342,2025-11-17T11:07:00,15
0.142,52.1342,2025-12-04T09:57:00,9.88
0.142,52.1342,2025-12-15T10:15:00,11
0.1556,52.1142,2025-01-22T10:54:00,8.66
0.1556,52.1142,2025-02-05T10:38:00,8.77
0.1556,52.1142,2025-03-04T10:23:00,8.88
0.1556,52.1142,2025-04-07T10:30:00,9.27
0.1556,52.1142,2025-05-07T13:30:00,9.58
0.1556,52.1142,2025-06-18T10:14:00,8.86
0.1556,52.1142,2025-07-02T10:21:00,7.67
0.1556,52.1142,2025-08-08T09:28:00,8.89
0.1556,52.1142,2025-09-24T09:52:00,11
0.1556,52.1142,2025-10-13T13:24:00,11
0.1556,52.1142,2025-11-13T09:27:00,12
0.1556,52.1142,2025-12-04T11:07:00,10.9
0.1555,52.1178,2025-01-22T11:30:00,8.76
0.1555,52.1178,2025-02-05T10:27:00,8.77
0.1555,52.1178,2025-03-11T11:00:00,8.18
0.1555,52.1178,2025-04-07T10:49:00,9.37
0.1555,52.1178,2025-05-07T14:06:00,9.58
0.1555,52.1178,2025-06-18T10:16:00,9.07
0.1555,52.1178,2025-07-02T10:45:00,7.57
0.1555,52.1178,2025-08-08T09:10:00,8.89
0.1555,52.1178,2025-09-03T11:48:00,8.29
0.1555,52.1178,2025-10-02T12:26:00,11
0.1555,52.1178,2025-11-13T09:44:00,12
0.1555,52.1178,2025-12-10T10:35:00,18
0.1632,52.1162,2025-01-21T11:08:00,9.09
0.1632,52.1162,2025-02-06T10:00:00,9.39
0.1632,52.1162,2025-03-11T11:20:00,8.9
0.1632,52.1162,2025-04-16T09:14:00,8.39
0.1632,52.1162,2025-05-07T13:01:00,8.19
0.1632,52.1162,2025-06-03T10:49:00,4.38
0.1632,52.1162,2025-07-01T09:00:00,2.08
0.1632,52.1162,2025-08-01T08:31:00,1.89
0.1632,52.1162,2025-09-03T10:51:00,1.79
0.1632,52.1162,2025-10-03T10:40:00,0.867
0.1632,52.1162,2025-11-17T11:37:00,2.78
0.1632,52.1162,2025-12-04T10:39:00,5.98
0.2143,51.9799,2025-01-03T10:32:00,7.98
0.2143,51.9799,2025-01-07T10:36:00,8.59
0.2143,51.9799,2025-01-21T10:23:00,7.58
0.2143,51.9799,2025-01-27T11:41:00,11
0.2143,51.9799,2025-01-30T09:47:00,9.18
0.2143,51.9799,2025-02-05T10:59:00,7.98
0.2143,51.9799,2025-02-13T11:23:00,8.99
0.2143,51.9799,2025-02-18T10:14:00,7.79
0.2143,51.9799,2025-02-24T09:52:00,6.18
0.2143,51.9799,2025-03-04T09:38:00,8.19
0.2143,51.9799,2025-03-10T09:45:00,7.29
0.2143,51.9799,2025-03-17T09:49:00,7.49
0.2143,51.9799,2025-03-24T09:57:00,5.98
0.2143,51.9799,2025-04-04T09:51:00,7.47
0.2143,51.9799,2025-04-10T09:56:00,6.18
0.2143,51.9799,2025-04-16T10:30:00,4.53
0.2143,51.9799,2025-04-24T09:22:00,4.3
0.2143,51.9799,2025-05-08T10:51:00,3.58
0.2143,51.9799,2025-05-19T11:06:00,3.28
0.2143,51.9799,2025-05-28T09:36:00,1.56
0.2143,51.9799,2025-05-29T10:57:00,2.04
0.2143,51.9799,2025-06-03T10:58:00,5.93
0.2143,51.9799,2025-06-09T11:16:00,2.96
0.2143,51.9799,2025-06-19T09:13:00,6.6
0.2143,51.9799,2025-06-26T09:23:00,6.06
0.2143,51.9799,2025-07-01T11:44:00,6.04
0.2143,51.9799,2025-07-17T10:30:00,7.36
0.2143,51.9799,2025-07-24T13:02:00,3.72
0.2143,51.9799,2025-08-08T12:09:00,7.55
0.2143,51.9799,2025-08-18T14:32:00,7.77
0.2143,51.9799,2025-08-26T09:58:00,7.77
0.2143,51.9799,2025-09-04T11:31:00,1.27
0.2143,51.9799,2025-09-10T09:10:00,7.58
0.2143,51.9799,2025-09-16T09:59:00,7.67
0.2143,51.9799,2025-09-24T11:22:00,8.18
0.2143,51.9799,2025-10-03T12:01:00,2.78
0.2143,51.9799,2025-10-09T10:02:00,8.08
0.2143,51.9799,2025-10-14T11:37:00,8.08
0.2143,51.9799,2025-10-20T12:31:00,1.59
0.2143,51.9799,2025-10-27T09:34:00,7.17
0.2143,51.9799,2025-11-05T12:58:00,7.16
0.2143,51.9799,2025-11-10T13:04:00,3.08
0.2143,51.9799,2025-11-17T12:06:00,2.84
0.2143,51.9799,2025-11-24T10:40:00,12
0.2143,51.9799,2025-12-03T10:35:00,14
0.2143,51.9799,2025-12-09T10:31:00,15
0.2143,51.9799,2025-12-15T11:25:00,3.64
0.2143,51.9799,2025-12-15T11:41:00,3.64
0.2143,51.9799,2025-12-22T09:07:00,14
0.2775,52.0975,2025-01-24T11:51:00,9.27
0.2775,52.0975,2025-04-24T08:56:00,9.96
0.2775,52.0975,2025-05-15T12:31:00,11
0.2775,52.0975,2025-06-03T12:52:00,10.9
0.2775,52.0975,2025-07-01T10:22:00,9.24
0.2775,52.0975,2025-08-08T10:38:00,5.89
0.2775,52.0975,2025-09-03T11:51:00,5.87
0.2775,52.0975,2025-10-02T12:06:00,4.69
0.2775,52.0975,2025-11-07T10:23:00,4.27
0.2775,52.0975,2025-12-04T10:58:00,11
0.2549,52.1133,2025-01-24T12:00:00,9.98
0.2549,52.1133,2025-02-18T09:42:00,12
0.2549,52.1133,2025-03-12T09:44:00,9.59
0.2549,52.1133,2025-04-04T10:50:00,12
0.2549,52.1133,2025-05-07T11:06:00,12
0.2549,52.1133,2025-06-05T12:29:00,14
0.2549,52.1133,2025-07-17T09:47:00,12
0.2549,52.1133,2025-08-08T10:23:00,14
0.2549,52.1133,2025-09-30T08:21:00,15
0.2549,52.1133,2025-10-27T08:51:00,15
0.2549,52.1133,2025-11-17T11:57:00,16.9
0.2549,52.1133,2025-12-04T10:41:00,9.29
0.1497,52.1422,2025-01-21T11:36:00,12
0.1497,52.1422,2025-02-05T12:25:00,12
0.1497,52.1422,2025-03-07T10:28:00,11
0.1497,52.1422,2025-04-09T08:35:00,9.98
0.1497,52.1422,2025-05-07T12:01:00,12
0.1497,52.1422,2025-06-05T09:29:00,11
0.1497,52.1422,2025-07-01T09:32:00,7.47
0.1497,52.1422,2025-08-06T12:30:00,9.59
0.1497,52.1422,2025-09-08T11:17:00,6.09
0.1497,52.1422,2025-10-03T10:00:00,12
0.1497,52.1422,2025-11-07T11:27:00,10.9
0.1497,52.1422,2025-12-04T09:23:00,11
0.088,52.1565,2025-01-30T10:29:00,11
0.088,52.1565,2025-04-30T08:36:00,8.97
0.088,52.1565,2025-10-20T09:52:00,11
0.088,52.1565,2025-11-17T09:45:00,17.9
0.088,52.1565,2025-12-10T10:42:00,14
-0.1497,52.0419,2025-01-22T10:04:00,13
-0.1497,52.0419,2025-02-06T12:49:00,14
-0.1497,52.0419,2025-03-06T11:09:00,14
-0.1497,52.0419,2025-04-02T09:23:00,14
-0.1497,52.0419,2025-09-04T11:20:00,13
-0.1497,52.0419,2025-11-13T08:13:00,14
-0.1497,52.0419,2025-11-17T09:15:00,13
-0.1497,52.0419,2025-12-02T08:28:00,14
-0.1497,52.0419,2025-12-15T09:06:00,14
-0.1696,52.0661,2025-01-06T13:20:00,14
-0.1696,52.0661,2025-02-10T12:08:00,16
-0.1696,52.0661,2025-03-06T11:21:00,17
-0.1696,52.0661,2025-04-11T11:11:00,16
-0.1696,52.0661,2025-05-16T09:30:00,16
-0.1696,52.0661,2025-06-06T10:16:00,16
-0.1696,52.0661,2025-07-24T14:12:00,16
-0.1696,52.0661,2025-08-18T08:00:00,15
-0.1696,52.0661,2025-09-04T11:53:00,14
-0.1696,52.0661,2025-10-08T09:32:00,15
-0.1696,52.0661,2025-11-17T09:30:00,14
-0.1696,52.0661,2025-12-02T08:52:00,14.9
0.0692,52.14,2025-01-27T08:49:00,14
-0.0727,52.11,2025-01-24T14:31:00,16
-0.0727,52.11,2025-02-07T11:55:00,17
-0.0727,52.11,2025-03-12T11:26:00,16
-0.0173,52.1002,2025-01-24T14:55:00,20.8
-0.0173,52.1002,2025-02-07T11:39:00,16.9
-0.0173,52.1002,2025-03-04T09:12:00,15.9
-0.0173,52.1002,2025-12-10T09:25:00,17.6
0.0105,52.1024,2025-01-03T11:46:00,11
0.0105,52.1024,2025-02-05T09:40:00,14
0.0105,52.1024,2025-03-04T08:57:00,12
0.0105,52.1024,2025-04-09T09:26:00,13
0.0105,52.1024,2025-10-02T09:02:00,12
0.0105,52.1024,2025-11-10T08:28:00,8.49
0.0105,52.1024,2025-12-04T12:44:00,10.9
0.0459,52.1108,2025-01-02T10:59:00,28
0.0459,52.1108,2025-01-07T13:35:00,15
0.0459,52.1108,2025-01-15T11:31:00,26
0.0459,52.1108,2025-01-24T08:57:00,25
0.0459,52.1108,2025-01-28T09:24:00,18
0.0459,52.1108,2025-02-07T11:25:00,22
0.0459,52.1108,2025-02-10T10:38:00,22
0.0459,52.1108,2025-02-17T10:21:00,21
0.0459,52.1108,2025-02-24T10:36:00,18
0.0459,52.1108,2025-03-04T09:54:00,18
0.0459,52.1108,2025-03-10T11:21:00,17
0.0459,52.1108,2025-03-17T10:44:00,18
0.0459,52.1108,2025-03-24T07:51:00,16
0.0459,52.1108,2025-04-02T08:34:00,17
0.0459,52.1108,2025-04-07T12:15:00,14
0.0459,52.1108,2025-04-16T08:32:00,9.66
0.0459,52.1108,2025-05-08T13:50:00,15.9
0.0459,52.1108,2025-05-15T14:12:00,17.8
0.0459,52.1108,2025-05-19T10:08:00,16.8
0.0459,52.1108,2025-05-28T10:22:00,11.8
0.0459,52.1108,2025-05-29T11:47:00,12.8
0.0459,52.1108,2025-06-05T14:23:00,9.12
0.0459,52.1108,2025-06-11T09:44:00,8.39
-0.058,52.1911,2025-01-20T15:40:00,8.09
-0.058,52.1911,2025-02-06T14:15:00,8.2
-0.058,52.1911,2025-03-18T12:43:00,3.89
-0.058,52.1911,2025-04-09T14:02:00,0.843
-0.058,52.1911,2025-06-10T15:22:00,0.201
-0.058,52.1911,2025-07-15T11:05:00,<0.196
-0.058,52.1911,2025-11-13T12:00:00,<0.196
-0.058,52.1911,2025-12-09T10:28:00,14
0.1163,52.1953,2025-01-07T13:36:00,11
0.1163,52.1953,2025-02-06T15:05:00,12.9
0.1163,52.1953,2025-03-12T09:40:00,12
0.1163,52.1953,2025-10-06T12:29:00,10.9
0.1163,52.1953,2025-11-10T10:52:00,9.93
0.1163,52.1953,2025-12-01T10:54:00,11.9
0.2088,52.2686,2025-01-10T10:00:00,13
0.2088,52.2686,2025-02-12T10:43:00,12
0.2088,52.2686,2025-03-12T10:41:00,13.9
0.2088,52.2686,2025-04-01T10:00:00,13.9
0.2088,52.2686,2025-10-10T08:58:00,15
0.2088,52.2686,2025-11-18T14:17:00,10.8
0.2088,52.2686,2025-12-09T12:18:00,12.9
0.1259,52.18,2025-01-23T13:49:00,12
0.1259,52.18,2025-02-11T12:07:00,12
0.1259,52.18,2025-03-17T10:19:00,13
0.1259,52.18,2025-04-03T13:30:00,13
0.1259,52.18,2025-05-06T10:43:00,13
0.1259,52.18,2025-06-09T10:07:00,12
0.1259,52.18,2025-08-11T10:22:00,12
0.1259,52.18,2025-09-02T09:56:00,9.99
0.1259,52.18,2025-10-06T12:53:00,9.99
0.1259,52.18,2025-11-13T11:23:00,8.78
0.1259,52.18,2025-12-01T11:23:00,7.49
0.1717,52.1848,2025-01-10T10:51:00,14
0.1717,52.1848,2025-02-06T10:04:00,14
0.1717,52.1848,2025-03-13T11:05:00,14
0.1717,52.1848,2025-04-16T10:01:00,13
0.1717,52.1848,2025-05-06T11:02:00,13
0.1717,52.1848,2025-06-09T15:11:00,13
0.1717,52.1848,2025-07-10T15:43:00,13
0.1717,52.1848,2025-08-11T13:12:00,14
0.1717,52.1848,2025-09-02T10:34:00,13
0.1717,52.1848,2025-10-06T13:10:00,13
0.1717,52.1848,2025-11-10T11:46:00,13
0.1717,52.1848,2025-12-03T13:40:00,13
0.1168,52.1961,2025-01-15T14:35:00,12
0.1168,52.1961,2025-02-14T15:05:00,12.9
0.1168,52.1961,2025-03-26T11:02:00,12
0.1168,52.1961,2025-04-16T09:31:00,9.95
0.1168,52.1961,2025-05-26T09:45:00,11
0.1168,52.1961,2025-06-12T13:57:00,10.9
0.1168,52.1961,2025-07-02T10:31:00,10.9
0.1168,52.1961,2025-08-01T10:37:00,11
0.1168,52.1961,2025-09-03T10:15:00,9.73
0.1168,52.1961,2025-10-07T10:00:00,10.9
0.1168,52.1961,2025-11-13T10:59:00,10.9
0.1168,52.1961,2025-12-11T10:15:00,16
0.254,52.3273,2025-01-22T09:37:00,12.9
0.254,52.3273,2025-02-11T10:52:00,12.9
0.254,52.3273,2025-03-06T13:25:00,13
0.254,52.3273,2025-04-03T13:19:00,13
0.254,52.3273,2025-05-14T14:12:00,14
0.254,52.3273,2025-06-04T12:04:00,12.9
0.254,52.3273,2025-07-17T11:31:00,12.9
0.254,52.3273,2025-08-12T13:10:00,14
0.254,52.3273,2025-09-03T14:03:00,13.9
0.254,52.3273,2025-10-27T12:04:00,12.9
0.254,52.3273,2025-11-11T15:29:00,15.9
0.254,52.3273,2025-12-03T10:32:00,12.9
0.2731,52.2415,2025-01-22T08:47:00,15.9
0.2731,52.2415,2025-02-07T10:38:00,15.9
0.2731,52.2415,2025-03-10T09:49:00,15.9
0.2731,52.2415,2025-04-03T08:57:00,16
0.2731,52.2415,2025-05-12T10:28:00,15
0.2731,52.2415,2025-06-03T10:30:00,16
0.2731,52.2415,2025-07-03T10:46:00,18
0.2731,52.2415,2025-08-07T15:18:00,18
0.2731,52.2415,2025-09-08T12:20:00,18.9
0.2731,52.2415,2025-10-27T10:35:00,20.9
0.2731,52.2415,2025-11-10T12:23:00,21.9
0.2731,52.2415,2025-12-03T09:37:00,20.8
0.2197,52.2273,2025-01-22T10:00:00,13
0.2197,52.2273,2025-02-07T10:22:00,13
0.2197,52.2273,2025-03-06T10:12:00,13
0.2197,52.2273,2025-04-03T08:19:00,13
0.2197,52.2273,2025-05-12T10:15:00,11.9
0.2197,52.2273,2025-06-06T15:25:00,13
0.2197,52.2273,2025-07-10T15:16:00,13.9
0.2197,52.2273,2025-08-07T16:02:00,13
0.2197,52.2273,2025-09-08T12:38:00,13.9
0.2197,52.2273,2025-10-27T10:22:00,14.9
0.2197,52.2273,2025-11-18T13:47:00,13.9
0.2197,52.2273,2025-12-03T09:17:00,13.9
0.0795,52.3359,2025-01-23T12:36:00,8.82
0.0795,52.3359,2025-02-06T12:48:00,15.9
0.0795,52.3359,2025-03-13T13:45:00,15
0.0795,52.3359,2025-10-28T10:31:00,17
0.0795,52.3359,2025-11-18T15:11:00,14.9
0.0795,52.3359,2025-12-11T11:55:00,12.9
0.1376,52.3011,2025-01-23T12:35:00,8.27
0.1376,52.3011,2025-02-11T13:38:00,8.65
0.1376,52.3011,2025-03-13T14:21:00,6.78
0.1376,52.3011,2025-04-09T13:07:00,4.68
0.1376,52.3011,2025-05-06T11:51:00,3.09
0.1376,52.3011,2025-06-09T11:49:00,1.77
0.1376,52.3011,2025-07-09T10:23:00,0.392
0.1376,52.3011,2025-08-08T08:52:00,<0.196
0.1376,52.3011,2025-09-04T11:36:00,0.206
0.1376,52.3011,2025-10-28T09:25:00,0.595
0.1376,52.3011,2025-11-05T13:20:00,0.326
0.1376,52.3011,2025-12-11T11:25:00,12
0.2221,52.3333,2025-01-02T14:08:00,10.9
0.2221,52.3333,2025-02-10T16:42:00,9.95
0.2221,52.3333,2025-03-13T15:33:00,9.28
0.2221,52.3333,2025-10-28T11:10:00,2.27
0.2221,52.3333,2025-11-05T14:12:00,2.07
0.2221,52.3333,2025-12-01T15:49:00,10.7
0.0638,52.3389,2025-01-23T13:17:00,18.9
0.0638,52.3389,2025-02-06T12:30:00,19.8
0.0638,52.3389,2025-03-11T14:36:00,18.9
0.0638,52.3389,2025-04-03T16:05:00,22
0.0638,52.3389,2025-05-06T12:18:00,23.8
0.0638,52.3389,2025-07-04T13:27:00,21.9
0.0638,52.3389,2025-08-11T13:54:00,23.8
0.0638,52.3389,2025-09-04T11:00:00,15.8
0.0638,52.3389,2025-10-10T09:37:00,23.9
0.0638,52.3389,2025-11-13T10:16:00,23.9
0.0638,52.3389,2025-12-01T12:05:00,19
0.1779,52.3069,2025-01-22T10:10:00,13
0.1779,52.3069,2025-02-11T10:25:00,12
0.1779,52.3069,2025-03-13T14:41:00,13
0.1779,52.3069,2025-04-23T10:40:00,7.62
0.1779,52.3069,2025-05-09T08:53:00,6.1
0.1779,52.3069,2025-06-09T12:04:00,5.44
0.1779,52.3069,2025-07-09T10:56:00,4.18
0.1779,52.3069,2025-08-08T08:29:00,9.13
0.1779,52.3069,2025-09-04T11:53:00,6.7
0.1779,52.3069,2025-12-11T11:11:00,22.9
0.3897,52.3111,2025-01-22T09:11:00,12
0.3897,52.3111,2025-02-06T11:56:00,12
0.3897,52.3111,2025-03-06T12:55:00,11
0.3897,52.3111,2025-05-06T12:26:00,11
0.3897,52.3111,2025-06-06T14:46:00,11
0.3897,52.3111,2025-07-10T13:09:00,18.3
0.3897,52.3111,2025-08-12T14:19:00,17
0.3897,52.3111,2025-09-03T12:53:00,20
0.3897,52.3111,2025-10-16T13:34:00,15
0.3897,52.3111,2025-11-05T11:28:00,13.9
0.3897,52.3111,2025-12-03T11:20:00,11.9
0.2651,52.3567,2025-01-13T13:15:00,12.9
0.2651,52.3567,2025-02-12T11:22:00,11
0.2651,52.3567,2025-03-12T14:26:00,12
0.3902,52.3065,2025-01-06T10:21:00,7.56
0.3902,52.3065,2025-02-06T11:48:00,12
0.3902,52.3065,2025-03-10T10:17:00,11
0.3902,52.3065,2025-04-03T10:16:00,12
0.3902,52.3065,2025-08-12T15:08:00,16
0.3902,52.3065,2025-09-03T12:43:00,18
0.3902,52.3065,2025-10-16T13:47:00,14
0.3902,52.3065,2025-11-05T11:20:00,12.9
0.3902,52.3065,2025-12-03T11:27:00,10.9
0.4016,52.2875,2025-01-02T12:56:00,8.29
0.4016,52.2875,2025-02-10T11:41:00,8.29
0.4016,52.2875,2025-03-04T13:54:00,8.19
0.4016,52.2875,2025-04-04T09:34:00,7.99
0.4016,52.2875,2025-10-16T14:14:00,5.89
0.4016,52.2875,2025-11-05T10:57:00,5.88
0.4016,52.2875,2025-12-01T15:18:00,6.09
0.9396,52.7494,2025-01-15T13:02:00,2.4
0.9396,52.7494,2025-04-23T13:41:00,2.5
0.7358,52.1903,2025-01-22T11:45:00,9.8
0.7358,52.1903,2025-02-10T13:56:00,9.99
0.7358,52.1903,2025-03-03T11:52:00,11
0.7358,52.1903,2025-04-03T11:52:00,9.39
0.746,52.2126,2025-01-09T11:00:00,12
0.746,52.2126,2025-02-10T14:09:00,9.94
0.746,52.2126,2025-03-03T12:03:00,11
0.746,52.2126,2025-04-03T12:59:00,9.98
0.746,52.2126,2025-05-09T10:47:00,7.56
0.746,52.2126,2025-06-03T14:49:00,4.93
0.746,52.2126,2025-07-04T11:21:00,9.97
0.746,52.2126,2025-08-01T11:35:00,9.08
0.746,52.2126,2025-09-22T14:19:00,8.67
0.746,52.2126,2025-10-13T13:46:00,9
0.746,52.2126,2025-11-05T09:54:00,8.32
0.746,52.2126,2025-12-04T10:27:00,16
0.7298,52.2363,2025-01-08T11:47:00,13
0.7298,52.2363,2025-02-10T14:22:00,9.93
0.7298,52.2363,2025-03-03T13:42:00,11
0.7298,52.2363,2025-04-03T14:41:00,9.36
0.7298,52.2363,2025-05-06T11:31:00,6.88
0.7298,52.2363,2025-06-03T15:31:00,0.862
0.7298,52.2363,2025-08-01T13:02:00,0.248
0.7298,52.2363,2025-09-04T14:30:00,0.55
0.7298,52.2363,2025-10-06T12:40:00,0.193
0.7298,52.2363,2025-11-04T10:11:00,<0.196
0.7298,52.2363,2025-12-04T12:13:00,16
0.7124,52.2619,2025-01-20T11:13:00,8.15
0.7124,52.2619,2025-02-10T14:38:00,8.46
0.7124,52.2619,2025-03-03T14:04:00,9.47
0.7124,52.2619,2025-04-03T14:56:00,6.78
0.7124,52.2619,2025-05-09T12:08:00,6.05
0.7124,52.2619,2025-06-03T15:45:00,2.36
0.7124,52.2619,2025-07-04T13:06:00,6.62
0.7124,52.2619,2025-08-12T13:10:00,6.63
0.7124,52.2619,2025-09-22T15:21:00,6.63
0.7124,52.2619,2025-10-13T14:54:00,6.63
0.7124,52.2619,2025-11-06T13:47:00,5.02
0.7124,52.2619,2025-12-04T12:28:00,11
0.6987,52.2775,2025-01-09T13:44:00,9.65
0.6987,52.2775,2025-02-10T14:53:00,7.74
0.6987,52.2775,2025-03-07T13:37:00,7.74
0.6987,52.2775,2025-04-01T10:51:00,6.13
0.6987,52.2775,2025-05-06T13:14:00,4.41
0.6987,52.2775,2025-06-03T15:59:00,4.23
0.6987,52.2775,2025-07-04T13:23:00,4.69
0.6987,52.2775,2025-08-01T13:32:00,4.53
0.6987,52.2775,2025-09-17T12:42:00,3.14
0.6987,52.2775,2025-10-13T15:34:00,4.33
0.6987,52.2775,2025-11-07T15:15:00,3.74
0.6987,52.2775,2025-12-04T12:44:00,8.82
0.6836,52.2886,2025-01-08T12:03:00,12
0.6836,52.2886,2025-02-07T13:18:00,10.9
0.6836,52.2886,2025-03-07T13:49:00,11.9
0.6836,52.2886,2025-04-01T11:19:00,8.9
0.6836,52.2886,2025-05-06T12:28:00,8.47
0.6836,52.2886,2025-06-09T15:28:00,10.8
0.6836,52.2886,2025-07-04T13:54:00,11.9
0.6836,52.2886,2025-08-12T13:29:00,10.9
0.6836,52.2886,2025-09-05T13:37:00,8.52
0.6836,52.2886,2025-10-06T13:43:00,10.9
0.6836,52.2886,2025-11-06T14:04:00,10.9
0.6836,52.2886,2025-12-02T13:55:00,9.9
0.4605,52.3456,2025-01-23T11:11:00,11.9
0.4605,52.3456,2025-02-11T16:08:00,12
0.4605,52.3456,2025-03-10T11:00:00,12
0.4605,52.3456,2025-11-11T11:37:00,10.9
0.4605,52.3456,2025-11-18T12:45:00,11
0.4605,52.3456,2025-12-03T11:58:00,11
0.4605,52.3456,2025-12-15T11:27:00,12
0.7228,52.2398,2025-01-08T11:18:00,9.93
0.7228,52.2398,2025-02-03T13:59:00,7.08
0.7228,52.2398,2025-03-03T13:26:00,6.69
0.7228,52.2398,2025-04-03T14:27:00,2.49
0.7228,52.2398,2025-05-01T12:34:00,1.97
0.7228,52.2398,2025-06-06T12:27:00,<0.196
0.7228,52.2398,2025-07-04T12:40:00,0.194
0.7228,52.2398,2025-09-04T14:18:00,0.365
0.7228,52.2398,2025-12-02T13:13:00,<0.196
0.668,52.3034,2025-01-08T12:18:00,11
0.668,52.3034,2025-01-14T10:30:00,9.97
0.668,52.3034,2025-01-20T10:55:00,6.35
0.668,52.3034,2025-01-27T10:56:00,6.17
0.668,52.3034,2025-02-07T13:04:00,6.78
0.668,52.3034,2025-02-10T15:29:00,6.78
0.668,52.3034,2025-02-18T09:34:00,6.18
0.668,52.3034,2025-02-24T11:00:00,5.78
0.668,52.3034,2025-03-07T14:05:00,6.88
0.668,52.3034,2025-03-11T11:43:00,6.38
0.668,52.3034,2025-03-17T12:10:00,6.48
0.668,52.3034,2025-03-24T11:25:00,5.48
0.668,52.3034,2025-04-03T15:15:00,4.48
0.668,52.3034,2025-04-16T11:20:00,4.87
0.668,52.3034,2025-04-22T11:24:00,4.47
0.668,52.3034,2025-05-02T16:12:00,4.26
0.668,52.3034,2025-05-06T12:44:00,4.35
0.668,52.3034,2025-05-12T12:52:00,4.45
0.668,52.3034,2025-05-23T13:42:00,5.35
0.668,52.3034,2025-05-27T11:55:00,4.75
0.668,52.3034,2025-06-02T14:51:00,3.85
0.668,52.3034,2025-06-09T10:12:00,4.05
0.668,52.3034,2025-06-17T12:12:00,3.55
0.668,52.3034,2025-06-23T10:56:00,3.14
0.668,52.3034,2025-07-04T14:11:00,3.12
0.668,52.3034,2025-07-07T15:00:00,2.41
0.668,52.3034,2025-07-18T10:48:00,3.03
0.668,52.3034,2025-07-21T10:11:00,3.4
0.6071,52.2409,2025-01-10T15:21:00,12
0.6071,52.2409,2025-01-14T10:15:00,9.99
0.6071,52.2409,2025-01-22T11:11:00,9.79
0.6071,52.2409,2025-01-27T10:31:00,14
0.6071,52.2409,2025-02-05T11:11:00,12
0.6071,52.2409,2025-02-10T12:10:00,9.59
0.6071,52.2409,2025-02-18T09:06:00,11
0.6071,52.2409,2025-02-24T10:31:00,9.18
0.6071,52.2409,2025-03-04T11:09:00,12
0.6071,52.2409,2025-03-11T10:15:00,11
0.6071,52.2409,2025-03-17T11:40:00,9.79
0.6071,52.2409,2025-03-24T10:33:00,8.88
0.6071,52.2409,2025-04-04T10:19:00,7.68
0.6071,52.2409,2025-04-16T10:49:00,5.75
0.6071,52.2409,2025-04-22T10:59:00,4.78
0.6071,52.2409,2025-11-17T13:58:00,21.9
0.6071,52.2409,2025-11-26T10:08:00,21
0.6071,52.2409,2025-12-01T10:25:00,18
0.6071,52.2409,2025-12-08T11:40:00,28
0.6071,52.2409,2025-12-15T10:47:00,19
0.5996,52.313,2025-01-10T15:58:00,13
0.5996,52.313,2025-02-10T15:48:00,13
0.5996,52.313,2025-03-06T11:55:00,13
0.5996,52.313,2025-04-02T11:31:00,13
0.5996,52.313,2025-05-07T10:40:00,13
0.5996,52.313,2025-06-03T16:24:00,13
0.5996,52.313,2025-07-07T13:18:00,13
0.5996,52.313,2025-08-11T14:40:00,13
0.5996,52.313,2025-09-08T13:50:00,13
0.5996,52.313,2025-10-06T14:37:00,13
0.5996,52.313,2025-11-07T11:07:00,12
0.5996,52.313,2025-12-01T13:16:00,12
0.54,52.3261,2025-04-16T12:29:00,20
0.54,52.3261,2025-05-16T09:04:00,19
0.54,52.3261,2025-06-06T13:56:00,19
0.54,52.3261,2025-07-10T11:56:00,22.9
0.54,52.3261,2025-08-08T09:13:00,21
0.54,52.3261,2025-09-08T14:16:00,19
0.54,52.3261,2025-10-16T13:24:00,22
0.54,52.3261,2025-11-07T10:33:00,24.9
0.4378,52.3326,2025-01-23T10:53:00,12
0.4378,52.3326,2025-04-03T11:48:00,12
0.4378,52.3326,2025-05-06T12:07:00,11
0.4378,52.3326,2025-06-04T11:27:00,10.9
0.4378,52.3326,2025-08-12T14:51:00,7.68
0.4378,52.3326,2025-09-17T11:14:00,6.58
0.4378,52.3326,2025-10-16T12:19:00,7.49
0.4378,52.3326,2025-11-11T11:23:00,6.79
0.4378,52.3326,2025-12-02T15:21:00,11
0.407,52.3299,2025-04-28T14:52:00,16.228
0.8789,52.231,2025-01-10T14:37:00,9.27
0.8789,52.231,2025-01-16T14:03:00,8.03
0.8789,52.231,2025-01-24T10:58:00,6.72
0.8789,52.231,2025-01-30T13:19:00,9.97
0.8789,52.231,2025-02-05T11:07:00,7.65
0.8789,52.231,2025-02-14T11:17:00,7.75
0.8789,52.231,2025-02-21T10:13:00,7.12
0.8789,52.231,2025-02-26T13:03:00,9.36
0.8789,52.231,2025-03-07T12:53:00,7.32
0.8789,52.231,2025-03-12T11:04:00,7.32
0.8789,52.231,2025-03-18T12:37:00,7.13
0.8789,52.231,2025-03-25T12:08:00,6.39
0.8789,52.231,2025-04-01T12:32:00,6.25
0.8789,52.231,2025-04-07T11:36:00,5.17
0.8789,52.231,2025-04-14T11:31:00,5.43
0.8789,52.231,2025-04-22T11:06:00,5.23
0.8789,52.231,2025-05-01T12:27:00,5.85
0.8789,52.231,2025-05-08T13:25:00,7.37
0.8789,52.231,2025-05-12T12:18:00,7.13
0.8789,52.231,2025-05-22T12:09:00,6.27
0.8789,52.231,2025-05-30T13:13:00,4.06
0.8789,52.231,2025-06-06T10:03:00,4.53
0.8789,52.231,2025-06-12T11:49:00,3.53
0.8789,52.231,2025-07-23T13:36:00,1.96
0.8789,52.231,2025-08-05T14:41:00,0.78
0.8789,52.231,2025-10-08T10:36:00,0.17
0.8789,52.231,2025-10-14T12:19:00,<0.196
0.8789,52.231,2025-10-27T12:49:00,1.08
0.8789,52.231,2025-11-03T10:39:00,1.35
0.8789,52.231,2025-11-12T10:52:00,0.468
0.8789,52.231,2025-11-20T10:37:00,11.9
0.8789,52.231,2025-11-27T09:55:00,15.9
0.8789,52.231,2025-12-03T13:01:00,13.8
0.8789,52.231,2025-12-09T11:02:00,14
0.8789,52.231,2025-12-17T10:23:00,13.9
0.8789,52.231,2025-12-30T10:38:00,12.9
0.8426,52.3272,2025-01-10T09:55:00,11
0.8426,52.3272,2025-02-04T13:52:00,9.86
0.8426,52.3272,2025-03-05T09:24:00,9.07
0.8426,52.3272,2025-04-03T11:27:00,9.18
0.8426,52.3272,2025-05-23T13:15:00,7.97
0.8426,52.3272,2025-06-06T10:27:00,6.48
0.8426,52.3272,2025-07-04T12:51:00,6.38
0.8426,52.3272,2025-08-12T08:50:00,7.58
0.8426,52.3272,2025-09-05T12:15:00,5.79
0.8426,52.3272,2025-10-07T10:18:00,6.99
0.8426,52.3272,2025-11-12T10:04:00,5.29
0.8426,52.3272,2025-12-03T12:19:00,8.08
0.784,52.3753,2025-01-28T10:19:00,8.26
0.784,52.3753,2025-03-05T09:02:00,8.77
0.784,52.3753,2025-04-03T10:53:00,7.85
0.784,52.3753,2025-05-23T13:36:00,5.03
0.784,52.3753,2025-06-06T10:48:00,3.83
0.784,52.3753,2025-07-08T11:42:00,0.904
0.784,52.3753,2025-08-29T11:54:00,0.562
0.784,52.3753,2025-09-19T10:03:00,1.86
0.784,52.3753,2025-10-07T09:41:00,3.55
0.784,52.3753,2025-11-03T13:03:00,4.14
0.784,52.3753,2025-12-03T12:27:00,8.25
0.8982,52.235,2025-01-31T13:57:00,18
0.8982,52.235,2025-02-14T11:30:00,14
0.8982,52.235,2025-03-07T13:15:00,14.9
0.8822,52.2363,2025-01-31T13:35:00,15.9
0.8822,52.2363,2025-02-21T10:20:00,18.9
0.8822,52.2363,2025-03-07T13:01:00,18.9
0.8822,52.2363,2025-04-07T11:08:00,36
0.8822,52.2363,2025-05-12T12:28:00,45.9
0.8822,52.2363,2025-07-23T13:23:00,15.9
0.8822,52.2363,2025-08-12T09:26:00,41.9
0.8822,52.2363,2025-09-02T12:49:00,41.9
0.8822,52.2363,2025-10-02T15:07:00,42.9
0.8822,52.2363,2025-11-14T11:43:00,10.9
0.8822,52.2363,2025-12-03T13:04:00,24.8
0.8556,52.2792,2025-03-14T12:45:00,8.58
0.8556,52.2792,2025-04-01T12:18:00,6.78
0.8556,52.2792,2025-04-28T09:40:00,6.97
0.8556,52.2792,2025-05-12T12:01:00,4.23
0.8556,52.2792,2025-08-29T14:04:00,1.01
0.8556,52.2792,2025-11-13T10:37:00,1.36
0.8556,52.2792,2025-11-27T09:38:00,9.47
0.8556,52.2792,2025-12-09T10:22:00,14
0.8556,52.2792,2025-12-15T12:32:00,12
0.9202,52.3029,2025-02-04T12:29:00,15
0.9202,52.3029,2025-02-21T10:43:00,14
0.9202,52.3029,2025-03-05T10:10:00,14
0.9543,52.373,2025-01-29T08:41:00,12
0.9543,52.373,2025-02-13T11:18:00,7.91
0.9543,52.373,2025-03-07T10:09:00,7.88
0.9543,52.373,2025-04-23T10:14:00,7.18
0.9543,52.373,2025-10-09T10:06:00,7.11
0.9543,52.373,2025-11-05T11:30:00,5.9
0.9543,52.373,2025-12-02T10:07:00,7.3
0.8979,52.3879,2025-01-02T13:33:00,7.48
0.8979,52.3879,2025-02-05T11:59:00,9.02
0.8979,52.3879,2025-03-07T09:31:00,8.41
0.8731,52.39,2025-01-02T13:22:00,7.32
0.8731,52.39,2025-02-05T12:06:00,9.13
0.8731,52.39,2025-03-07T09:42:00,8.32
0.8731,52.39,2025-04-23T10:00:00,7.24
0.8731,52.39,2025-10-20T10:10:00,9.59
0.8731,52.39,2025-11-05T11:06:00,9.58
0.8731,52.39,2025-12-02T10:25:00,6.77
0.7803,52.3871,2025-01-20T11:41:00,7.74
0.7803,52.3871,2025-02-03T14:54:00,8.55
0.7803,52.3871,2025-03-11T12:09:00,7.96
0.7803,52.3871,2025-04-04T11:21:00,7.08
0.7803,52.3871,2025-05-12T14:19:00,5.97
0.7803,52.3871,2025-06-05T13:03:00,4.97
0.7803,52.3871,2025-07-07T15:47:00,5.27
0.7803,52.3871,2025-08-07T09:37:00,5.98
0.7803,52.3871,2025-09-05T14:19:00,5.69
0.7803,52.3871,2025-10-28T08:21:00,7.79
0.7803,52.3871,2025-11-07T13:15:00,7.56
0.7803,52.3871,2025-12-09T12:19:00,7.69
0.9644,52.364,2025-01-29T08:50:00,15
0.9644,52.364,2025-02-13T12:10:00,9.96
0.9644,52.364,2025-03-07T10:50:00,11
0.9644,52.364,2025-10-10T11:26:00,<0.196
0.9644,52.364,2025-11-05T11:55:00,<0.196
0.9644,52.364,2025-11-05T11:56:00,<0.196
0.9644,52.364,2025-11-25T13:19:00,17.9
0.9644,52.364,2025-12-02T10:15:00,13.9
0.9644,52.364,2025-12-15T12:35:00,15.9
0.7537,52.4084,2025-01-15T14:16:00,8.55
0.7537,52.4084,2025-02-04T15:31:00,9.56
0.7537,52.4084,2025-03-07T15:57:00,8.78
0.7537,52.4084,2025-04-04T11:48:00,8.49
0.7537,52.4084,2025-05-08T13:39:00,7.78
0.7537,52.4084,2025-06-11T10:42:00,6.88
0.7537,52.4084,2025-07-15T14:55:00,8.48
0.7537,52.4084,2025-08-08T08:25:00,7.39
0.7537,52.4084,2025-09-05T14:45:00,5.79
0.7537,52.4084,2025-10-28T08:36:00,8.19
0.7537,52.4084,2025-11-07T13:37:00,9.48
0.7537,52.4084,2025-12-04T13:27:00,8.89
1.0009,52.5193,2025-01-28T08:57:00,12
1.0009,52.5193,2025-02-13T10:25:00,7.98
1.0009,52.5193,2025-03-06T12:42:00,8.97
1.0009,52.5193,2025-11-20T12:16:00,7.43
1.0009,52.5193,2025-12-04T13:11:00,16.9
1.0009,52.5193,2025-12-18T09:48:00,11.9
0.9814,52.5135,2025-01-24T11:49:00,13.8
0.9814,52.5135,2025-02-07T12:45:00,16.9
0.9814,52.5135,2025-03-07T08:31:00,11.9
0.9814,52.5135,2025-04-08T12:19:00,20.9
0.9814,52.5135,2025-05-09T09:57:00,14.9
0.9814,52.5135,2025-06-24T11:59:00,19.9
0.9814,52.5135,2025-07-15T11:33:00,22
0.9814,52.5135,2025-08-06T12:54:00,26
0.9814,52.5135,2025-09-05T12:27:00,21
0.9814,52.5135,2025-10-03T10:51:00,31
0.9814,52.5135,2025-11-07T10:00:00,18.9
0.9814,52.5135,2025-12-03T13:34:00,18.9
0.9394,52.493,2025-01-28T09:16:00,8.64
0.9394,52.493,2025-02-13T10:45:00,8.06
0.9394,52.493,2025-03-03T12:50:00,8.47
0.8774,52.4334,2025-01-28T09:58:00,8.54
0.8774,52.4334,2025-02-20T08:52:00,9.95
0.8774,52.4334,2025-03-07T09:09:00,9.64
0.8774,52.4334,2025-04-03T10:29:00,11
0.8774,52.4334,2025-05-08T12:14:00,11
0.8774,52.4334,2025-06-18T09:43:00,11
0.8774,52.4334,2025-07-02T10:26:00,12
0.8774,52.4334,2025-08-29T10:33:00,12
0.8774,52.4334,2025-09-19T09:23:00,11
0.8774,52.4334,2025-10-20T09:21:00,12
0.8774,52.4334,2025-11-03T12:08:00,12
0.8774,52.4334,2025-12-02T10:07:00,9.93
0.7533,52.4093,2025-01-20T14:01:00,10.9
0.7533,52.4093,2025-02-04T15:25:00,9.94
0.7533,52.4093,2025-03-07T16:07:00,9.57
0.981,52.4958,2025-01-02T14:29:00,8.9
0.981,52.4958,2025-02-05T10:29:00,7.91
0.981,52.4958,2025-03-06T12:29:00,7.46
0.981,52.4958,2025-04-08T10:41:00,11
0.981,52.4958,2025-11-07T10:13:00,19.9
0.981,52.4958,2025-12-02T12:26:00,11.9
0.981,52.4958,2025-12-11T10:00:00,15.9
0.7206,52.4202,2025-01-20T14:29:00,9.83
0.7206,52.4202,2025-02-04T15:55:00,9.94
0.7206,52.4202,2025-03-11T13:17:00,9.87
0.7206,52.4202,2025-11-07T14:06:00,10.9
0.7206,52.4202,2025-11-20T10:10:00,9.15
0.7206,52.4202,2025-12-04T13:56:00,9.95
0.7206,52.4202,2025-12-15T12:33:00,10.9
0.6736,52.4584,2025-01-07T12:49:00,9.54
0.6736,52.4584,2025-02-06T15:19:00,11
0.6736,52.4584,2025-03-17T09:10:00,9.36
0.5356,52.4511,2025-01-23T11:50:00,9.34
0.5356,52.4511,2025-02-11T15:31:00,9.55
0.5356,52.4511,2025-03-10T15:01:00,9.26
0.5356,52.4511,2025-11-03T13:51:00,7.96
0.5356,52.4511,2025-11-20T10:09:00,7.26
0.5356,52.4511,2025-12-05T14:22:00,9.55
0.5356,52.4511,2025-12-15T13:09:00,10.9
0.8378,52.6445,2025-01-27T11:43:00,12
0.8378,52.6445,2025-02-13T10:39:00,9.99
0.8378,52.6445,2025-03-07T10:57:00,11
0.8378,52.6445,2025-04-04T08:13:00,7.96
0.8378,52.6445,2025-05-07T08:23:00,3.48
0.8378,52.6445,2025-06-17T12:20:00,4.25
0.8378,52.6445,2025-07-07T09:50:00,3.63
0.8378,52.6445,2025-08-05T10:13:00,3.62
0.8378,52.6445,2025-09-08T08:44:00,2.96
0.8378,52.6445,2025-10-07T12:18:00,3.31
0.8378,52.6445,2025-11-07T11:41:00,3.5
0.8378,52.6445,2025-12-05T09:13:00,16
0.6966,52.5563,2025-01-09T10:19:00,9.95
0.6966,52.5563,2025-02-04T08:39:00,9.96
0.6966,52.5563,2025-03-03T10:35:00,9.77
0.6966,52.5563,2025-04-04T12:09:00,13
0.6966,52.5563,2025-10-07T10:50:00,12
0.6966,52.5563,2025-11-03T09:38:00,17
0.6966,52.5563,2025-12-01T08:15:00,11.9
0.6631,52.518,2025-01-15T13:47:00,8.17
0.6631,52.518,2025-02-06T14:55:00,8.48
0.6631,52.518,2025-03-11T10:20:00,7.78
0.6631,52.518,2025-04-07T13:21:00,8.58
0.6631,52.518,2025-08-04T11:20:00,8.19
0.6631,52.518,2025-09-09T14:29:00,7.69
0.6631,52.518,2025-10-15T09:22:00,9.29
0.6631,52.518,2025-11-11T13:32:00,8.78
0.6631,52.518,2025-12-09T11:06:00,11
0.6095,52.5397,2025-01-20T14:59:00,7.96
0.6095,52.5397,2025-02-07T08:10:00,8.57
0.6095,52.5397,2025-03-11T10:02:00,7.58
0.6095,52.5397,2025-04-01T13:39:00,7.88
0.6095,52.5397,2025-05-12T08:21:00,8.08
0.6095,52.5397,2025-06-02T16:29:00,6.88
0.6095,52.5397,2025-07-11T12:48:00,7.68
0.6095,52.5397,2025-08-05T11:09:00,7.39
0.6095,52.5397,2025-09-04T10:33:00,7.69
0.6095,52.5397,2025-10-21T12:39:00,8.39
0.6095,52.5397,2025-11-03T09:53:00,8.38
0.6095,52.5397,2025-12-01T08:00:00,9.57
0.8088,52.5744,2025-01-03T12:54:00,6.47
0.8088,52.5744,2025-02-04T09:27:00,7.27
0.8088,52.5744,2025-03-07T10:29:00,6.87
0.761,52.5728,2025-01-03T13:07:00,9.67
0.761,52.5728,2025-02-04T09:44:00,9.16
0.761,52.5728,2025-03-03T11:08:00,8.68
0.761,52.5728,2025-04-04T11:48:00,11
0.761,52.5728,2025-08-04T08:42:00,14.9
0.761,52.5728,2025-09-08T11:34:00,21.9
0.761,52.5728,2025-10-03T10:40:00,23.8
0.761,52.5728,2025-12-01T08:44:00,13
0.8501,52.5313,2025-01-27T13:12:00,5.17
0.8501,52.5313,2025-02-13T10:05:00,6.44
0.8501,52.5313,2025-03-07T09:56:00,6.97
0.8501,52.5313,2025-04-04T09:03:00,4.97
0.8501,52.5313,2025-05-12T09:41:00,6.92
0.8501,52.5313,2025-06-03T10:24:00,7.02
0.8501,52.5313,2025-07-07T10:55:00,7.85
0.8501,52.5313,2025-08-04T09:22:00,9.36
0.8501,52.5313,2025-09-08T09:47:00,8.28
0.8501,52.5313,2025-10-03T09:41:00,7.83
0.8501,52.5313,2025-11-07T10:53:00,5.47
0.8501,52.5313,2025-12-03T09:27:00,11
0.9058,52.576,2025-01-27T12:49:00,6.08
0.9058,52.576,2025-02-13T09:14:00,5.28
0.9058,52.576,2025-03-11T12:37:00,4.58
0.9058,52.576,2025-04-04T11:02:00,1.28
0.9058,52.576,2025-05-12T10:19:00,<0.196
0.9058,52.576,2025-06-12T13:21:00,0.195
0.9058,52.576,2025-12-01T09:13:00,11.9
0.5357,52.5806,2025-01-20T15:28:00,15
0.5357,52.5806,2025-02-11T15:00:00,15
0.5357,52.5806,2025-03-11T09:42:00,15
0.5357,52.5806,2025-04-01T09:18:00,15
0.5357,52.5806,2025-05-06T08:43:00,15
0.5357,52.5806,2025-06-05T15:35:00,14
0.5357,52.5806,2025-07-11T12:07:00,11
0.5357,52.5806,2025-08-04T12:41:00,11
0.5357,52.5806,2025-09-04T08:03:00,9.87
0.5357,52.5806,2025-10-07T10:12:00,9.77
0.5357,52.5806,2025-11-05T10:44:00,9.27
0.5357,52.5806,2025-12-05T11:56:00,15
0.5724,52.6031,2025-01-02T12:40:00,17
0.5724,52.6031,2025-02-11T10:08:00,17
0.5724,52.6031,2025-03-03T10:15:00,18
0.5724,52.6031,2025-04-01T09:04:00,18
0.5724,52.6031,2025-05-06T08:25:00,17
0.5724,52.6031,2025-06-18T09:44:00,15.9
0.5724,52.6031,2025-07-02T10:07:00,14.9
0.5724,52.6031,2025-08-04T08:09:00,11.9
0.39,52.5629,2025-01-20T16:38:00,9.36
0.39,52.5629,2025-02-05T08:31:00,12
0.39,52.5629,2025-03-06T17:54:00,9.18
0.39,52.5629,2025-04-07T12:13:00,8.86
0.39,52.5629,2025-05-06T10:33:00,7.77
0.39,52.5629,2025-06-05T16:15:00,6.35
0.39,52.5629,2025-07-08T13:38:00,4.05
0.39,52.5629,2025-08-06T11:20:00,1.58
0.39,52.5629,2025-09-03T08:41:00,0.309
0.39,52.5629,2025-10-28T11:48:00,4.74
0.39,52.5629,2025-11-11T12:22:00,4.77
0.39,52.5629,2025-12-04T15:17:00,9.01
0.5186,52.5665,2025-01-20T15:15:00,9.76
0.5186,52.5665,2025-02-07T14:37:00,9.88
0.5186,52.5665,2025-03-07T08:02:00,8.88
0.5186,52.5665,2025-04-07T12:33:00,9.88
0.5186,52.5665,2025-05-06T08:55:00,8.88
0.5186,52.5665,2025-06-05T15:25:00,8.38
0.5186,52.5665,2025-07-08T11:46:00,6.18
0.5186,52.5665,2025-08-04T12:28:00,5.79
0.5186,52.5665,2025-09-05T11:31:00,6.39
0.5186,52.5665,2025-11-05T10:57:00,7.68
0.5186,52.5665,2025-12-01T10:28:00,9.87
0.3439,52.5827,2025-01-28T16:44:00,11.9
0.3439,52.5827,2025-02-18T08:40:00,12
0.3439,52.5827,2025-03-11T09:04:00,11
0.3439,52.5827,2025-04-23T11:43:00,8.97
0.3439,52.5827,2025-05-09T07:56:00,9.17
0.3439,52.5827,2025-06-12T08:37:00,8.77
0.3439,52.5827,2025-07-16T13:47:00,4.75
0.3439,52.5827,2025-08-11T09:50:00,3.46
0.3439,52.5827,2025-09-17T14:03:00,5.89
0.3439,52.5827,2025-10-30T10:18:00,8.85
0.3439,52.5827,2025-11-20T12:15:00,10.9
0.3439,52.5827,2025-12-09T10:12:00,11.9
0.0049,52.3805,2025-04-09T12:02:00,31.8
0.0049,52.3805,2025-10-20T12:04:00,33.8
0.0049,52.3805,2025-11-05T12:07:00,30.9
0.0049,52.3805,2025-12-04T10:25:00,26.8
0.1617,52.4504,2025-01-22T11:55:00,6.14
0.1617,52.4504,2025-02-06T12:57:00,6.65
0.1617,52.4504,2025-03-06T15:40:00,6.85
0.1617,52.4504,2025-04-23T11:26:00,3.19
0.1617,52.4504,2025-05-14T10:56:00,1.46
0.1617,52.4504,2025-06-10T15:03:00,1.47
0.1617,52.4504,2025-07-17T13:16:00,0.314
0.1617,52.4504,2025-08-15T10:45:00,<0.196
0.1617,52.4504,2025-09-09T15:19:00,<0.196
0.1617,52.4504,2025-10-24T11:43:00,<0.196
0.1617,52.4504,2025-11-17T13:30:00,9.46
0.1617,52.4504,2025-12-09T14:51:00,11.9
0.0139,52.3838,2025-01-22T12:34:00,19.8
0.0139,52.3838,2025-02-10T12:35:00,17.9
0.0139,52.3838,2025-03-03T15:48:00,16.9
0.0139,52.3838,2025-04-02T15:01:00,30.8
0.0139,52.3838,2025-05-06T12:38:00,26.5
0.0139,52.3838,2025-06-04T09:05:00,32.9
0.0139,52.3838,2025-07-15T09:55:00,36.5
0.0139,52.3838,2025-08-15T09:34:00,34.9
0.0139,52.3838,2025-09-04T10:39:00,17.9
0.0139,52.3838,2025-10-10T09:58:00,30.9
0.0139,52.3838,2025-11-05T12:19:00,27.9
0.0139,52.3838,2025-12-01T12:35:00,23.7
-0.1328,52.5543,2025-01-16T11:45:00,5.75
-0.1328,52.5543,2025-02-18T10:46:00,3.39
-0.1328,52.5543,2025-03-07T13:40:00,2.69
-0.1328,52.5543,2025-04-22T09:01:00,7.17
-0.1328,52.5543,2025-10-24T12:38:00,9.75
-0.1328,52.5543,2025-11-10T13:28:00,7.46
-0.1328,52.5543,2025-12-09T10:17:00,5.08
-0.111,52.5432,2025-01-24T12:47:00,5.74
-0.111,52.5432,2025-02-18T10:59:00,4.68
-0.111,52.5432,2025-03-13T12:01:00,5.58
-0.111,52.5432,2025-04-28T12:07:00,7.46
-0.111,52.5432,2025-05-14T12:36:00,7.86
-0.111,52.5432,2025-06-09T10:54:00,7.46
-0.111,52.5432,2025-07-09T12:40:00,6.45
-0.111,52.5432,2025-08-11T12:20:00,5.28
-0.111,52.5432,2025-09-09T10:35:00,6.37
-0.111,52.5432,2025-10-24T12:25:00,9.66
-0.111,52.5432,2025-11-12T13:14:00,7.06
-0.111,52.5432,2025-12-09T10:25:00,7.71
-0.1491,52.3739,2025-01-02T10:02:00,13
-0.1491,52.3739,2025-01-10T13:09:00,14
-0.1491,52.3739,2025-01-16T12:07:00,12
-0.1491,52.3739,2025-01-20T14:08:00,11
-0.1491,52.3739,2025-01-27T09:59:00,15
-0.1491,52.3739,2025-02-10T11:31:00,15
-0.1491,52.3739,2025-02-17T09:28:00,16
-0.1491,52.3739,2025-02-20T10:22:00,13
-0.1491,52.3739,2025-02-24T15:15:00,9.98
-0.1491,52.3739,2025-03-05T15:18:00,12
-0.1491,52.3739,2025-03-11T13:37:00,9.48
-0.1491,52.3739,2025-03-17T11:12:00,7.68
-0.1491,52.3739,2025-03-24T11:49:00,5.78
-0.1491,52.3739,2025-04-01T14:32:00,6.07
-0.1491,52.3739,2025-04-07T14:31:00,4.08
-0.1491,52.3739,2025-04-16T13:02:00,0.93
-0.1491,52.3739,2025-04-22T11:43:00,1.19
-0.1491,52.3739,2025-05-01T09:25:00,1.14
-0.1491,52.3739,2025-05-08T15:42:00,0.39
-0.1491,52.3739,2025-05-22T09:31:00,0.367
-0.1491,52.3739,2025-05-27T10:11:00,0.201
-0.1491,52.3739,2025-06-04T15:38:00,<0.196
-0.1491,52.3739,2025-06-09T09:39:00,0.22
-0.1491,52.3739,2025-06-16T08:03:00,0.443
-0.1491,52.3739,2025-07-07T08:18:00,0.315
-0.1491,52.3739,2025-07-21T14:50:00,0.791
-0.1491,52.3739,2025-09-04T10:01:00,0.458
-0.1491,52.3739,2025-11-05T09:57:00,<0.196
-0.1491,52.3739,2025-11-14T10:04:00,1.58
-0.1491,52.3739,2025-11-17T12:12:00,10.8
-0.1491,52.3739,2025-11-24T16:07:00,15.9
-0.1491,52.3739,2025-12-04T10:50:00,16.9
-0.1491,52.3739,2025-12-11T14:31:00,22.9
-0.1491,52.3739,2025-12-15T13:36:00,18.9
-0.1091,52.4372,2025-01-23T10:14:00,14.9
-0.1091,52.4372,2025-02-10T11:12:00,15
-0.1091,52.4372,2025-03-11T13:39:00,14.9
-0.1091,52.4372,2025-04-01T14:56:00,14.9
-0.1091,52.4372,2025-05-08T15:22:00,21.9
-0.1091,52.4372,2025-06-09T10:03:00,9.94
-0.1091,52.4372,2025-07-17T15:13:00,17.9
-0.1091,52.4372,2025-08-11T13:09:00,18.9
-0.1091,52.4372,2025-09-09T09:38:00,16.9
-0.1091,52.4372,2025-10-20T12:45:00,27.9
-0.1091,52.4372,2025-11-14T09:43:00,5.13
-0.1091,52.4372,2025-12-09T13:03:00,26
-0.1843,52.4472,2025-01-23T09:30:00,12.9
-0.1843,52.4472,2025-02-06T10:32:00,8.29
-0.1843,52.4472,2025-03-11T14:01:00,13.9
-0.1843,52.4472,2025-04-07T14:04:00,8.67
-0.1843,52.4472,2025-05-08T15:02:00,4.28
-0.1843,52.4472,2025-06-09T10:20:00,1.28
-0.1843,52.4472,2025-07-07T10:50:00,<0.196
-0.1843,52.4472,2025-08-11T12:45:00,<0.196
-0.1843,52.4472,2025-09-09T10:10:00,<0.196
-0.1843,52.4472,2025-10-20T12:50:00,0.261
-0.1843,52.4472,2025-11-10T13:01:00,7.23
-0.1843,52.4472,2025-12-09T12:46:00,25.9
0.2607,52.6014,2025-01-24T15:56:00,9.93
0.2607,52.6014,2025-02-11T08:08:00,8.78
0.2607,52.6014,2025-03-11T14:49:00,6.58
0.2607,52.6014,2025-04-07T11:24:00,6.98
0.2607,52.6014,2025-05-06T10:58:00,5.57
0.2607,52.6014,2025-06-05T07:53:00,4.87
0.2607,52.6014,2025-07-01T13:59:00,3.35
0.2607,52.6014,2025-09-09T13:44:00,2.58
0.2607,52.6014,2025-10-22T08:40:00,2.79
0.2607,52.6014,2025-11-11T14:55:00,3.36
0.2607,52.6014,2025-12-08T12:28:00,6.55
0.249,52.5951,2025-04-30T11:09:00,5.36
0.249,52.5951,2025-05-14T08:41:00,4.76
0.249,52.5951,2025-05-14T09:02:00,4.76
0.249,52.5951,2025-05-21T10:21:00,4.47
0.249,52.5951,2025-06-05T08:21:00,5.17
0.249,52.5951,2025-06-17T14:31:00,4.36
0.249,52.5951,2025-07-01T14:34:00,4.04
0.249,52.5951,2025-07-15T09:32:00,2.16
0.249,52.5951,2025-08-14T10:48:00,2.08
0.249,52.5951,2025-08-21T09:12:00,1.79
0.249,52.5951,2025-09-09T13:01:00,3.17
0.249,52.5951,2025-09-16T13:44:00,2.38
0.249,52.5951,2025-10-16T12:49:00,3.78
0.249,52.5951,2025-10-22T08:51:00,3.88
0.249,52.5951,2025-11-03T11:59:00,4.77
0.249,52.5951,2025-11-20T13:04:00,3.6
0.249,52.5951,2025-12-08T13:24:00,11.7
0.249,52.5951,2025-12-15T14:10:00,14.7
0.4077,52.6022,2025-03-03T11:13:00,261.898
0.4077,52.6022,2025-05-22T13:09:00,294.238
0.4077,52.6022,2025-07-16T09:38:00,284.138
0.4077,52.6022,2025-09-08T12:26:00,293.078
0.4077,52.6022,2025-10-14T09:24:00,201.117
0.4077,52.6022,2025-10-31T10:09:00,328.905
0.4077,52.6022,2025-11-08T11:28:00,345.916
0.4077,52.6022,2025-12-15T15:58:00,313.094
0.5198,52.3804,2025-01-23T11:32:00,9.94
0.5198,52.3804,2025-02-06T16:08:00,11
0.5198,52.3804,2025-03-10T13:53:00,11
0.5198,52.3804,2025-04-28T11:35:00,9.22
0.5198,52.3804,2025-05-15T11:22:00,8.71
0.5198,52.3804,2025-06-09T15:59:00,8.92
0.5198,52.3804,2025-07-01T12:20:00,7.56
0.5198,52.3804,2025-08-12T14:24:00,6.13
0.5198,52.3804,2025-10-24T08:43:00,7.75
0.5198,52.3804,2025-11-20T09:51:00,9.56
0.5198,52.3804,2025-12-05T13:50:00,7.65
0.4887,52.4659,2025-04-10T10:17:00,12
0.4887,52.4659,2025-04-16T08:38:00,9.8
0.4887,52.4659,2025-04-22T13:41:00,8.35
0.4887,52.4659,2025-10-15T11:49:00,5.88
0.4887,52.4659,2025-10-21T10:18:00,7.69
0.4887,52.4659,2025-10-28T10:03:00,7.69
0.4887,52.4659,2025-11-03T13:34:00,8.69
0.4887,52.4659,2025-11-20T10:25:00,8.46
0.4887,52.4659,2025-11-26T12:39:00,8.36
0.4887,52.4659,2025-12-05T14:37:00,10.9
0.4887,52.4659,2025-12-08T10:28:00,10.9
0.4887,52.4659,2025-12-15T13:25:00,12.9
0.3917,52.5665,2025-01-20T16:27:00,10.9
0.3917,52.5665,2025-02-05T08:42:00,12
0.3917,52.5665,2025-03-06T17:44:00,9.97
0.3917,52.5665,2025-04-07T12:03:00,8.76
0.3917,52.5665,2025-05-06T10:22:00,8.86
0.3917,52.5665,2025-06-05T16:04:00,9.05
0.3917,52.5665,2025-07-01T13:36:00,5.26
0.3917,52.5665,2025-07-22T08:38:00,2.55
0.3917,52.5665,2025-08-11T08:32:00,2.27
0.3917,52.5665,2025-10-28T11:56:00,9.97
0.3627,52.6039,2025-01-07T10:30:00,10.9
0.3627,52.6039,2025-02-05T08:16:00,12
0.3627,52.6039,2025-03-11T07:56:00,11
0.3627,52.6039,2025-10-21T08:18:00,3.77
0.3627,52.6039,2025-11-03T11:15:00,4.76
0.3627,52.6039,2025-12-05T12:32:00,10.9
0.3789,52.688,2025-01-22T11:35:00,8.47
0.3789,52.688,2025-02-05T07:51:00,8.17
0.3789,52.688,2025-03-05T07:55:00,7.88
0.3789,52.688,2025-04-10T07:38:00,6.18
0.3789,52.688,2025-10-10T07:39:00,2.17
0.3789,52.688,2025-11-04T07:52:00,3.78
0.3789,52.688,2025-12-05T07:40:00,10.9
0.8215,52.7333,2025-01-27T11:15:00,5.28
0.8215,52.7333,2025-02-13T11:46:00,5.38
0.8215,52.7333,2025-03-04T09:04:00,5.79
0.8215,52.7333,2025-04-03T09:41:00,4.69
0.7941,52.7213,2025-01-14T12:13:00,8.4
0.7941,52.7213,2025-02-04T11:10:00,8.14
0.7941,52.7213,2025-03-04T09:19:00,8.06
0.7941,52.7213,2025-04-03T09:55:00,8.75
0.7941,52.7213,2025-08-05T09:39:00,5.77
0.7941,52.7213,2025-09-03T09:29:00,8.54
0.7941,52.7213,2025-10-03T11:46:00,14.9
0.7941,52.7213,2025-11-04T11:10:00,9.72
0.7941,52.7213,2025-12-03T10:43:00,7.55
0.7199,52.7185,2025-01-06T10:55:00,6.65
0.7199,52.7185,2025-02-04T10:49:00,7.23
0.7199,52.7185,2025-03-04T09:52:00,7.57
0.7199,52.7185,2025-04-28T12:44:00,5.37
0.7199,52.7185,2025-08-01T08:32:00,1.87
0.7199,52.7185,2025-09-03T10:35:00,2.03
0.7199,52.7185,2025-10-03T11:20:00,2.38
0.7199,52.7185,2025-11-04T10:36:00,2.77
0.7199,52.7185,2025-12-03T11:05:00,4.77
0.6906,52.7003,2025-01-09T09:41:00,9.78
0.6906,52.7003,2025-02-04T10:33:00,11
0.6906,52.7003,2025-03-04T10:08:00,9.99
0.6906,52.7003,2025-04-02T09:38:00,9.99
0.6906,52.7003,2025-08-01T09:13:00,9.98
0.6906,52.7003,2025-09-04T11:40:00,9.99
0.6906,52.7003,2025-10-02T10:49:00,11
0.6906,52.7003,2025-11-04T10:17:00,9.99
0.6906,52.7003,2025-12-10T08:50:00,8.38
0.6314,52.7008,2025-01-14T12:43:00,9.87
0.6314,52.7008,2025-02-07T10:32:00,9.98
0.6314,52.7008,2025-03-04T10:36:00,9.59
0.6314,52.7008,2025-04-02T08:57:00,9.69
0.6314,52.7008,2025-08-01T09:46:00,8.69
0.6314,52.7008,2025-09-05T10:54:00,8.59
0.6314,52.7008,2025-10-01T09:43:00,9.3
0.6314,52.7008,2025-11-04T09:58:00,8.8
0.6314,52.7008,2025-12-04T08:46:00,8.79
0.5487,52.6783,2025-01-22T12:11:00,9.56
0.5487,52.6783,2025-04-10T09:36:00,9.27
0.5487,52.6783,2025-05-09T08:58:00,8.76
0.5487,52.6783,2025-06-05T09:18:00,8.76
0.5487,52.6783,2025-07-02T09:19:00,8.28
0.5487,52.6783,2025-08-05T12:40:00,8.08
0.5487,52.6783,2025-09-04T12:27:00,7.88
0.5487,52.6783,2025-10-13T11:51:00,8.66
0.5487,52.6783,2025-11-03T08:10:00,8.66
0.5487,52.6783,2025-12-10T08:20:00,8.43
0.4,52.7363,2025-01-22T13:12:00,8.56
0.4,52.7363,2025-03-05T10:54:00,8.98
0.4,52.7363,2025-11-03T12:48:00,7.57
0.4,52.7363,2025-11-17T13:13:00,6.54
0.4689,52.7321,2025-01-02T11:16:00,4.88
0.4689,52.7321,2025-02-05T09:30:00,4.29
0.4689,52.7321,2025-03-07T12:50:00,3.39
0.4689,52.7321,2025-10-07T13:14:00,0.556
0.4689,52.7321,2025-11-06T13:57:00,1.78
0.4689,52.7321,2025-12-04T11:49:00,2.87
0.4051,52.7417,2025-01-22T12:51:00,3.98
0.4051,52.7417,2025-02-05T10:40:00,3.89
0.4051,52.7417,2025-03-04T13:56:00,3.89
0.419,52.7449,2025-01-24T11:37:00,3.69
0.419,52.7449,2025-02-11T13:05:00,3.98
0.419,52.7449,2025-03-03T13:32:00,7.09
0.419,52.7449,2025-04-07T14:28:00,3.89
0.419,52.7449,2025-10-01T11:01:00,1.19
0.419,52.7449,2025-11-06T14:18:00,1.49
0.419,52.7449,2025-12-04T13:49:00,6.15
0.5102,52.7555,2025-01-02T10:51:00,12
0.5102,52.7555,2025-02-05T09:46:00,13
0.5102,52.7555,2025-03-05T08:38:00,12
0.5102,52.7555,2025-10-01T08:14:00,4.59
0.5102,52.7555,2025-11-04T09:26:00,0.436
0.5102,52.7555,2025-12-04T09:19:00,11.9
0.4051,52.7577,2025-01-22T13:29:00,9.04
0.4051,52.7577,2025-02-05T10:16:00,8.64
0.4051,52.7577,2025-03-03T13:49:00,8.46
0.4051,52.7577,2025-04-01T13:29:00,9.95
0.4051,52.7577,2025-10-01T11:17:00,8.55
0.4051,52.7577,2025-11-03T13:02:00,5.92
0.4051,52.7577,2025-11-17T13:25:00,6.52
0.4051,52.7577,2025-12-03T12:08:00,8.82
0.4051,52.7577,2025-12-17T10:42:00,8.32
0.3536,52.8112,2025-04-09T14:55:00,6.27
0.3536,52.8112,2025-05-01T09:48:00,0.541
0.3536,52.8112,2025-06-10T16:36:00,2.16
0.3536,52.8112,2025-07-02T11:36:00,0.15
0.3536,52.8112,2025-08-14T11:01:00,0.095
0.3536,52.8112,2025-09-10T09:44:00,0.135
0.3536,52.8112,2025-10-09T17:57:00,2.34
0.3536,52.8112,2025-11-13T10:27:00,4.69
0.3536,52.8112,2025-12-11T09:32:00,5.41
0.4822,52.7977,2025-01-24T11:57:00,12
0.4822,52.7977,2025-02-07T12:32:00,13
0.4822,52.7977,2025-03-05T10:35:00,12
0.4822,52.7977,2025-07-22T09:18:00,13
0.4822,52.7977,2025-10-02T07:43:00,12
0.5362,52.8029,2025-01-06T10:11:00,13
0.5362,52.8029,2025-02-07T11:34:00,14
0.5362,52.8029,2025-03-03T09:01:00,14
0.5362,52.8029,2025-10-01T08:39:00,14
0.5362,52.8029,2025-11-06T10:31:00,14
0.5362,52.8029,2025-12-02T11:06:00,13
0.5006,52.8717,2025-01-24T12:34:00,15
0.5006,52.8717,2025-02-07T12:13:00,15
0.5006,52.8717,2025-03-05T09:54:00,15
0.5006,52.8717,2025-04-03T11:15:00,16
0.5006,52.8717,2025-08-05T08:00:00,15
0.5006,52.8717,2025-09-05T08:19:00,16
0.5006,52.8717,2025-10-02T08:49:00,16
0.5006,52.8717,2025-11-06T09:25:00,15.9
0.5006,52.8717,2025-12-04T10:37:00,15
0.5226,52.8646,2025-01-24T12:50:00,16
0.5226,52.8646,2025-02-11T11:28:00,15
0.5226,52.8646,2025-03-05T09:27:00,16
0.5418,52.9184,2025-02-12T11:05:00,359.218
0.5418,52.9184,2025-10-14T07:36:00,500.764
0.5936,52.8763,2025-04-03T08:31:00,484.748
0.5936,52.8763,2025-05-30T10:26:00,657.998
0.5936,52.8763,2025-08-07T11:16:00,1176.988
0.5936,52.8763,2025-11-14T07:44:00,545.384
0.5936,52.8763,2025-12-03T08:27:00,416.534
0.5042,52.9085,2025-01-24T12:17:00,13
0.5042,52.9085,2025-02-11T12:15:00,13
0.5042,52.9085,2025-03-05T10:07:00,13
0.825,51.8741,2025-02-18T10:02:00,<0.196
1.3197,52.7402,2025-02-26T12:59:00,8.8
0.8982,52.7284,2025-10-21T09:47:00,11
1.151,52.6998,2025-02-13T12:28:00,<0.196
1.6301,52.3437,2025-03-24T15:21:00,3
-0.4507,52.5938,2025-01-30T11:46:00,8.89
-0.4507,52.5938,2025-07-15T13:59:00,8
1.4513,52.1886,2025-01-02T10:35:00,9.06
1.4513,52.1886,2025-01-10T12:27:00,12
1.4513,52.1886,2025-01-15T11:30:00,6.27
1.4513,52.1886,2025-01-22T11:15:00,5.27
1.4513,52.1886,2025-01-29T11:45:00,12
1.4513,52.1886,2025-02-05T13:10:00,7.97
1.4513,52.1886,2025-02-12T11:20:00,14
1.4513,52.1886,2025-02-19T12:18:00,8.48
1.4513,52.1886,2025-02-25T11:40:00,15.9
1.4513,52.1886,2025-03-05T12:00:00,8.28
1.4513,52.1886,2025-03-12T12:21:00,4.88
1.4513,52.1886,2025-03-19T10:28:00,3.58
1.4513,52.1886,2025-03-27T11:19:00,2.39
1.4513,52.1886,2025-04-02T10:15:00,2.09
1.4513,52.1886,2025-04-09T10:31:00,2.09
1.4513,52.1886,2025-04-15T11:22:00,1.89
1.4513,52.1886,2025-04-23T11:45:00,1.89
1.4513,52.1886,2025-05-01T10:40:00,1.3
1.4513,52.1886,2025-05-07T12:07:00,1.7
1.4513,52.1886,2025-05-14T11:39:00,1.69
1.4513,52.1886,2025-05-22T11:20:00,1.69
1.4513,52.1886,2025-05-28T10:45:00,1.49
1.4513,52.1886,2025-06-03T10:24:00,1.29
1.4513,52.1886,2025-06-13T11:45:00,1.39
1.4513,52.1886,2025-06-18T13:10:00,1.98
1.4513,52.1886,2025-06-25T10:48:00,1.39
1.4513,52.1886,2025-07-02T12:40:00,1.29
1.4513,52.1886,2025-07-09T10:43:00,1.49
1.4513,52.1886,2025-07-11T11:35:00,1.29
1.4513,52.1886,2025-07-18T11:29:00,1.29
1.4513,52.1886,2025-07-22T10:15:00,1.49
1.4513,52.1886,2025-08-06T09:56:00,1.5
1.4513,52.1886,2025-08-11T12:40:00,1.5
1.4513,52.1886,2025-08-20T09:03:00,1.6
1.4513,52.1886,2025-08-26T09:57:00,1.5
1.4513,52.1886,2025-09-03T09:42:00,1.4
1.4513,52.1886,2025-09-09T09:48:00,1.5
1.4513,52.1886,2025-09-19T11:47:00,1.59
1.4513,52.1886,2025-09-23T10:16:00,1.6
1.4513,52.1886,2025-10-01T10:54:00,1.7
1.4513,52.1886,2025-10-07T09:41:00,1.59
1.4513,52.1886,2025-10-15T13:04:00,1.5
1.4513,52.1886,2025-10-21T09:49:00,1.49
1.4513,52.1886,2025-10-29T12:29:00,1.79
1.4513,52.1886,2025-11-05T12:03:00,1.39
1.4513,52.1886,2025-11-11T10:16:00,1.29
1.4513,52.1886,2025-11-18T10:57:00,11.9
1.4513,52.1886,2025-11-25T13:11:00,19
1.4513,52.1886,2025-12-03T09:49:00,14
1.4513,52.1886,2025-12-09T10:33:00,25
1.4513,52.1886,2025-12-17T11:08:00,10.9
1.4513,52.1886,2025-12-23T10:56:00,16
1.4718,52.1705,2025-01-28T13:30:00,15
1.4718,52.1705,2025-02-19T11:32:00,11
1.4718,52.1705,2025-03-06T10:49:00,9.48
1.4718,52.1705,2025-04-10T10:24:00,7.28
1.4718,52.1705,2025-05-07T11:06:00,7.28
1.4718,52.1705,2025-06-05T09:57:00,5.97
1.4718,52.1705,2025-07-02T12:03:00,6.26
1.4718,52.1705,2025-08-06T10:25:00,7.18
1.4718,52.1705,2025-09-09T09:13:00,6.58
1.4718,52.1705,2025-10-01T11:13:00,7.69
1.4718,52.1705,2025-11-11T10:51:00,6.68
1.4718,52.1705,2025-12-03T10:11:00,12.9
0.1518,52.6496,2025-02-11T09:03:00,<0.196
0.1518,52.6496,2025-03-11T15:27:00,<0.196
0.1518,52.6496,2025-04-11T08:05:00,0.176
0.1518,52.6496,2025-11-19T09:16:00,0.38
0.1518,52.6496,2025-12-04T13:14:00,0.594
-0.5816,52.3922,2025-01-07T09:57:00,8.08
-0.5816,52.3922,2025-02-05T13:28:00,8.47
-0.5816,52.3922,2025-03-05T11:57:00,8.07
-0.5816,52.3922,2025-05-06T13:52:00,6.19
-0.5816,52.3922,2025-06-10T10:30:00,4.99
-0.5816,52.3922,2025-07-04T09:47:00,5.49
-0.5816,52.3922,2025-08-26T09:29:00,4.4
-0.5816,52.3922,2025-09-09T11:08:00,4
-0.5816,52.3922,2025-10-09T09:58:00,3.69
-0.5816,52.3922,2025-11-11T09:26:00,2.29
-0.5816,52.3922,2025-12-02T15:28:00,16
0.3155,53.2591,2025-01-20T11:08:00,4.08
0.3155,53.2591,2025-02-07T08:32:00,4.89
0.3155,53.2591,2025-03-07T07:43:00,3.99
0.3155,53.2591,2025-05-08T09:59:00,<0.196
0.3155,53.2591,2025-06-03T07:49:00,<0.196
0.3155,53.2591,2025-07-09T08:29:00,0.196
0.3155,53.2591,2025-08-06T08:22:00,<0.196
0.3155,53.2591,2025-09-11T10:49:00,<0.196
0.3155,53.2591,2025-10-06T08:47:00,<0.196
0.3155,53.2591,2025-11-07T07:54:00,<0.196
0.3155,53.2591,2025-12-05T09:11:00,19.9
1.3592,52.8654,2025-01-29T13:53:00,9.09
1.3592,52.8654,2025-02-25T09:47:00,9.09
1.3592,52.8654,2025-03-26T12:17:00,9.09
1.3797,52.8501,2025-01-29T13:37:00,5.66
1.3797,52.8501,2025-02-25T09:56:00,6.06
1.3797,52.8501,2025-03-31T10:13:00,6.97
1.3797,52.8501,2025-04-29T13:09:00,8.32
1.3797,52.8501,2025-05-22T11:41:00,8.04
1.3797,52.8501,2025-06-10T11:51:00,6.87
1.3797,52.8501,2025-07-01T11:37:00,6.87
1.3797,52.8501,2025-08-05T10:58:00,6.27
1.3797,52.8501,2025-09-02T13:06:00,7.26
1.3797,52.8501,2025-10-13T13:40:00,7.4
1.3797,52.8501,2025-11-03T10:59:00,5.95
1.3797,52.8501,2025-12-01T09:56:00,5.84
1.4514,52.7921,2025-01-29T12:43:00,3.37
1.4514,52.7921,2025-02-24T09:47:00,3.08
1.4514,52.7921,2025-03-26T11:08:00,3.18
1.4514,52.7921,2025-05-22T12:19:00,2.08
1.4514,52.7921,2025-06-10T12:26:00,1.98
1.4514,52.7921,2025-07-01T13:33:00,1.19
1.4514,52.7921,2025-08-05T11:51:00,2.09
1.4514,52.7921,2025-09-11T09:54:00,2.09
1.4514,52.7921,2025-10-09T10:01:00,2.19
1.4514,52.7921,2025-11-03T11:43:00,2.39
1.4514,52.7921,2025-12-01T10:57:00,2.85
1.4334,52.7711,2025-01-29T12:25:00,2.48
1.4334,52.7711,2025-02-20T11:15:00,2.28
1.4334,52.7711,2025-03-11T08:48:00,2.58
1.4334,52.7711,2025-04-07T12:14:00,2.18
1.4334,52.7711,2025-05-02T11:12:00,1.68
1.4334,52.7711,2025-07-01T12:56:00,1.18
1.4334,52.7711,2025-08-05T11:24:00,2.24
1.4334,52.7711,2025-09-11T10:15:00,1.38
1.4334,52.7711,2025-10-13T12:19:00,1.29
1.4334,52.7711,2025-11-03T11:55:00,1.19
1.4334,52.7711,2025-12-01T11:18:00,1.58
1.4793,52.7697,2025-01-21T09:47:00,2.28
1.4793,52.7697,2025-02-13T10:28:00,2.28
1.4793,52.7697,2025-03-26T14:04:00,2.09
1.4793,52.7697,2025-04-24T10:31:00,1.79
1.4793,52.7697,2025-05-22T13:26:00,1.18
1.4793,52.7697,2025-06-10T13:00:00,0.983
1.4793,52.7697,2025-07-01T13:49:00,0.574
1.4793,52.7697,2025-08-05T12:51:00,0.882
1.4793,52.7697,2025-09-11T10:47:00,1.09
1.4793,52.7697,2025-10-09T10:25:00,1.28
1.4793,52.7697,2025-11-03T12:11:00,1.28
1.4793,52.7697,2025-12-01T11:38:00,1.94
1.5016,52.7612,2025-01-21T10:03:00,2.38
1.5016,52.7612,2025-02-13T12:02:00,2.47
1.5016,52.7612,2025-03-26T13:33:00,2.58
1.5016,52.7612,2025-04-23T12:33:00,1.98
1.5016,52.7612,2025-05-27T11:18:00,2.17
1.5016,52.7612,2025-06-25T10:37:00,1.76
1.5016,52.7612,2025-07-22T11:02:00,1.56
1.5016,52.7612,2025-08-27T10:17:00,2.19
1.5016,52.7612,2025-09-25T10:22:00,2.08
1.5016,52.7612,2025-10-24T10:23:00,1.58
1.5016,52.7612,2025-11-26T10:38:00,2.25
1.5016,52.7612,2025-12-19T11:02:00,1.86
1.4966,52.7449,2025-01-21T10:54:00,1.88
1.4966,52.7449,2025-02-13T11:02:00,1.69
1.4966,52.7449,2025-03-26T12:46:00,1.19
1.4966,52.7449,2025-04-23T12:10:00,0.322
1.4966,52.7449,2025-05-27T11:40:00,<0.196
1.4966,52.7449,2025-06-25T11:03:00,<0.196
1.4966,52.7449,2025-07-22T11:27:00,<0.196
1.4966,52.7449,2025-08-27T10:38:00,<0.196
1.4966,52.7449,2025-09-25T10:41:00,<0.196
1.4966,52.7449,2025-10-24T10:45:00,0.383
1.4966,52.7449,2025-11-26T11:07:00,0.95
1.4966,52.7449,2025-12-19T11:17:00,1.36
1.5028,52.7304,2025-01-14T12:11:00,1.48
1.5028,52.7304,2025-02-11T11:51:00,1.69
1.5028,52.7304,2025-03-04T11:11:00,1.19
1.5028,52.7304,2025-04-23T11:45:00,0.272
1.5028,52.7304,2025-05-27T10:03:00,<0.196
1.5028,52.7304,2025-06-25T12:13:00,0.404
1.5028,52.7304,2025-07-22T11:54:00,<0.196
1.5028,52.7304,2025-08-27T10:54:00,<0.196
1.5028,52.7304,2025-09-25T11:56:00,<0.196
1.5028,52.7304,2025-10-24T11:06:00,0.411
1.5028,52.7304,2025-11-26T12:00:00,1.06
1.5028,52.7304,2025-12-19T11:33:00,1.36
1.5107,52.6996,2025-01-29T12:03:00,3.78
1.5107,52.6996,2025-02-25T11:26:00,3.29
1.5107,52.6996,2025-03-12T13:31:00,3.29
1.5107,52.6996,2025-04-07T13:00:00,0.831
1.5107,52.6996,2025-05-02T10:21:00,1.19
1.5107,52.6996,2025-06-10T12:24:00,<0.196
1.5107,52.6996,2025-07-07T10:37:00,0.449
1.5107,52.6996,2025-08-05T12:30:00,0.696
1.5107,52.6996,2025-09-11T12:01:00,0.544
1.5107,52.6996,2025-10-09T11:22:00,0.189
1.5107,52.6996,2025-11-03T12:52:00,0.31
1.5107,52.6996,2025-12-01T12:14:00,1.45
-0.1159,53.213,2025-01-24T12:20:00,11
-0.1159,53.213,2025-02-14T07:33:00,9.39
-0.1159,53.213,2025-03-20T08:11:00,9.28
-0.1159,53.213,2025-05-09T11:01:00,6.48
-0.1159,53.213,2025-06-03T10:30:00,3.48
-0.1159,53.213,2025-07-04T11:36:00,2.29
-0.1159,53.213,2025-08-22T08:56:00,2.49
-0.1159,53.213,2025-09-10T12:04:00,1.89
-0.1159,53.213,2025-10-21T10:54:00,3.79
-0.1159,53.213,2025-11-14T12:03:00,2.99
-0.1159,53.213,2025-11-20T11:28:00,11
-0.1159,53.213,2025-12-05T11:05:00,11
-0.1159,53.213,2025-12-16T11:07:00,9.9
-0.1879,53.0939,2025-01-09T12:25:00,11.9
-0.1879,53.0939,2025-02-13T12:23:00,11
-0.1879,53.0939,2025-03-24T10:10:00,9.34
-0.1879,53.0939,2025-04-24T11:22:00,8.33
-0.1879,53.0939,2025-05-15T10:30:00,7.51
-0.1879,53.0939,2025-06-10T10:47:00,4.85
-0.1879,53.0939,2025-07-03T10:38:00,3.85
-0.1879,53.0939,2025-08-08T10:23:00,8.46
-0.1879,53.0939,2025-09-15T09:31:00,3.37
-0.1879,53.0939,2025-10-22T09:26:00,5.76
-0.1879,53.0939,2025-11-12T10:40:00,9.94
-0.1879,53.0939,2025-12-09T11:08:00,13
-0.1898,53.3862,2025-01-22T08:51:00,13
-0.1898,53.3862,2025-02-05T12:11:00,14
-0.1898,53.3862,2025-03-06T11:17:00,13
-0.1571,53.3621,2025-01-03T10:25:00,9.99
-0.1571,53.3621,2025-02-03T08:40:00,11
-0.1571,53.3621,2025-03-05T08:17:00,9.79
-0.1571,53.3621,2025-04-04T08:05:00,8.49
-0.1571,53.3621,2025-05-14T12:00:00,6.77
-0.1571,53.3621,2025-06-02T08:17:00,5.59
-0.1571,53.3621,2025-07-28T09:08:00,4.19
-0.1571,53.3621,2025-08-07T07:32:00,4.29
-0.1571,53.3621,2025-09-11T12:25:00,4.29
-0.1571,53.3621,2025-10-01T08:43:00,4.29
-0.1571,53.3621,2025-11-13T08:04:00,6.38
-0.1571,53.3621,2025-12-02T11:53:00,11
-0.1426,53.3596,2025-01-03T10:16:00,13
-0.1426,53.3596,2025-02-03T08:34:00,14
-0.1426,53.3596,2025-03-05T08:09:00,14
-0.1426,53.3596,2025-04-04T07:58:00,14
-0.1426,53.3596,2025-05-14T12:07:00,13.9
-0.1426,53.3596,2025-06-25T10:09:00,7.57
-0.1426,53.3596,2025-07-28T09:00:00,7.09
-0.1426,53.3596,2025-08-15T07:39:00,6.37
-0.1426,53.3596,2025-09-11T12:16:00,7.29
-0.1426,53.3596,2025-10-01T08:32:00,8.19
-0.1426,53.3596,2025-11-06T07:53:00,6.65
-0.1426,53.3596,2025-12-02T11:59:00,9.99
-0.1887,53.103,2025-01-24T10:51:00,7.51
-0.1887,53.103,2025-02-10T11:15:00,11
-0.1887,53.103,2025-03-10T09:50:00,9.98
-0.4032,53.2761,2025-01-22T10:05:00,12
-0.4032,53.2761,2025-02-05T10:27:00,12
-0.4032,53.2761,2025-03-20T09:22:00,9.95
-0.3747,53.258,2025-01-15T08:26:00,12.9
-0.3747,53.258,2025-02-12T11:43:00,11
-0.3747,53.258,2025-03-20T09:13:00,10.9
-0.3747,53.258,2025-04-11T08:23:00,11.9
-0.3747,53.258,2025-05-14T09:11:00,14.8
-0.3747,53.258,2025-06-02T08:59:00,12.8
-0.3747,53.258,2025-07-16T10:51:00,22.9
-0.3747,53.258,2025-08-08T12:30:00,32.9
-0.3747,53.258,2025-09-12T08:46:00,21.9
-0.3747,53.258,2025-10-16T08:15:00,16.9
-0.3747,53.258,2025-11-24T12:41:00,18
-0.3747,53.258,2025-12-10T10:43:00,13
-0.4502,53.3037,2025-01-21T09:02:00,13
-0.4502,53.3037,2025-02-05T10:56:00,14
-0.4502,53.3037,2025-03-03T10:02:00,12
-0.4502,53.3037,2025-04-03T10:57:00,11
-0.4539,52.4677,2025-01-24T11:09:00,11
-0.4539,52.4677,2025-02-10T10:22:00,14
-0.4539,52.4677,2025-03-11T12:17:00,11
-0.4539,52.4677,2025-05-07T10:35:00,12.7
-0.4539,52.4677,2025-06-10T10:33:00,18.5
-0.4539,52.4677,2025-07-04T07:34:00,29.5
-0.4539,52.4677,2025-08-12T09:34:00,17.7
-0.4539,52.4677,2025-09-09T09:08:00,22.5
-0.4539,52.4677,2025-10-24T09:43:00,15.7
-0.4539,52.4677,2025-11-07T09:46:00,23.6
-0.4539,52.4677,2025-12-01T15:03:00,27.9
-0.4588,52.4545,2025-01-24T10:56:00,12
-0.4588,52.4545,2025-02-10T10:11:00,15
-0.4588,52.4545,2025-03-10T10:46:00,12
-0.4588,52.4545,2025-06-02T13:45:00,16.4
-0.4588,52.4545,2025-12-01T14:48:00,32
1.0397,52.1622,2025-01-23T09:57:00,5.09
1.0397,52.1622,2025-02-10T09:48:00,5.99
1.0397,52.1622,2025-03-03T11:03:00,8.09
1.0397,52.1622,2025-04-07T09:28:00,3.29
1.0397,52.1622,2025-05-06T11:45:00,3.19
1.0397,52.1622,2025-06-18T08:11:00,2.67
1.0397,52.1622,2025-07-07T13:30:00,2.98
1.0397,52.1622,2025-08-07T12:34:00,3.19
1.0397,52.1622,2025-09-01T13:10:00,2.99
1.0397,52.1622,2025-10-02T12:52:00,2.69
1.0397,52.1622,2025-11-13T09:12:00,1.68
1.0397,52.1622,2025-12-03T09:54:00,6.29
0.6295,51.9264,2025-01-10T13:45:00,13
0.6295,51.9264,2025-02-10T08:22:00,11
0.6295,51.9264,2025-03-07T10:48:00,9.97
0.6295,51.9264,2025-05-09T11:47:00,5.68
0.6295,51.9264,2025-06-11T09:20:00,3.59
0.6295,51.9264,2025-07-28T09:06:00,4.4
0.6295,51.9264,2025-08-14T09:57:00,3.79
0.6295,51.9264,2025-09-05T09:51:00,3.97
0.6295,51.9264,2025-10-09T10:23:00,5.59
0.6295,51.9264,2025-11-12T13:10:00,3.79
0.6295,51.9264,2025-12-03T12:23:00,9.92
1.3907,52.6244,2025-03-25T14:54:00,178.658
1.3907,52.6244,2025-05-07T11:46:00,215.888
1.3907,52.6244,2025-07-01T11:16:00,120.538
1.3907,52.6244,2025-09-02T13:48:00,157.288
-0.2495,53.1822,2025-01-16T09:24:00,13
-0.2495,53.1822,2025-02-05T12:52:00,9.49
-0.2495,53.1822,2025-03-20T08:38:00,11
-0.2495,53.1822,2025-04-09T11:14:00,9.2
-0.2495,53.1822,2025-05-02T10:19:00,3.57
-0.2495,53.1822,2025-06-12T11:18:00,0.316
-0.2495,53.1822,2025-08-22T08:26:00,<0.196
-0.2495,53.1822,2025-09-10T12:25:00,0.702
-0.2495,53.1822,2025-10-01T08:56:00,1.34
-0.2495,53.1822,2025-11-11T08:05:00,22.9
-0.2495,53.1822,2025-12-16T10:52:00,4.8
0.9547,51.7605,2025-01-15T13:07:00,0.538
0.9547,51.7605,2025-02-16T12:08:00,0.547
0.9547,51.7605,2025-03-18T13:14:00,0.506
0.9547,51.7605,2025-04-09T10:06:00,0.256
0.9547,51.7605,2025-05-01T12:55:00,0.136
0.9547,51.7605,2025-06-12T11:37:00,0.0142
0.9547,51.7605,2025-07-07T09:48:00,0.0491
0.9547,51.7605,2025-08-07T10:53:00,0.115
0.9547,51.7605,2025-09-12T13:47:00,0.089
0.9547,51.7605,2025-10-06T11:18:00,0.102
0.9547,51.7605,2025-11-07T11:09:00,0.225
0.9547,51.7605,2025-12-09T11:17:00,0.364
0.9852,51.7503,2025-01-15T15:18:00,0.657
0.9852,51.7503,2025-02-16T11:56:00,0.507
0.9852,51.7503,2025-03-18T15:16:00,0.418
0.9852,51.7503,2025-04-09T09:57:00,0.266
0.9852,51.7503,2025-05-01T12:37:00,0.136
0.9852,51.7503,2025-06-12T11:19:00,0.0128
0.9852,51.7503,2025-07-07T09:40:00,0.0402
0.9852,51.7503,2025-08-07T10:41:00,0.113
0.9852,51.7503,2025-09-12T12:34:00,0.0918
0.9852,51.7503,2025-10-06T10:03:00,0.092
0.9852,51.7503,2025-11-07T10:55:00,0.215
0.9852,51.7503,2025-12-09T11:10:00,0.354
0.8865,51.7741,2025-04-09T10:37:00,0.193
0.8865,51.7741,2025-05-01T14:11:00,0.125
0.8865,51.7741,2025-06-12T12:55:00,<0.096
0.8865,51.7741,2025-07-07T11:18:00,0.0902
0.8865,51.7741,2025-08-07T12:20:00,0.089
0.8865,51.7741,2025-09-12T14:16:00,0.0945
0.8865,51.7741,2025-10-06T11:47:00,0.121
0.8865,51.7741,2025-11-07T12:30:00,0.234
0.8865,51.7741,2025-12-09T12:35:00,0.363
0.896,51.777,2025-04-09T10:26:00,0.193
0.896,51.777,2025-05-01T14:24:00,0.0951
0.896,51.777,2025-06-12T13:07:00,<0.096
0.896,51.777,2025-07-07T11:29:00,0.0911
0.896,51.777,2025-08-07T12:30:00,0.089
0.896,51.777,2025-09-12T14:05:00,0.0943
0.896,51.777,2025-10-06T11:35:00,0.13
0.896,51.777,2025-11-07T12:41:00,0.224
0.896,51.777,2025-12-09T12:45:00,0.353
0.8809,51.7628,2025-04-09T10:51:00,0.183
0.8809,51.7628,2025-05-01T13:57:00,0.124
0.8809,51.7628,2025-06-12T12:42:00,<0.096
0.8809,51.7628,2025-07-07T11:04:00,0.0902
0.8809,51.7628,2025-08-07T12:06:00,0.09
0.8809,51.7628,2025-09-12T14:27:00,0.0942
0.8809,51.7628,2025-10-06T12:01:00,0.111
0.8809,51.7628,2025-11-07T12:16:00,0.243
0.8809,51.7628,2025-12-09T12:20:00,0.382
0.8663,51.7375,2025-01-15T14:45:00,0.992
0.8663,51.7375,2025-02-16T12:24:00,0.952
0.8663,51.7375,2025-03-18T14:12:00,0.675
0.8663,51.7375,2025-04-09T11:07:00,0.235
0.8663,51.7375,2025-05-01T13:10:00,0.183
0.8663,51.7375,2025-06-12T11:51:00,0.0105
0.8663,51.7375,2025-07-07T14:24:00,0.0477
0.8663,51.7375,2025-08-07T11:12:00,0.097
0.8663,51.7375,2025-09-12T14:40:00,0.0888
0.8663,51.7375,2025-10-06T12:14:00,0.102
0.8663,51.7375,2025-11-07T11:27:00,0.235
0.8663,51.7375,2025-12-09T11:34:00,0.499
0.7982,51.7261,2025-04-09T11:30:00,0.181
0.7982,51.7261,2025-05-01T13:32:00,0.21
0.7982,51.7261,2025-06-12T12:12:00,0.0957
0.7982,51.7261,2025-07-07T10:38:00,0.0929
0.7982,51.7261,2025-08-07T11:41:00,0.089
0.7982,51.7261,2025-09-12T14:58:00,0.0933
0.7982,51.7261,2025-10-06T12:29:00,0.139
0.7982,51.7261,2025-11-07T11:49:00,0.281
0.7982,51.7261,2025-12-09T11:46:00,0.782
0.7948,51.7189,2025-01-15T14:22:00,1.59
0.7948,51.7189,2025-02-16T12:41:00,1.39
0.7948,51.7189,2025-03-18T14:26:00,0.871
0.7948,51.7189,2025-04-09T11:22:00,0.23
0.7948,51.7189,2025-05-01T13:25:00,0.267
0.7948,51.7189,2025-06-12T12:06:00,0.027
0.7948,51.7189,2025-07-07T10:28:00,0.0313
0.7948,51.7189,2025-08-07T11:36:00,0.0423
0.7948,51.7189,2025-09-12T15:06:00,0.0862
0.7948,51.7189,2025-10-06T12:34:00,0.14
0.7948,51.7189,2025-11-07T11:41:00,0.32
0.7948,51.7189,2025-12-09T11:53:00,0.742
-0.4702,52.5026,2025-01-13T15:10:00,8.09
-0.4702,52.5026,2025-02-06T08:20:00,7.99
-0.4702,52.5026,2025-03-14T08:20:00,6.39
-0.4702,52.5026,2025-04-25T09:11:00,2.18
-0.4702,52.5026,2025-12-04T14:06:00,18
-0.3554,52.539,2025-01-15T10:58:00,12
-0.3554,52.539,2025-02-14T09:16:00,15
-0.3554,52.539,2025-03-10T13:24:00,12
-0.3554,52.539,2025-05-12T13:32:00,2.16
-0.3554,52.539,2025-06-09T14:29:00,<0.196
-0.3554,52.539,2025-08-13T13:14:00,<0.196
-0.3554,52.539,2025-11-13T10:38:00,<0.196
-0.3554,52.539,2025-12-10T12:29:00,24
-0.8362,52.2679,2025-01-14T09:46:00,5.48
-0.8362,52.2679,2025-02-03T11:15:00,4.89
-0.8362,52.2679,2025-03-11T12:24:00,4.47
-0.8362,52.2679,2025-04-23T15:20:00,1.88
-0.8362,52.2679,2025-10-07T12:39:00,0.91
-0.8362,52.2679,2025-11-11T10:56:00,1.17
-0.8362,52.2679,2025-12-08T15:38:00,3.23
-0.273,53.079,2025-01-22T09:43:00,14
-0.273,53.079,2025-02-14T09:16:00,15
-0.273,53.079,2025-03-07T09:52:00,13.9
-0.273,53.079,2025-10-08T11:06:00,12.9
-0.273,53.079,2025-11-12T11:18:00,20.9
-0.273,53.079,2025-12-09T10:02:00,25.9
-0.8208,52.2485,2025-01-21T12:13:00,4.88
-0.8208,52.2485,2025-02-07T11:23:00,4.88
-0.8208,52.2485,2025-03-10T09:04:00,4.08
-0.8208,52.2485,2025-04-10T10:18:00,3.38
-0.8208,52.2485,2025-05-06T08:54:00,2.17
-0.8208,52.2485,2025-06-02T08:34:00,1.26
-0.8208,52.2485,2025-07-08T14:38:00,1.07
-0.8208,52.2485,2025-08-04T09:27:00,0.976
-0.8208,52.2485,2025-09-04T13:45:00,0.793
-0.8208,52.2485,2025-10-17T09:57:00,1.59
-0.8208,52.2485,2025-11-05T11:16:00,1.28
-0.8208,52.2485,2025-12-08T15:23:00,3.15
-0.2757,52.8791,2025-01-16T11:15:00,9.39
-0.2757,52.8791,2025-02-05T10:26:00,8.29
-0.2757,52.8791,2025-03-05T13:11:00,8.19
-0.2757,52.8791,2025-10-09T14:58:00,0.266
-0.2757,52.8791,2025-11-07T11:27:00,4.95
-0.2757,52.8791,2025-12-01T12:23:00,23
0.6746,51.8106,2025-01-21T13:04:00,10.9
0.6746,51.8106,2025-02-04T08:32:00,11.9
0.6746,51.8106,2025-03-03T07:50:00,10.9
0.6746,51.8106,2025-12-09T09:47:00,15.9
0.7061,51.8581,2025-01-02T09:09:00,10.9
0.7061,51.8581,2025-02-10T12:16:00,10.9
0.7061,51.8581,2025-03-18T07:47:00,10.9
0.7061,51.8581,2025-04-08T14:30:00,11.9
0.7061,51.8581,2025-10-02T15:08:00,11.9
0.7061,51.8581,2025-11-27T14:23:00,13.9
0.7061,51.8581,2025-12-17T13:48:00,14.9
0.6012,51.892,2025-01-24T13:48:00,9.73
0.6012,51.892,2025-02-10T08:04:00,9.72
0.6012,51.892,2025-03-27T09:48:00,12.8
0.6012,51.892,2025-04-23T09:04:00,12.9
0.6012,51.892,2025-05-09T12:12:00,12.9
0.6012,51.892,2025-06-11T09:02:00,8.87
0.6012,51.892,2025-07-28T08:42:00,15
0.6012,51.892,2025-08-12T16:17:00,12
0.6012,51.892,2025-09-02T11:23:00,9.95
0.6012,51.892,2025-10-09T10:56:00,9.96
0.6012,51.892,2025-11-18T13:31:00,15.9
0.6012,51.892,2025-12-03T12:48:00,10.9
0.4468,51.9551,2025-01-03T10:38:00,14
0.4468,51.9551,2025-01-09T12:03:00,12
0.4468,51.9551,2025-01-15T11:37:00,8.78
0.4468,51.9551,2025-01-22T12:06:00,9.09
0.4468,51.9551,2025-01-29T10:17:00,14
0.4468,51.9551,2025-02-05T11:34:00,11
0.4468,51.9551,2025-02-12T11:48:00,13
0.4468,51.9551,2025-02-20T10:48:00,9.89
0.4468,51.9551,2025-02-25T09:50:00,13
0.4468,51.9551,2025-03-05T10:40:00,9.99
0.4468,51.9551,2025-03-10T09:10:00,8.69
0.4468,51.9551,2025-03-19T11:22:00,7.79
0.4468,51.9551,2025-03-27T11:08:00,6.68
0.4468,51.9551,2025-04-02T11:53:00,6.88
0.4468,51.9551,2025-04-09T09:47:00,6.98
0.4468,51.9551,2025-04-14T09:09:00,5.77
0.4468,51.9551,2025-04-23T10:09:00,5.98
0.4468,51.9551,2025-05-01T12:10:00,6.07
0.4468,51.9551,2025-05-07T12:35:00,6.28
0.4468,51.9551,2025-05-14T10:31:00,6.86
0.4468,51.9551,2025-05-21T10:51:00,5.87
0.4468,51.9551,2025-05-28T11:42:00,4.05
0.4468,51.9551,2025-06-03T12:16:00,6.03
0.4468,51.9551,2025-06-10T12:10:00,5.35
0.4468,51.9551,2025-06-18T12:01:00,6.82
0.4468,51.9551,2025-06-25T10:17:00,6.04
0.4468,51.9551,2025-07-02T11:35:00,3.61
0.4468,51.9551,2025-07-09T10:35:00,6.54
0.4468,51.9551,2025-07-15T13:34:00,3.95
0.4468,51.9551,2025-07-22T10:34:00,3.57
0.4468,51.9551,2025-08-06T11:57:00,3.08
0.4468,51.9551,2025-08-20T12:07:00,0.391
0.4468,51.9551,2025-08-26T10:59:00,0.34
0.4468,51.9551,2025-09-03T14:35:00,6.17
0.4468,51.9551,2025-09-09T13:44:00,1.86
0.4468,51.9551,2025-09-18T10:35:00,4.26
0.4468,51.9551,2025-09-23T10:40:00,1.78
0.4468,51.9551,2025-10-01T13:23:00,2.38
0.4468,51.9551,2025-10-07T10:42:00,1.76
0.4468,51.9551,2025-10-15T10:38:00,2.97
0.4468,51.9551,2025-10-22T11:02:00,1.99
0.4468,51.9551,2025-10-29T11:33:00,2.57
0.4468,51.9551,2025-11-06T11:49:00,1.67
0.4468,51.9551,2025-11-12T11:13:00,1.28
0.4468,51.9551,2025-11-18T11:29:00,12.9
0.4468,51.9551,2025-11-26T11:28:00,23.9
0.4468,51.9551,2025-12-04T10:38:00,21
0.4468,51.9551,2025-12-09T11:27:00,29
0.4468,51.9551,2025-12-17T11:04:00,18
0.4468,51.9551,2025-12-23T13:15:00,24
0.3909,51.9914,2025-01-24T11:17:00,11
0.3909,51.9914,2025-02-13T08:50:00,13
0.3909,51.9914,2025-03-21T12:02:00,9.24
0.3909,51.9914,2025-08-06T14:07:00,0.65
0.3909,51.9914,2025-10-09T11:31:00,1.68
1.0005,52.987,2025-01-11T11:04:00,0.479
1.0005,52.987,2025-02-16T11:22:00,0.377
1.0005,52.987,2025-03-16T09:49:00,0.308
0.6554,51.9355,2025-01-15T08:58:00,13
0.6554,51.9355,2025-08-29T11:09:00,18
1.5303,52.3372,2025-01-28T10:22:00,14
1.5303,52.3372,2025-02-14T11:44:00,11
1.5303,52.3372,2025-03-04T09:30:00,8.37
1.5303,52.3372,2025-04-24T10:20:00,9.05
1.5303,52.3372,2025-05-30T12:12:00,9.8
1.5303,52.3372,2025-06-23T12:00:00,8.51
1.5303,52.3372,2025-07-24T12:00:00,5.74
1.5303,52.3372,2025-08-12T11:30:00,11.9
1.5303,52.3372,2025-09-03T11:52:00,5.31
1.5303,52.3372,2025-10-14T09:35:00,11
1.5303,52.3372,2025-11-11T09:29:00,6.58
1.5303,52.3372,2025-12-04T14:17:00,10.9
0.6319,51.949,2025-01-02T10:22:00,11
0.6319,51.949,2025-07-11T10:57:00,9.27
0.2575,53.283,2025-01-07T08:50:00,8.89
0.2575,53.283,2025-02-07T07:53:00,14
0.2575,53.283,2025-03-07T07:10:00,13
0.2575,53.283,2025-10-06T09:14:00,<0.196
0.2575,53.283,2025-11-07T07:25:00,<0.196
0.2575,53.283,2025-12-09T08:01:00,21
0.6347,51.802,2025-01-21T12:38:00,13.9
0.6347,51.802,2025-02-04T12:06:00,14.9
0.6347,51.802,2025-03-07T08:16:00,13.9
0.6113,51.8261,2025-01-07T15:16:00,12
0.6113,51.8261,2025-02-04T09:04:00,14.9
0.6113,51.8261,2025-03-07T07:56:00,15.9
0.6113,51.8261,2025-04-09T08:41:00,15.9
0.6113,51.8261,2025-10-02T13:36:00,14.9
0.6113,51.8261,2025-11-13T09:56:00,13
0.6113,51.8261,2025-12-01T10:09:00,14.9
0.5151,51.8832,2025-01-03T10:01:00,12
0.5151,51.8832,2025-01-09T11:23:00,11
0.5151,51.8832,2025-01-15T11:00:00,9.49
0.5151,51.8832,2025-01-22T11:34:00,9.69
0.5151,51.8832,2025-01-29T09:44:00,14
0.5151,51.8832,2025-02-05T11:04:00,11
0.5151,51.8832,2025-02-12T10:03:00,14
0.5151,51.8832,2025-02-20T09:47:00,9.98
0.5151,51.8832,2025-02-25T08:30:00,12
0.5151,51.8832,2025-03-05T10:08:00,11
0.5151,51.8832,2025-03-10T08:27:00,9.59
0.5151,51.8832,2025-03-19T10:01:00,9.69
0.5151,51.8832,2025-03-27T10:36:00,9.08
0.5151,51.8832,2025-04-02T10:57:00,8.98
0.5151,51.8832,2025-04-09T09:16:00,9.28
0.5151,51.8832,2025-04-14T08:42:00,8.88
0.5151,51.8832,2025-04-23T09:37:00,8.68
0.5151,51.8832,2025-05-01T11:39:00,8.59
0.5151,51.8832,2025-05-07T13:11:00,9.39
0.5151,51.8832,2025-05-14T09:58:00,9.08
0.5151,51.8832,2025-05-21T09:33:00,9.58
0.5151,51.8832,2025-05-28T11:04:00,8.39
0.5151,51.8832,2025-06-03T11:22:00,9.09
0.5151,51.8832,2025-06-10T13:16:00,8.39
0.5151,51.8832,2025-06-18T11:22:00,8.19
0.5151,51.8832,2025-06-25T09:10:00,7.89
0.5151,51.8832,2025-07-02T10:54:00,7.39
0.5151,51.8832,2025-07-09T10:03:00,8.49
0.5151,51.8832,2025-07-15T16:22:00,8.29
0.5151,51.8832,2025-07-22T10:01:00,7.99
0.5151,51.8832,2025-08-06T11:12:00,8.3
0.5151,51.8832,2025-08-12T12:49:00,7.69
0.5151,51.8832,2025-08-20T09:20:00,7.79
0.5151,51.8832,2025-08-26T08:49:00,7.99
0.5151,51.8832,2025-09-03T13:54:00,6.99
0.5151,51.8832,2025-09-09T13:08:00,7.59
0.5151,51.8832,2025-09-18T09:51:00,7.49
0.5151,51.8832,2025-09-23T10:02:00,8.2
0.5151,51.8832,2025-10-01T13:55:00,8
0.5151,51.8832,2025-10-07T10:04:00,7.49
0.5151,51.8832,2025-10-15T12:27:00,7.69
0.5151,51.8832,2025-10-22T14:59:00,6.69
0.5151,51.8832,2025-10-29T10:50:00,7.49
0.5151,51.8832,2025-11-06T12:36:00,6.39
0.5151,51.8832,2025-11-12T10:35:00,5.49
0.5151,51.8832,2025-11-18T10:45:00,7.3
0.5151,51.8832,2025-11-26T10:54:00,8.4
0.5151,51.8832,2025-12-04T10:03:00,9.69
0.5151,51.8832,2025-12-09T10:51:00,13
0.5151,51.8832,2025-12-17T11:40:00,8.1
0.5151,51.8832,2025-12-23T10:36:00,13
-0.892,52.3885,2025-01-28T12:16:00,8.6
-0.892,52.3885,2025-02-03T13:04:00,9.99
-0.892,52.3885,2025-03-03T12:47:00,9.99
-0.892,52.3885,2025-04-24T11:39:00,7.13
-0.892,52.3885,2025-05-12T12:11:00,8.96
-0.892,52.3885,2025-06-11T15:02:00,2.78
-0.892,52.3885,2025-10-20T12:22:00,0.609
-0.892,52.3885,2025-11-03T12:29:00,2.9
-0.892,52.3885,2025-12-09T13:25:00,16
-0.9006,52.3707,2025-01-02T08:57:00,9.98
-0.9006,52.3707,2025-02-04T12:48:00,12
-0.9006,52.3707,2025-03-06T12:04:00,12
-0.9006,52.3707,2025-04-25T13:42:00,7.48
-0.9006,52.3707,2025-05-12T12:01:00,7.67
-0.9006,52.3707,2025-06-03T12:57:00,4.86
-0.9006,52.3707,2025-07-01T13:44:00,2.78
-0.9006,52.3707,2025-08-04T14:44:00,1.49
-0.9006,52.3707,2025-09-05T10:41:00,2.39
-0.9006,52.3707,2025-10-20T12:11:00,1.19
-0.9006,52.3707,2025-11-07T11:43:00,3.08
-0.9006,52.3707,2025-12-11T11:32:00,20
-0.9114,52.36,2025-01-08T13:17:00,9.99
-0.9114,52.36,2025-02-03T13:22:00,9.99
-0.9114,52.36,2025-03-06T11:49:00,9.99
-0.9114,52.36,2025-04-10T14:31:00,8.99
-0.9114,52.36,2025-05-13T11:29:00,7.27
-0.9114,52.36,2025-06-12T09:36:00,5.18
-0.9114,52.36,2025-07-01T13:28:00,4.78
-0.9114,52.36,2025-08-08T11:12:00,4.59
-0.9114,52.36,2025-09-08T12:33:00,2.2
-0.9114,52.36,2025-10-13T14:34:00,2.4
-0.9114,52.36,2025-11-07T11:57:00,1.18
-0.9114,52.36,2025-12-11T11:42:00,19
-0.9211,52.3394,2025-01-10T09:41:00,11
-0.9211,52.3394,2025-02-03T13:45:00,9.98
-0.9211,52.3394,2025-03-05T10:44:00,9.99
-0.9211,52.3394,2025-04-22T10:04:00,8.77
-0.9211,52.3394,2025-05-09T09:11:00,8.38
-0.9211,52.3394,2025-06-04T13:16:00,5.99
-0.9211,52.3394,2025-07-01T12:51:00,3.27
-0.9211,52.3394,2025-08-04T14:30:00,3.79
-0.9211,52.3394,2025-09-05T10:07:00,2.19
-0.9211,52.3394,2025-10-03T12:32:00,2.59
-0.9211,52.3394,2025-11-07T12:17:00,1.4
-0.9211,52.3394,2025-12-11T12:16:00,19
-0.9208,52.3297,2025-01-31T09:04:00,6.97
-0.9208,52.3297,2025-02-25T10:07:00,9.07
-0.9208,52.3297,2025-03-18T10:47:00,8.96
-0.9208,52.3297,2025-04-22T10:17:00,10.7
-0.9208,52.3297,2025-05-13T10:56:00,12.6
-0.9208,52.3297,2025-06-04T12:44:00,15.4
-0.9208,52.3297,2025-07-01T12:31:00,13.1
-0.9208,52.3297,2025-08-04T14:20:00,14.2
-0.9208,52.3297,2025-09-05T09:56:00,5.94
-0.9208,52.3297,2025-10-10T13:32:00,17.3
-0.9208,52.3297,2025-11-07T12:35:00,11.5
-0.9208,52.3297,2025-12-11T12:29:00,15
-0.9044,52.2456,2025-01-28T10:51:00,6.67
-0.9044,52.2456,2025-02-18T09:19:00,7.27
-0.9044,52.2456,2025-04-11T11:39:00,7.87
-0.9044,52.2456,2025-05-06T09:21:00,6.97
-0.9044,52.2456,2025-06-02T08:13:00,6.06
-0.9044,52.2456,2025-07-04T09:16:00,4.87
-0.9044,52.2456,2025-08-01T09:54:00,8.19
-0.9044,52.2456,2025-09-03T10:36:00,3.88
-0.9044,52.2456,2025-10-06T09:32:00,5.58
-0.9044,52.2456,2025-11-11T10:30:00,3.69
-0.9044,52.2456,2025-12-10T11:27:00,12
-0.583,53.1516,2025-01-28T10:12:00,13
-0.583,53.1516,2025-02-17T12:20:00,11.9
-0.583,53.1516,2025-03-10T11:48:00,9.96
-0.583,53.1516,2025-05-21T10:13:00,4.13
-0.583,53.1516,2025-06-24T09:55:00,1.93
-0.583,53.1516,2025-07-30T09:35:00,1.03
-0.583,53.1516,2025-08-21T11:32:00,<0.196
-0.583,53.1516,2025-09-08T09:59:00,0.68
-0.583,53.1516,2025-10-21T10:40:00,6.07
-0.583,53.1516,2025-11-10T09:47:00,6.78
-0.583,53.1516,2025-12-08T10:10:00,24.9
0.6685,52.9679,2025-04-28T13:52:00,4.48
0.6685,52.9679,2025-05-30T12:55:00,1.69
0.6685,52.9679,2025-06-16T11:21:00,0.116
0.6685,52.9679,2025-07-07T12:01:00,7.25
0.6685,52.9679,2025-08-28T11:48:00,<0.096
0.6685,52.9679,2025-09-25T10:25:00,<0.096
0.6685,52.9679,2025-10-09T13:22:00,1.29
0.6685,52.9679,2025-11-10T12:12:00,0.906
0.6685,52.9679,2025-12-08T13:33:00,3.79
-0.6328,53.0682,2025-01-08T12:39:00,9.98
-0.6328,53.0682,2025-02-03T12:21:00,9.09
-0.6328,53.0682,2025-03-05T09:53:00,8.67
-0.6328,53.0682,2025-10-13T10:52:00,<0.196
-0.6328,53.0682,2025-11-03T09:48:00,1.77
-0.6328,53.0682,2025-12-10T11:46:00,20
-0.6144,53.0805,2025-01-29T09:34:00,9.98
-0.6144,53.0805,2025-02-14T09:59:00,13
-0.6144,53.0805,2025-03-10T12:02:00,9.66
-0.9534,52.2822,2025-01-28T12:58:00,5.79
-0.9534,52.2822,2025-02-12T11:08:00,7.38
-0.9534,52.2822,2025-03-06T11:30:00,2.69
-0.9534,52.2822,2025-04-22T13:33:00,10.7
-0.9534,52.2822,2025-05-09T10:57:00,4.89
-0.9534,52.2822,2025-06-03T10:53:00,2.96
-0.9534,52.2822,2025-07-01T11:22:00,2.09
-0.9534,52.2822,2025-08-07T10:00:00,4.88
-0.9534,52.2822,2025-09-01T09:54:00,7.04
-0.9534,52.2822,2025-10-17T09:32:00,0.3
-0.9534,52.2822,2025-11-05T10:22:00,1.5
-0.9534,52.2822,2025-12-11T12:50:00,14
0.7704,52.8846,2025-01-03T10:55:00,14
0.7704,52.8846,2025-01-09T10:21:00,14
0.7704,52.8846,2025-01-15T10:21:00,15
0.7704,52.8846,2025-01-22T10:30:00,15
0.7704,52.8846,2025-01-29T10:21:00,15
0.7704,52.8846,2025-02-05T09:29:00,15
0.7704,52.8846,2025-02-12T10:05:00,15
0.7704,52.8846,2025-02-19T10:18:00,15
0.7704,52.8846,2025-02-25T10:58:00,14
0.7704,52.8846,2025-03-05T09:34:00,14
0.7704,52.8846,2025-03-12T11:30:00,15
0.7704,52.8846,2025-03-19T10:57:00,15
0.7704,52.8846,2025-03-27T10:37:00,14
0.7704,52.8846,2025-04-02T13:32:00,14
0.7704,52.8846,2025-04-08T10:57:00,14
0.7704,52.8846,2025-04-15T10:42:00,12
0.7704,52.8846,2025-04-23T12:31:00,14
0.7704,52.8846,2025-05-01T11:06:00,14
0.7704,52.8846,2025-05-08T09:19:00,14
0.7704,52.8846,2025-05-15T10:06:00,14
0.7704,52.8846,2025-05-22T10:32:00,14
0.7704,52.8846,2025-05-30T10:41:00,14
0.7704,52.8846,2025-06-03T10:18:00,15
0.7704,52.8846,2025-06-10T10:18:00,14
0.7704,52.8846,2025-06-18T10:03:00,15
0.7704,52.8846,2025-06-26T10:30:00,15
0.7704,52.8846,2025-07-02T10:21:00,15
0.7704,52.8846,2025-07-08T10:05:00,15
0.7704,52.8846,2025-07-17T11:17:00,15
0.7704,52.8846,2025-07-22T09:34:00,15
0.7704,52.8846,2025-08-06T10:21:00,15
0.7704,52.8846,2025-08-12T10:25:00,15
0.7704,52.8846,2025-08-21T08:50:00,15
0.7704,52.8846,2025-08-26T13:17:00,15
0.7704,52.8846,2025-09-02T12:14:00,15
0.7704,52.8846,2025-09-11T09:55:00,15
0.7704,52.8846,2025-09-16T09:44:00,16
0.7704,52.8846,2025-09-24T09:54:00,16
0.7704,52.8846,2025-10-01T10:00:00,15
0.7704,52.8846,2025-10-07T10:13:00,15
0.7704,52.8846,2025-10-14T10:42:00,15
0.7704,52.8846,2025-10-24T10:22:00,15
0.7704,52.8846,2025-10-29T10:23:00,15
0.7704,52.8846,2025-11-06T10:21:00,15
0.7704,52.8846,2025-11-14T10:51:00,9.78
0.7704,52.8846,2025-11-18T10:36:00,13
0.7704,52.8846,2025-11-25T11:29:00,12
0.7704,52.8846,2025-12-03T08:40:00,14
0.7704,52.8846,2025-12-09T10:44:00,8.28
0.7704,52.8846,2025-12-17T12:21:00,14
0.7704,52.8846,2025-12-23T10:40:00,14
0.7575,52.9119,2025-01-21T10:44:00,14
0.7575,52.9119,2025-02-07T10:11:00,14
0.7575,52.9119,2025-03-04T10:18:00,14
0.7575,52.9119,2025-04-04T10:34:00,15
0.7575,52.9119,2025-04-04T10:35:00,15
0.7575,52.9119,2025-12-01T11:24:00,8.09
0.7607,52.9296,2025-01-16T10:33:00,13
0.7607,52.9296,2025-02-14T10:40:00,14
0.7607,52.9296,2025-03-04T10:26:00,14
0.7607,52.9296,2025-04-28T10:53:00,13
0.7607,52.9296,2025-08-04T10:55:00,14
0.7406,52.9501,2025-01-21T10:56:00,13
0.7406,52.9501,2025-02-14T10:50:00,14
0.7406,52.9501,2025-03-07T11:19:00,13
0.7406,52.9501,2025-04-28T10:42:00,14
0.7406,52.9501,2025-08-04T11:07:00,14
0.7406,52.9501,2025-09-10T10:23:00,13
0.7406,52.9501,2025-10-10T10:56:00,13
0.7406,52.9501,2025-11-03T11:02:00,13
0.7406,52.9501,2025-12-01T11:40:00,13
1.3638,52.1137,2025-02-11T10:38:00,27.8
1.35,52.8129,2025-02-28T10:48:00,<0.196
1.35,52.8129,2025-07-29T11:31:00,0.236
0.9591,52.0073,2025-01-28T09:38:00,11
0.9591,52.0073,2025-02-11T13:27:00,7.26
0.9591,52.0073,2025-03-03T09:27:00,7.88
0.9591,52.0073,2025-04-04T10:32:00,4.78
0.9591,52.0073,2025-08-05T12:07:00,3.29
0.9591,52.0073,2025-09-02T10:24:00,3.29
0.9591,52.0073,2025-10-20T10:16:00,4.59
0.9591,52.0073,2025-11-18T10:23:00,12
0.9591,52.0073,2025-12-02T10:04:00,8.75
0.9522,52.0408,2025-01-28T10:02:00,11
0.9522,52.0408,2025-02-11T12:59:00,7.68
0.9522,52.0408,2025-03-03T09:46:00,8.09
0.9522,52.0408,2025-04-04T10:12:00,4.37
0.9522,52.0408,2025-08-13T13:37:00,1.69
0.9522,52.0408,2025-09-02T10:45:00,1.69
0.9522,52.0408,2025-10-20T10:30:00,2.09
0.9522,52.0408,2025-11-18T11:10:00,11.9
0.9522,52.0408,2025-12-02T10:20:00,8.05
0.9522,52.0408,2025-12-11T10:59:00,18
0.9085,52.0948,2025-04-11T08:45:00,14.9
0.9085,52.0948,2025-05-19T13:15:00,16.6
0.9085,52.0948,2025-06-06T11:53:00,6.29
0.9085,52.0948,2025-07-03T12:05:00,7.54
0.9085,52.0948,2025-08-05T13:01:00,8.91
0.9085,52.0948,2025-09-02T11:12:00,12.9
0.9085,52.0948,2025-10-10T11:56:00,15.8
0.9085,52.0948,2025-11-03T11:37:00,7.6
0.9085,52.0948,2025-12-02T10:52:00,7.23
0.8841,52.0951,2025-01-28T10:34:00,12
0.8841,52.0951,2025-02-27T10:37:00,11
0.8841,52.0951,2025-03-28T08:00:00,6.07
-1.0196,52.2027,2025-01-28T11:50:00,5.69
-1.0196,52.2027,2025-02-17T14:53:00,9.38
-1.0196,52.2027,2025-03-06T10:07:00,11
-1.0196,52.2027,2025-04-07T12:19:00,12
-1.0196,52.2027,2025-05-07T11:42:00,12
-1.0196,52.2027,2025-06-23T10:18:00,9.59
-1.0196,52.2027,2025-07-15T11:20:00,9.59
-1.0196,52.2027,2025-08-01T10:05:00,9.19
-1.0196,52.2027,2025-09-05T11:18:00,6.79
-1.0196,52.2027,2025-10-06T10:10:00,7.69
-1.0196,52.2027,2025-11-13T09:41:00,11
-1.0196,52.2027,2025-12-10T12:29:00,13
-1.0284,52.221,2025-01-13T09:22:00,9.18
-1.0284,52.221,2025-02-10T11:04:00,4.66
-1.0284,52.221,2025-03-06T10:10:00,11
-1.0284,52.221,2025-04-11T13:16:00,11.9
-1.0284,52.221,2025-05-01T10:06:00,6.39
-1.0284,52.221,2025-06-04T15:02:00,12.6
-1.0284,52.221,2025-07-02T10:31:00,9.41
-1.0284,52.221,2025-08-01T09:53:00,9.36
-1.0284,52.221,2025-09-08T11:10:00,14.5
-1.0284,52.221,2025-10-06T09:58:00,10.9
-1.0284,52.221,2025-11-04T10:48:00,9.45
-1.0284,52.221,2025-12-10T12:18:00,13
1.138,52.8287,2025-01-21T12:47:00,7.48
1.138,52.8287,2025-02-07T12:06:00,7.68
1.138,52.8287,2025-03-03T11:43:00,7.58
1.138,52.8287,2025-04-04T12:06:00,6.98
1.138,52.8287,2025-08-05T10:16:00,6.79
1.138,52.8287,2025-09-02T12:17:00,6.78
1.138,52.8287,2025-10-02T12:43:00,6.79
1.138,52.8287,2025-11-03T12:10:00,6.29
1.138,52.8287,2025-12-05T10:19:00,8.17
1.1855,52.8306,2025-01-22T11:38:00,7.88
1.1855,52.8306,2025-02-14T12:37:00,8.18
1.1855,52.8306,2025-03-03T10:45:00,8.08
1.1855,52.8306,2025-04-04T12:22:00,7.68
1.1855,52.8306,2025-08-05T09:54:00,6.68
1.1855,52.8306,2025-09-02T12:31:00,6.88
1.1855,52.8306,2025-10-13T14:12:00,7.18
1.1855,52.8306,2025-11-04T12:08:00,6.88
1.1855,52.8306,2025-12-05T10:05:00,7.88
1.2472,52.8393,2025-01-22T11:50:00,4.18
1.2472,52.8393,2025-02-07T12:21:00,4.08
1.2472,52.8393,2025-03-03T10:59:00,4.38
1.2472,52.8393,2025-04-04T12:48:00,4.18
1.2472,52.8393,2025-10-02T10:46:00,3.88
1.2472,52.8393,2025-11-04T12:19:00,3.57
1.2472,52.8393,2025-12-01T13:20:00,3.88
1.2523,52.8154,2025-01-31T11:31:00,6.58
1.2523,52.8154,2025-02-24T11:19:00,5.98
1.2523,52.8154,2025-03-31T10:45:00,6.78
1.2523,52.8154,2025-04-29T12:40:00,6.19
1.2523,52.8154,2025-08-13T13:08:00,6.19
1.2523,52.8154,2025-09-30T13:13:00,6.59
1.2523,52.8154,2025-10-30T10:05:00,6.08
1.2523,52.8154,2025-11-03T10:37:00,5.79
1.2523,52.8154,2025-11-27T09:49:00,6.78
1.2523,52.8154,2025-12-01T13:34:00,6.18
1.2523,52.8154,2025-12-18T10:25:00,6.08
1.356,52.7283,2025-01-28T09:34:00,5.37
1.356,52.7283,2025-02-13T09:28:00,5.48
1.356,52.7283,2025-03-03T11:39:00,6.18
1.356,52.7283,2025-04-07T11:14:00,4.79
1.356,52.7283,2025-10-30T11:22:00,4.88
1.356,52.7283,2025-11-04T13:07:00,5.08
1.356,52.7283,2025-12-05T09:39:00,5.07
1.3508,52.6997,2025-04-08T13:28:00,6.29
1.3508,52.6997,2025-10-13T11:57:00,5.39
1.3508,52.6997,2025-11-04T13:21:00,4.79
1.3508,52.6997,2025-12-01T09:14:00,4.38
1.3544,52.6888,2025-04-28T08:34:00,3.47
1.3544,52.6888,2025-10-13T11:49:00,3.85
1.3544,52.6888,2025-11-04T13:34:00,3.67
1.3544,52.6888,2025-12-01T09:22:00,3.66
1.4676,52.6972,2025-01-16T12:04:00,5.07
1.4676,52.6972,2025-02-21T12:28:00,5.58
1.4676,52.6972,2025-03-19T13:51:00,4.99
1.4676,52.6972,2025-09-16T13:04:00,1.39
1.4676,52.6972,2025-10-29T13:35:00,1.87
1.4159,52.6987,2025-04-22T14:55:00,4.88
1.4159,52.6987,2025-10-29T10:59:00,4.37
1.4159,52.6987,2025-11-18T12:11:00,4.05
1.4159,52.6987,2025-12-12T08:56:00,5.05
0.7625,52.9945,2025-01-11T11:59:00,0.548
0.7625,52.9945,2025-02-16T10:31:00,0.447
0.7625,52.9945,2025-03-16T09:00:00,0.298
0.0837,53.2773,2025-01-13T10:22:00,15
0.0837,53.2773,2025-02-10T10:31:00,14
0.0837,53.2773,2025-03-12T08:40:00,14
0.0837,53.2773,2025-04-09T08:35:00,14
0.0837,53.2773,2025-05-15T11:26:00,14
0.0837,53.2773,2025-06-13T11:00:00,14
0.0837,53.2773,2025-07-09T09:39:00,14
0.0837,53.2773,2025-08-12T12:35:00,14
0.0837,53.2773,2025-09-16T09:39:00,14
0.0837,53.2773,2025-10-08T08:33:00,14
0.0837,53.2773,2025-11-13T11:13:00,12
0.0837,53.2773,2025-12-04T07:51:00,13
0.0268,53.2956,2025-03-18T10:28:00,17
0.0268,53.2956,2025-09-22T12:37:00,13
1.0115,52.0892,2025-07-24T09:52:00,<0.196
1.6637,52.5996,2025-01-10T12:08:00,2.49
1.6637,52.5996,2025-04-10T15:43:00,3.19
1.6637,52.5996,2025-04-29T13:06:00,0.206
1.6637,52.5996,2025-06-11T13:03:00,0.462
1.6637,52.5996,2025-07-01T13:41:00,0.192
1.6637,52.5996,2025-09-16T12:41:00,0.467
1.6637,52.5996,2025-10-11T13:38:00,0.435
1.6637,52.5996,2025-11-12T11:39:00,3.69
0.9305,51.981,2025-01-28T09:15:00,11
0.9305,51.981,2025-02-11T13:48:00,8.38
0.9305,51.981,2025-03-28T11:59:00,7.78
0.9305,51.981,2025-11-12T09:34:00,6.59
0.9305,51.981,2025-11-18T10:04:00,5.99
0.9305,51.981,2025-12-03T11:03:00,7.09
0.9305,51.981,2025-12-15T11:04:00,8.19
0.4461,51.7377,2025-01-22T09:56:00,9.95
0.4461,51.7377,2025-02-05T13:07:00,10.9
0.4461,51.7377,2025-03-06T10:26:00,9.96
0.4461,51.7377,2025-04-02T13:19:00,8.97
0.4461,51.7377,2025-08-07T11:06:00,9.79
0.4461,51.7377,2025-09-09T10:58:00,7.59
0.4461,51.7377,2025-10-03T15:41:00,14
0.4461,51.7377,2025-11-26T14:04:00,9.48
0.4461,51.7377,2025-12-17T13:44:00,11
0.3416,51.7976,2025-01-29T11:23:00,17
0.3416,51.7976,2025-02-25T11:40:00,15
0.3416,51.7976,2025-03-21T13:50:00,9.47
-0.7248,52.2348,2025-01-14T11:14:00,8.18
-0.7248,52.2348,2025-02-07T11:57:00,8.58
-0.7248,52.2348,2025-03-04T10:46:00,6.38
-0.7248,52.2348,2025-04-30T11:50:00,1.07
-0.7248,52.2348,2025-05-14T12:40:00,0.424
-0.7248,52.2348,2025-06-04T11:11:00,<0.196
-0.7248,52.2348,2025-07-02T10:28:00,0.205
-0.7248,52.2348,2025-08-07T11:02:00,0.17
-0.7248,52.2348,2025-11-07T15:13:00,0.191
-0.7248,52.2348,2025-12-05T11:18:00,4.88
-0.3903,53.1718,2025-01-16T08:30:00,15
-0.3903,53.1718,2025-02-13T13:44:00,13
-0.3903,53.1718,2025-03-10T11:13:00,12
-0.3903,53.1718,2025-04-08T10:30:00,12
-0.3903,53.1718,2025-05-02T11:30:00,10.9
-0.3903,53.1718,2025-06-23T09:02:00,12.6
-0.3903,53.1718,2025-07-25T11:57:00,11
-0.3903,53.1718,2025-08-21T12:23:00,20
-0.3903,53.1718,2025-09-11T08:53:00,14
-0.3903,53.1718,2025-10-08T10:33:00,16.7
-0.3903,53.1718,2025-11-12T08:54:00,14.9
-0.3903,53.1718,2025-12-09T09:12:00,16
-0.0927,53.0306,2025-01-24T10:12:00,1.96
-0.0927,53.0306,2025-02-14T08:11:00,3.86
-0.0927,53.0306,2025-03-24T10:43:00,0.674
-0.0927,53.0306,2025-11-14T12:38:00,4.22
-0.0927,53.0306,2025-11-20T12:12:00,11.9
-0.0927,53.0306,2025-12-09T11:27:00,9.21
-0.0927,53.0306,2025-12-16T11:48:00,7.24
-0.2896,53.0692,2025-01-24T11:07:00,17
-0.2896,53.0692,2025-02-13T12:51:00,17
-0.2896,53.0692,2025-03-07T10:03:00,15
-0.2896,53.0692,2025-04-01T11:30:00,16
-0.2896,53.0692,2025-10-08T09:38:00,11
-0.2896,53.0692,2025-11-07T09:51:00,12
-0.2896,53.0692,2025-12-09T09:54:00,27
0.7135,52.1297,2025-01-23T12:23:00,6.49
0.7135,52.1297,2025-02-07T11:49:00,8.99
0.7135,52.1297,2025-03-31T10:59:00,4.47
0.6766,51.6361,2025-04-08T12:17:00,0.528
0.6766,51.6361,2025-05-12T10:52:00,0.28
0.6766,51.6361,2025-06-03T10:28:00,0.219
0.6766,51.6361,2025-07-30T10:41:00,0.213
0.6766,51.6361,2025-08-15T13:35:00,0.196
0.6766,51.6361,2025-09-01T11:37:00,0.363
0.6766,51.6361,2025-10-03T14:08:00,0.716
0.6766,51.6361,2025-11-13T11:49:00,0.94
0.6766,51.6361,2025-12-09T12:34:00,1.17
0.5909,51.6479,2025-01-28T10:03:00,13.9
0.5909,51.6479,2025-02-12T11:32:00,14.9
0.5909,51.6479,2025-03-20T11:11:00,5.67
0.5909,51.6479,2025-04-08T11:30:00,2.19
0.5909,51.6479,2025-05-12T11:29:00,0.387
0.5909,51.6479,2025-06-03T09:54:00,<0.196
0.5909,51.6479,2025-07-07T14:31:00,0.223
0.5909,51.6479,2025-08-01T08:53:00,0.364
0.5909,51.6479,2025-09-01T13:24:00,0.218
0.5909,51.6479,2025-10-07T13:55:00,2.63
0.5909,51.6479,2025-11-13T11:20:00,0.83
0.5909,51.6479,2025-12-01T11:24:00,0.94
0.57,51.6225,2025-10-03T10:34:00,9.33
0.57,51.6225,2025-11-13T11:05:00,3.81
0.57,51.6225,2025-12-01T11:45:00,5.73
1.5388,52.1107,2025-03-26T11:05:00,27
1.5388,52.1107,2025-07-11T09:48:00,29
0.5982,51.7514,2025-01-21T12:06:00,9.47
0.5982,51.7514,2025-02-05T08:44:00,10.9
0.5982,51.7514,2025-03-07T09:13:00,9.97
0.5982,51.7514,2025-11-11T12:57:00,5.95
0.5982,51.7514,2025-11-26T14:54:00,8.86
0.5982,51.7514,2025-12-01T11:24:00,9.96
0.5982,51.7514,2025-12-17T12:19:00,12
0.5479,51.7459,2025-01-10T12:44:00,12
0.5479,51.7459,2025-02-05T09:15:00,11
0.5479,51.7459,2025-03-03T12:41:00,11
0.5479,51.7459,2025-10-09T14:36:00,9.14
0.5479,51.7459,2025-11-25T09:57:00,8.67
0.5479,51.7459,2025-12-09T14:45:00,13
0.4796,51.7368,2025-01-24T13:22:00,8.77
0.4796,51.7368,2025-02-25T12:27:00,9.94
0.4796,51.7368,2025-03-21T14:24:00,9.67
0.4247,51.8504,2025-01-29T11:52:00,13
0.3764,51.8625,2025-01-03T11:47:00,9.94
0.3764,51.8625,2025-02-12T10:35:00,12
0.3764,51.8625,2025-03-06T11:41:00,9.75
0.3764,51.8625,2025-04-09T10:55:00,9.06
0.3764,51.8625,2025-10-09T12:53:00,6.75
0.3764,51.8625,2025-11-18T13:06:00,13
0.3764,51.8625,2025-12-17T10:11:00,9.47
0.3395,51.9632,2025-01-03T11:08:00,11
0.3395,51.9632,2025-01-09T12:28:00,9.69
0.3395,51.9632,2025-01-15T12:11:00,6.99
0.3395,51.9632,2025-01-22T12:45:00,7.09
0.3395,51.9632,2025-01-29T10:46:00,11
0.3395,51.9632,2025-02-05T12:08:00,8.58
0.3395,51.9632,2025-02-12T11:23:00,11
0.3395,51.9632,2025-02-20T11:52:00,7.79
0.3395,51.9632,2025-02-25T10:19:00,9.98
0.3395,51.9632,2025-03-05T11:04:00,7.89
0.3395,51.9632,2025-03-10T09:47:00,7.08
0.3395,51.9632,2025-03-19T11:44:00,5.99
0.3395,51.9632,2025-03-27T11:41:00,4.97
0.3395,51.9632,2025-04-02T12:25:00,4.77
0.3395,51.9632,2025-04-09T10:25:00,4.58
0.3395,51.9632,2025-04-14T09:43:00,4.27
0.3395,51.9632,2025-04-23T11:20:00,3.68
0.3395,51.9632,2025-05-01T12:46:00,2.68
0.3395,51.9632,2025-05-07T11:51:00,2.48
0.3395,51.9632,2025-05-14T11:05:00,1.67
0.3395,51.9632,2025-05-21T12:05:00,0.768
0.3395,51.9632,2025-05-28T12:18:00,0.478
0.3395,51.9632,2025-06-03T12:53:00,0.26
0.3395,51.9632,2025-06-10T12:36:00,6.03
0.3395,51.9632,2025-09-03T16:11:00,0.333
0.3395,51.9632,2025-10-22T13:16:00,0.206
0.3395,51.9632,2025-11-18T12:10:00,25.9
0.3395,51.9632,2025-11-26T11:57:00,25
0.3395,51.9632,2025-12-04T11:02:00,28
0.3395,51.9632,2025-12-09T11:50:00,22
0.3395,51.9632,2025-12-17T10:36:00,14
0.3395,51.9632,2025-12-23T11:47:00,22
0.3356,53.2303,2025-01-20T11:30:00,7.29
0.3356,53.2303,2025-02-07T08:55:00,6.59
0.3356,53.2303,2025-03-07T08:10:00,4.09
0.3356,53.2303,2025-04-02T12:05:00,3.78
0.3356,53.2303,2025-05-08T10:11:00,1.18
0.3356,53.2303,2025-06-03T08:03:00,0.206
0.3356,53.2303,2025-07-24T08:22:00,0.193
0.3356,53.2303,2025-08-06T08:59:00,<0.196
0.3356,53.2303,2025-09-01T13:14:00,0.193
0.3356,53.2303,2025-10-13T11:10:00,0.175
0.3356,53.2303,2025-11-07T08:04:00,0.294
0.3356,53.2303,2025-12-05T09:22:00,6.66
-0.697,52.6221,2025-01-06T09:23:00,3.09
-0.697,52.6221,2025-02-24T10:28:00,3.19
-0.697,52.6221,2025-03-14T12:01:00,3.98
-0.697,52.6221,2025-04-07T13:47:00,2.66
-0.697,52.6221,2025-05-09T13:10:00,1.77
-0.697,52.6221,2025-06-12T11:20:00,0.991
-0.697,52.6221,2025-07-04T09:43:00,0.655
-0.697,52.6221,2025-08-08T10:32:00,0.676
-0.697,52.6221,2025-09-01T11:26:00,0.615
-0.697,52.6221,2025-10-03T10:38:00,0.636
-0.697,52.6221,2025-11-07T10:32:00,0.226
-0.697,52.6221,2025-12-03T11:25:00,6.58
-0.6278,52.6177,2025-01-06T09:45:00,3.99
-0.6278,52.6177,2025-02-05T10:20:00,5.68
-0.6278,52.6177,2025-03-03T09:28:00,5.38
-0.6278,52.6177,2025-04-22T12:42:00,4.68
-0.6278,52.6177,2025-05-08T10:14:00,4.38
-0.6278,52.6177,2025-06-11T16:31:00,2.88
-0.6278,52.6177,2025-07-15T09:55:00,2.49
-0.6278,52.6177,2025-08-13T10:18:00,1.99
-0.6278,52.6177,2025-09-08T11:35:00,1.59
-0.6278,52.6177,2025-10-09T12:16:00,1.89
-0.6278,52.6177,2025-11-07T11:09:00,1.49
-0.6278,52.6177,2025-12-04T11:52:00,6.78
-0.5829,52.6164,2025-01-31T11:42:00,7.59
-0.5829,52.6164,2025-02-24T11:21:00,5.97
-0.5829,52.6164,2025-03-10T10:24:00,8.18
-0.5409,52.6347,2025-01-14T12:41:00,9.38
-0.5409,52.6347,2025-02-04T10:10:00,7.88
-0.5409,52.6347,2025-03-06T12:29:00,5.79
-0.5409,52.6347,2025-04-25T11:26:00,7.28
-0.5409,52.6347,2025-05-12T11:19:00,7.17
-0.5409,52.6347,2025-06-09T09:49:00,6.57
-0.5409,52.6347,2025-07-15T09:36:00,5.59
-0.5409,52.6347,2025-08-04T10:09:00,5.39
-0.5409,52.6347,2025-09-02T11:27:00,4.69
-0.5409,52.6347,2025-10-24T11:04:00,4.39
-0.5409,52.6347,2025-11-12T10:15:00,4.19
-0.5409,52.6347,2025-12-04T12:23:00,7.78
-0.5853,52.3193,2025-01-14T09:07:00,11
-0.5853,52.3193,2025-02-05T11:44:00,9.69
-0.5853,52.3193,2025-03-05T11:01:00,9.38
-0.5853,52.3193,2025-10-30T11:28:00,3.99
-0.5853,52.3193,2025-11-13T12:19:00,3.59
-0.5853,52.3193,2025-12-02T13:49:00,20
0.4419,51.7408,2025-01-22T10:08:00,14
0.4419,51.7408,2025-02-05T13:22:00,15
0.4419,51.7408,2025-03-06T10:35:00,15
1.1994,52.3486,2025-01-03T11:32:00,15
1.1994,52.3486,2025-02-05T10:56:00,14
1.1994,52.3486,2025-03-05T12:27:00,13
1.1994,52.3486,2025-04-02T10:37:00,10.8
1.1994,52.3486,2025-05-30T10:47:00,16.1
1.1994,52.3486,2025-07-23T11:54:00,4.01
1.1994,52.3486,2025-08-12T11:37:00,6.05
1.1994,52.3486,2025-09-08T10:15:00,0.243
1.1994,52.3486,2025-10-10T09:14:00,11.7
1.1994,52.3486,2025-11-10T12:52:00,10.3
1.1994,52.3486,2025-12-03T11:42:00,24
1.4801,52.5386,2025-01-30T08:34:00,8.57
1.4801,52.5386,2025-02-19T11:36:00,7.46
1.4801,52.5386,2025-03-11T10:10:00,8.12
1.4801,52.5386,2025-04-08T09:11:00,9.78
1.4801,52.5386,2025-05-09T10:32:00,11
1.4801,52.5386,2025-07-08T11:27:00,7.25
1.4801,52.5386,2025-07-31T11:55:00,7.77
1.4801,52.5386,2025-08-27T11:18:00,8.67
1.4801,52.5386,2025-09-23T11:58:00,11
1.4801,52.5386,2025-10-13T13:02:00,8.78
1.4801,52.5386,2025-11-10T13:39:00,8.87
1.4801,52.5386,2025-12-04T11:39:00,8.76
1.3291,52.0486,2025-03-31T12:11:00,26
1.3291,52.0486,2025-07-04T12:51:00,25
0.8656,51.8946,2025-01-21T08:48:00,8.61
0.8656,51.8946,2025-02-10T11:35:00,9.04
0.8656,51.8946,2025-03-28T13:43:00,7.93
0.8656,51.8946,2025-04-11T07:47:00,8.25
0.8656,51.8946,2025-05-16T10:48:00,8.56
0.8656,51.8946,2025-06-06T10:19:00,6.79
0.8656,51.8946,2025-07-03T10:52:00,7.24
0.8656,51.8946,2025-08-08T10:36:00,8.47
0.8656,51.8946,2025-09-04T13:09:00,5.84
0.8656,51.8946,2025-10-03T11:24:00,9.89
0.8656,51.8946,2025-11-04T08:26:00,8.86
0.8656,51.8946,2025-12-05T09:59:00,9.4
0.7059,51.9362,2025-04-08T14:02:00,5.36
0.7059,51.9362,2025-10-08T15:10:00,2.88
0.7059,51.9362,2025-11-07T14:02:00,2.88
0.7059,51.9362,2025-12-03T10:21:00,4.57
0.6871,51.9367,2025-01-23T13:56:00,8.16
0.6871,51.9367,2025-02-07T13:49:00,9.96
0.6871,51.9367,2025-03-07T11:09:00,9.37
0.6871,51.9367,2025-04-08T13:49:00,8.76
0.6871,51.9367,2025-05-29T10:23:00,7.24
0.6871,51.9367,2025-06-12T12:45:00,7.18
0.6871,51.9367,2025-07-10T11:21:00,9.98
0.6871,51.9367,2025-08-06T12:16:00,7.79
0.6871,51.9367,2025-09-10T15:17:00,9.99
0.6871,51.9367,2025-10-08T15:25:00,13
0.6871,51.9367,2025-11-07T13:53:00,7.52
0.6871,51.9367,2025-12-03T10:39:00,9.95
0.5664,52.01,2025-01-16T10:26:00,8.87
0.5664,52.01,2025-02-10T08:50:00,12
0.5664,52.01,2025-03-07T09:08:00,9.26
0.5664,52.01,2025-04-01T09:34:00,4.87
0.5664,52.01,2025-05-29T11:42:00,0.81
0.5664,52.01,2025-06-26T14:07:00,0.193
0.5664,52.01,2025-07-23T10:08:00,0.194
0.5664,52.01,2025-08-14T11:18:00,<0.196
0.5664,52.01,2025-09-02T10:45:00,<0.196
0.5664,52.01,2025-10-08T10:36:00,<0.196
0.5664,52.01,2025-11-07T10:33:00,<0.196
0.5664,52.01,2025-12-04T14:08:00,21.9
0.5592,52.0172,2025-01-16T10:37:00,8.29
0.5592,52.0172,2025-02-10T08:58:00,15
0.5592,52.0172,2025-03-18T08:36:00,6.49
0.5592,52.0172,2025-04-01T09:42:00,4.67
0.5592,52.0172,2025-10-08T10:55:00,0.626
0.5592,52.0172,2025-11-07T10:43:00,0.306
0.5592,52.0172,2025-12-09T13:06:00,42
0.5422,52.0283,2025-01-30T12:24:00,15
0.5422,52.0283,2025-02-13T11:52:00,15
0.5422,52.0283,2025-03-07T09:20:00,11
0.5422,52.0283,2025-04-01T09:51:00,6.06
0.5422,52.0283,2025-05-29T12:06:00,0.333
0.5422,52.0283,2025-06-17T13:36:00,0.27
0.5422,52.0283,2025-07-10T09:59:00,<0.196
0.5422,52.0283,2025-08-04T12:46:00,0.226
0.5422,52.0283,2025-09-02T10:04:00,0.257
0.5422,52.0283,2025-10-08T11:09:00,<0.196
0.5422,52.0283,2025-11-07T10:56:00,0.195
0.5422,52.0283,2025-12-09T12:54:00,28
0.8109,52.0559,2025-01-16T10:38:00,1.6
0.8109,52.0559,2025-07-29T11:03:00,6.9
0.267,53.1577,2025-01-07T10:11:00,5.18
0.267,53.1577,2025-02-07T11:09:00,0.839
0.267,53.1577,2025-03-19T10:48:00,0.948
0.267,53.1577,2025-05-15T10:46:00,0.13
0.267,53.1577,2025-06-27T11:19:00,<0.196
0.267,53.1577,2025-07-21T11:12:00,0.47
0.267,53.1577,2025-08-20T11:38:00,0.25
0.267,53.1577,2025-09-12T10:34:00,<0.196
0.267,53.1577,2025-10-08T09:51:00,<0.196
0.267,53.1577,2025-11-07T09:38:00,0.198
0.267,53.1577,2025-12-05T10:02:00,7.08
0.5307,51.6181,2025-01-24T11:52:00,4.41
0.5307,51.6181,2025-02-11T12:13:00,6.66
0.5307,51.6181,2025-03-03T11:30:00,7.54
0.5307,51.6181,2025-04-03T09:50:00,7.72
0.5307,51.6181,2025-05-12T14:27:00,8.3
0.5307,51.6181,2025-06-03T12:58:00,6.37
0.5307,51.6181,2025-07-07T14:04:00,5.79
0.5307,51.6181,2025-08-01T09:16:00,5.17
0.5307,51.6181,2025-09-01T14:53:00,2.54
0.5307,51.6181,2025-10-03T11:50:00,3.76
0.5307,51.6181,2025-11-13T10:45:00,4.35
0.5307,51.6181,2025-12-01T12:00:00,3.9
0.4462,51.599,2025-01-28T12:08:00,9.38
0.4462,51.599,2025-02-11T11:49:00,14
0.4462,51.599,2025-03-03T10:56:00,11
0.4462,51.599,2025-04-03T10:11:00,4.07
0.4462,51.599,2025-05-16T13:45:00,2.65
0.4462,51.599,2025-06-03T12:32:00,1.57
0.4462,51.599,2025-07-08T10:07:00,1.41
0.4462,51.599,2025-08-01T09:44:00,1.48
0.4462,51.599,2025-09-01T15:48:00,1.13
0.4462,51.599,2025-10-03T12:31:00,1.89
0.4462,51.599,2025-11-03T10:38:00,1.68
0.4462,51.599,2025-12-01T12:29:00,2.41
-0.9486,52.3417,2025-01-15T11:32:00,3.59
-0.9486,52.3417,2025-02-17T13:40:00,3.59
-0.9486,52.3417,2025-03-05T11:16:00,3.09
-0.9486,52.3417,2025-10-03T12:19:00,0.246
-0.9486,52.3417,2025-11-07T12:49:00,<0.196
-0.9486,52.3417,2025-12-12T10:14:00,7.18
0.189,53.4178,2025-01-20T10:10:00,9.98
0.189,53.4178,2025-02-03T11:56:00,3.88
0.189,53.4178,2025-03-03T08:45:00,8.28
0.189,53.4178,2025-05-13T09:20:00,5.75
0.189,53.4178,2025-06-04T08:01:00,0.195
0.189,53.4178,2025-07-11T10:38:00,0.194
0.189,53.4178,2025-08-05T09:03:00,0.195
0.189,53.4178,2025-09-09T10:20:00,0.192
0.189,53.4178,2025-10-06T10:02:00,<0.196
0.189,53.4178,2025-11-03T12:12:00,0.196
0.189,53.4178,2025-12-03T10:51:00,14
-0.6346,52.8483,2025-01-22T12:26:00,15
-0.6346,52.8483,2025-02-14T11:11:00,13
-0.6346,52.8483,2025-03-05T09:03:00,13
-0.6346,52.8483,2025-10-21T12:50:00,7.37
-0.6346,52.8483,2025-11-03T11:59:00,7.28
-0.6346,52.8483,2025-12-16T11:01:00,13
-0.6348,52.8367,2025-01-22T12:36:00,13
-0.6348,52.8367,2025-02-14T10:52:00,7.37
-0.6348,52.8367,2025-03-05T09:51:00,7.67
-0.6348,52.8367,2025-05-07T11:17:00,3.27
-0.6348,52.8367,2025-06-25T12:26:00,0.211
-0.6348,52.8367,2025-07-23T11:02:00,<0.196
-0.6348,52.8367,2025-11-03T11:42:00,<0.196
-0.6348,52.8367,2025-12-08T11:41:00,6.48
-0.7137,52.8012,2025-01-27T11:25:00,1.6
-0.7137,52.8012,2025-02-10T09:28:00,6.07
-0.7137,52.8012,2025-03-10T10:26:00,1.19
1.1095,52.5977,2025-01-29T09:40:00,<0.196
1.1095,52.5977,2025-10-14T10:50:00,<0.196
0.1195,52.6319,2025-01-14T14:01:00,4.08
0.1195,52.6319,2025-02-20T10:22:00,2.69
0.1195,52.6319,2025-03-11T15:49:00,1.88
0.1195,52.6319,2025-04-01T12:54:00,1.39
0.1195,52.6319,2025-10-27T13:12:00,1.76
0.1195,52.6319,2025-11-26T10:10:00,4.3
0.1195,52.6319,2025-12-08T14:26:00,5.92
-0.0914,53.1153,2025-01-24T10:31:00,17.9
-0.0914,53.1153,2025-02-14T08:28:00,16.9
-0.0914,53.1153,2025-03-24T11:37:00,4.79
-0.0914,53.1153,2025-11-04T11:50:00,6.56
-0.0914,53.1153,2025-11-20T11:51:00,15
-0.0914,53.1153,2025-12-03T11:05:00,25.9
-0.0914,53.1153,2025-12-16T11:33:00,11
1.1805,52.2281,2025-02-05T08:25:00,9.89
1.1805,52.2281,2025-02-25T10:18:00,11
1.1805,52.2281,2025-03-24T11:25:00,6.97
1.1805,52.2281,2025-12-04T09:08:00,35.9
1.2229,52.2077,2025-01-02T11:45:00,12.9
1.2229,52.2077,2025-01-10T13:57:00,14
1.2229,52.2077,2025-01-15T10:35:00,12
1.2229,52.2077,2025-01-22T10:00:00,11
1.2229,52.2077,2025-01-29T10:25:00,14
1.2229,52.2077,2025-02-05T14:00:00,13
1.2229,52.2077,2025-02-12T12:50:00,13
1.2229,52.2077,2025-02-25T10:30:00,13
1.2229,52.2077,2025-03-05T12:48:00,12
1.2229,52.2077,2025-03-12T13:11:00,9.78
1.2229,52.2077,2025-03-19T11:13:00,9.58
1.2229,52.2077,2025-03-27T13:22:00,7.67
1.2229,52.2077,2025-04-02T11:30:00,7.17
1.2229,52.2077,2025-04-09T11:13:00,9.96
1.2229,52.2077,2025-04-15T14:04:00,13.9
1.2229,52.2077,2025-04-23T13:30:00,9.43
1.2229,52.2077,2025-05-01T11:41:00,10.9
1.2229,52.2077,2025-05-07T13:02:00,13.9
1.2229,52.2077,2025-05-14T12:27:00,15.8
1.2229,52.2077,2025-05-22T10:00:00,16.8
1.2229,52.2077,2025-05-28T12:32:00,18.6
1.2229,52.2077,2025-06-03T11:07:00,17.6
1.2229,52.2077,2025-06-13T12:36:00,16.8
1.2229,52.2077,2025-06-18T11:20:00,13.8
1.2229,52.2077,2025-06-25T11:11:00,9.87
1.2229,52.2077,2025-07-02T14:20:00,12.8
1.2229,52.2077,2025-07-09T11:42:00,16.9
1.2229,52.2077,2025-07-11T10:32:00,17.9
1.2229,52.2077,2025-07-18T12:51:00,17.9
1.2229,52.2077,2025-07-22T12:30:00,8.13
1.2229,52.2077,2025-08-06T08:29:00,12
1.2229,52.2077,2025-08-11T14:22:00,14
1.2229,52.2077,2025-08-20T09:47:00,16
1.2229,52.2077,2025-08-26T08:50:00,16
1.2229,52.2077,2025-09-03T10:55:00,20.9
1.2229,52.2077,2025-09-09T11:27:00,19.9
1.2229,52.2077,2025-09-19T12:05:00,18.8
1.2229,52.2077,2025-09-23T11:10:00,18.9
1.2229,52.2077,2025-10-01T09:54:00,18.9
1.2229,52.2077,2025-10-07T10:43:00,26.7
1.2229,52.2077,2025-10-15T12:01:00,19.9
1.2229,52.2077,2025-10-21T11:00:00,24.8
1.2229,52.2077,2025-10-29T10:42:00,7.2
1.2229,52.2077,2025-11-05T09:38:00,16.6
1.2229,52.2077,2025-11-11T09:45:00,15.8
1.2229,52.2077,2025-11-18T11:56:00,19.9
1.2229,52.2077,2025-11-25T12:03:00,26
1.2229,52.2077,2025-12-03T08:42:00,20
1.2229,52.2077,2025-12-09T11:23:00,20
1.2229,52.2077,2025-12-17T09:10:00,20
1.2229,52.2077,2025-12-23T11:40:00,24
1.267,52.211,2025-01-02T11:25:00,12
1.267,52.211,2025-01-10T13:35:00,9.98
1.267,52.211,2025-01-15T10:50:00,8.28
1.267,52.211,2025-01-22T10:10:00,7.38
1.267,52.211,2025-01-29T10:45:00,12
1.267,52.211,2025-02-05T13:42:00,8.98
1.267,52.211,2025-02-12T12:35:00,11
1.267,52.211,2025-02-19T12:50:00,9.98
1.267,52.211,2025-02-25T10:50:00,11
1.267,52.211,2025-03-05T12:33:00,9.27
1.267,52.211,2025-03-12T12:54:00,6.38
1.267,52.211,2025-03-19T10:58:00,4.88
1.267,52.211,2025-03-27T13:03:00,4.08
1.267,52.211,2025-04-02T11:10:00,4.68
1.267,52.211,2025-04-09T10:58:00,4.68
1.267,52.211,2025-04-15T13:58:00,3.26
1.267,52.211,2025-04-23T12:35:00,2.66
1.267,52.211,2025-05-01T11:22:00,3.39
1.267,52.211,2025-05-07T12:38:00,2.43
1.267,52.211,2025-05-14T12:08:00,3.34
1.267,52.211,2025-05-22T10:15:00,5.52
1.267,52.211,2025-05-28T11:40:00,5.6
1.267,52.211,2025-06-03T10:51:00,4.27
1.267,52.211,2025-06-13T12:16:00,5.35
1.267,52.211,2025-06-18T11:45:00,4.22
1.267,52.211,2025-06-25T10:56:00,7.06
1.267,52.211,2025-07-02T13:55:00,10.8
1.267,52.211,2025-07-09T11:18:00,12.9
1.267,52.211,2025-07-11T10:56:00,12.9
1.267,52.211,2025-07-18T12:25:00,12.9
1.267,52.211,2025-07-22T12:05:00,9.09
1.267,52.211,2025-08-06T08:47:00,7.25
1.267,52.211,2025-08-11T13:38:00,7.85
1.267,52.211,2025-08-20T09:32:00,12.9
1.267,52.211,2025-08-26T09:10:00,13.9
1.267,52.211,2025-09-03T10:24:00,0.489
1.267,52.211,2025-09-09T10:54:00,7.01
1.267,52.211,2025-09-19T11:45:00,11.8
1.267,52.211,2025-09-23T11:11:00,5.56
1.267,52.211,2025-10-01T10:17:00,7.54
1.267,52.211,2025-10-07T10:28:00,9.8
1.267,52.211,2025-10-15T12:22:00,9.3
1.267,52.211,2025-10-21T10:28:00,8.03
1.267,52.211,2025-10-29T11:08:00,3.24
1.267,52.211,2025-11-05T10:02:00,3.37
1.267,52.211,2025-11-11T09:47:00,4.57
1.267,52.211,2025-11-18T11:40:00,10.9
1.267,52.211,2025-11-25T12:13:00,17
1.267,52.211,2025-12-03T09:02:00,16
1.267,52.211,2025-12-09T11:04:00,14
1.267,52.211,2025-12-17T10:24:00,12
1.267,52.211,2025-12-23T11:27:00,15
1.3217,52.1789,2025-01-29T08:57:00,12
1.3217,52.1789,2025-02-12T10:56:00,11
1.3217,52.1789,2025-03-06T11:41:00,8.18
1.3217,52.1789,2025-08-11T13:18:00,0.59
1.3217,52.1789,2025-09-09T10:18:00,0.695
1.3217,52.1789,2025-10-07T10:10:00,1.39
1.3217,52.1789,2025-11-18T11:20:00,12.9
1.3217,52.1789,2025-12-04T10:14:00,14
1.3912,52.1301,2025-02-28T11:22:00,9.88
1.3912,52.1301,2025-03-18T13:50:00,6.38
1.3912,52.1301,2025-03-26T10:38:00,4.88
1.3912,52.1301,2025-04-04T10:32:00,4.69
1.3912,52.1301,2025-04-07T11:20:00,3.98
1.3912,52.1301,2025-04-15T10:50:00,4.08
1.3912,52.1301,2025-04-22T11:41:00,3.87
1.3912,52.1301,2025-05-08T12:45:00,3.58
1.3912,52.1301,2025-05-14T10:57:00,3.67
1.3912,52.1301,2025-06-05T10:20:00,3.66
1.3912,52.1301,2025-06-13T11:00:00,3.27
1.3912,52.1301,2025-07-04T11:14:00,3.97
1.3912,52.1301,2025-08-06T10:50:00,3.39
1.3912,52.1301,2025-09-09T12:22:00,3.69
1.3912,52.1301,2025-10-03T09:46:00,3.09
1.3912,52.1301,2025-11-11T12:55:00,4.65
1.3912,52.1301,2025-12-04T10:41:00,9.95
1.3513,52.1293,2025-02-18T15:38:00,7.19
1.3513,52.1293,2025-03-06T12:01:00,5.08
1.3513,52.1293,2025-03-24T14:30:00,2.39
1.3513,52.1293,2025-10-09T12:07:00,2.09
1.3513,52.1293,2025-11-06T09:07:00,1.66
1.3513,52.1293,2025-12-11T10:26:00,13
1.3581,52.1176,2025-04-10T11:25:00,5.28
1.3581,52.1176,2025-10-09T11:52:00,5.17
1.3581,52.1176,2025-11-18T10:05:00,10.9
1.3581,52.1176,2025-12-04T11:00:00,9.85
1.3442,52.1022,2025-04-10T16:03:00,1.18
1.3442,52.1022,2025-10-06T12:29:00,2.06
1.3442,52.1022,2025-11-06T09:25:00,4.55
1.3442,52.1022,2025-12-04T12:02:00,7.25
1.3194,52.089,2025-04-10T11:53:00,2.67
1.3194,52.089,2025-10-06T12:01:00,1.56
1.3194,52.089,2025-11-06T09:54:00,2.36
1.3194,52.089,2025-12-04T11:32:00,4.95
1.2951,52.0771,2025-05-15T13:37:00,3.9
1.2951,52.0771,2025-06-24T10:17:00,0.913
1.2951,52.0771,2025-07-23T11:44:00,0.75
1.2951,52.0771,2025-08-20T10:03:00,2.31
1.2951,52.0771,2025-09-04T11:50:00,1.16
1.2951,52.0771,2025-10-06T11:40:00,1.66
1.2951,52.0771,2025-11-06T10:56:00,7.58
1.2951,52.0771,2025-12-04T11:08:00,11.9
1.3134,52.0783,2025-04-10T13:13:00,0.616
1.3134,52.0783,2025-10-06T13:52:00,1.07
1.3134,52.0783,2025-11-06T10:26:00,1.57
1.3134,52.0783,2025-12-30T09:55:00,4.36
1.3327,52.0517,2025-04-07T12:42:00,0.987
1.3327,52.0517,2025-10-06T14:26:00,0.74
1.3327,52.0517,2025-11-06T11:20:00,0.725
1.3327,52.0517,2025-12-04T12:42:00,1.88
-0.3077,52.8658,2025-02-04T13:25:00,<0.196
-0.3077,52.8658,2025-08-26T09:22:00,<0.196
-0.5933,52.5165,2025-02-11T14:45:00,15
-0.5933,52.5165,2025-04-11T10:57:00,<0.196
-0.3663,52.833,2025-01-24T12:40:00,8.49
-0.3663,52.833,2025-02-14T12:28:00,9.49
-0.3663,52.833,2025-03-10T13:16:00,8.79
-0.3663,52.833,2025-11-05T12:21:00,0.376
-0.3663,52.833,2025-11-25T11:58:00,19
-0.3663,52.833,2025-12-01T13:00:00,19
-0.3663,52.833,2025-12-18T11:43:00,13
1.1009,52.2443,2025-01-24T11:02:00,6.76
1.1009,52.2443,2025-02-18T12:08:00,7.79
1.1009,52.2443,2025-03-14T11:56:00,4.86
1.1009,52.2443,2025-11-10T12:12:00,0.256
1.1009,52.2443,2025-11-17T14:01:00,13
1.1009,52.2443,2025-12-09T08:59:00,12
1.1009,52.2443,2025-12-15T13:26:00,14
1.1016,52.2929,2025-01-22T12:00:00,11.9
1.1016,52.2929,2025-02-13T12:35:00,13
1.1016,52.2929,2025-03-14T12:13:00,10.9
1.1016,52.2929,2025-11-10T13:31:00,0.943
1.1016,52.2929,2025-11-17T12:57:00,15.8
1.1016,52.2929,2025-12-09T09:20:00,21.9
1.1016,52.2929,2025-12-15T14:07:00,17.9
1.1562,52.3201,2025-01-03T11:17:00,11.9
1.1562,52.3201,2025-02-13T12:51:00,11
1.1562,52.3201,2025-03-05T11:12:00,9.97
1.1562,52.3201,2025-08-21T13:48:00,0.974
1.1562,52.3201,2025-09-05T14:06:00,2.39
1.1562,52.3201,2025-10-10T08:58:00,2.58
1.1562,52.3201,2025-11-10T12:35:00,2.28
1.1562,52.3201,2025-12-03T11:53:00,9.71
1.1897,52.357,2025-01-24T10:18:00,9.8
1.1897,52.357,2025-02-07T10:27:00,8.55
1.1897,52.357,2025-03-05T12:17:00,9.37
-1.0884,52.3054,2025-02-13T11:31:00,7
-1.0884,52.3054,2025-02-27T13:12:00,6.19
-1.0884,52.3054,2025-03-13T14:29:00,7.39
-1.0884,52.3054,2025-04-04T10:09:00,6.59
-1.0884,52.3054,2025-05-09T10:01:00,6.19
-1.0884,52.3054,2025-06-03T11:49:00,6.07
-1.0884,52.3054,2025-07-07T15:04:00,4.09
-1.0884,52.3054,2025-08-04T13:18:00,5.29
-1.0884,52.3054,2025-09-03T13:03:00,5.09
-1.0884,52.3054,2025-10-03T11:00:00,4.69
-1.0884,52.3054,2025-11-04T12:30:00,4.48
-1.0884,52.3054,2025-12-12T11:22:00,9.99
-0.9154,52.5482,2025-01-03T10:22:00,5.78
-0.9154,52.5482,2025-02-03T10:37:00,6.19
-0.9154,52.5482,2025-03-03T10:45:00,5.88
-0.9154,52.5482,2025-05-06T11:40:00,1.97
-0.9154,52.5482,2025-06-10T13:10:00,1.29
-0.9154,52.5482,2025-10-03T09:16:00,1.34
-0.9154,52.5482,2025-11-14T12:08:00,33.8
-0.9154,52.5482,2025-12-01T11:40:00,19
-0.5462,52.5973,2025-01-13T14:34:00,6.77
-0.5462,52.5973,2025-02-04T10:30:00,6.37
-0.5462,52.5973,2025-03-10T12:49:00,5.99
-0.5462,52.5973,2025-04-10T12:15:00,5.89
-0.5462,52.5973,2025-08-07T14:04:00,3.97
-0.5462,52.5973,2025-09-02T11:49:00,3.37
-0.5462,52.5973,2025-10-27T12:51:00,6.58
-0.5462,52.5973,2025-11-10T09:38:00,4.79
-0.5462,52.5973,2025-12-03T10:26:00,10.9
1.624,52.2788,2025-01-28T11:45:00,9.66
1.624,52.2788,2025-02-20T12:19:00,2.78
1.624,52.2788,2025-03-06T09:44:00,2.79
1.624,52.2788,2025-04-22T13:33:00,1.9
1.624,52.2788,2025-05-29T13:52:00,1.79
1.624,52.2788,2025-06-24T12:28:00,1.88
1.624,52.2788,2025-07-11T11:27:00,1.88
1.624,52.2788,2025-08-13T09:14:00,1.79
1.624,52.2788,2025-09-03T12:40:00,1.78
1.624,52.2788,2025-10-09T09:40:00,1.69
1.624,52.2788,2025-11-11T11:46:00,1.27
1.624,52.2788,2025-12-02T11:30:00,2.18
1.6232,52.3041,2025-01-30T11:09:00,1.49
1.6232,52.3041,2025-02-25T11:10:00,1.3
1.6232,52.3041,2025-03-18T11:44:00,1.9
1.6232,52.3041,2025-04-24T11:56:00,<0.196
1.6232,52.3041,2025-05-29T13:27:00,<0.196
1.6232,52.3041,2025-06-24T12:05:00,0.547
1.6232,52.3041,2025-07-23T09:08:00,0.206
1.6232,52.3041,2025-08-13T08:49:00,1.58
1.6232,52.3041,2025-09-03T12:16:00,1.29
1.6232,52.3041,2025-10-09T09:23:00,1.18
1.6232,52.3041,2025-11-11T10:25:00,0.877
1.6232,52.3041,2025-12-02T11:00:00,1.09
-0.7509,52.9644,2025-01-27T12:13:00,5.08
-0.7509,52.9644,2025-02-17T10:38:00,5.29
-0.7509,52.9644,2025-03-19T12:49:00,5.03
-0.7509,52.9644,2025-04-08T13:19:00,4.76
-0.7509,52.9644,2025-06-25T10:57:00,<0.196
-0.7509,52.9644,2025-07-11T11:25:00,0.473
-0.7509,52.9644,2025-08-15T09:48:00,0.209
-0.7509,52.9644,2025-08-26T11:22:00,0.218
-0.7509,52.9644,2025-09-16T09:20:00,0.618
-0.7509,52.9644,2025-10-21T11:44:00,1.27
-0.7509,52.9644,2025-11-25T10:23:00,19
-0.7509,52.9644,2025-12-18T10:08:00,15
-0.7836,52.2492,2025-02-03T12:03:00,6.37
-0.7836,52.2492,2025-05-09T11:57:00,12
-0.7836,52.2492,2025-06-04T11:36:00,29
-0.7836,52.2492,2025-07-04T10:25:00,22.9
-0.7836,52.2492,2025-08-06T11:30:00,25.9
-0.7836,52.2492,2025-09-10T11:40:00,26
-0.7836,52.2492,2025-10-17T15:49:00,35
-0.7836,52.2492,2025-11-05T11:56:00,27.9
-0.7836,52.2492,2025-12-05T12:37:00,19.9
-0.7823,52.2474,2025-01-14T10:26:00,33.9
-0.7823,52.2474,2025-02-03T12:13:00,34
-0.7823,52.2474,2025-03-04T12:11:00,37.9
-0.7823,52.2474,2025-04-11T10:46:00,32
-0.7823,52.2474,2025-05-12T09:52:00,33.9
-0.7823,52.2474,2025-06-04T11:43:00,29
-0.7823,52.2474,2025-07-04T10:19:00,22.9
-0.7823,52.2474,2025-08-15T12:33:00,25
-0.7823,52.2474,2025-09-10T11:34:00,26
-0.7823,52.2474,2025-10-17T15:44:00,36
-0.7823,52.2474,2025-11-05T12:02:00,34
-0.7823,52.2474,2025-12-05T12:30:00,18.9
0.1019,53.1403,2025-01-24T09:02:00,5.36
0.1019,53.1403,2025-02-10T11:20:00,5.27
0.1019,53.1403,2025-03-20T09:02:00,4.67
1.1647,52.8235,2025-04-28T17:20:00,18
1.1647,52.8235,2025-10-02T13:18:00,21
-0.325,53.1964,2025-01-22T10:53:00,13
-0.325,53.1964,2025-02-05T12:35:00,9.72
-0.325,53.1964,2025-03-20T08:20:00,6.28
-0.325,53.1964,2025-04-09T11:34:00,2.38
-0.325,53.1964,2025-10-27T10:27:00,4
-0.325,53.1964,2025-11-24T10:58:00,18
-0.325,53.1964,2025-12-08T11:51:00,17.9
1.6682,52.3781,2025-01-30T09:49:00,8.28
1.6682,52.3781,2025-02-14T12:30:00,5.17
1.6682,52.3781,2025-03-11T10:59:00,7.46
1.6682,52.3781,2025-04-24T11:12:00,8.36
1.6682,52.3781,2025-06-23T11:15:00,5.02
1.6682,52.3781,2025-09-03T11:14:00,5.06
1.6682,52.3781,2025-10-14T10:19:00,5.25
1.6682,52.3781,2025-11-28T11:26:00,11.9
1.6682,52.3781,2025-12-18T12:51:00,5.75
-1.1238,52.2112,2025-01-27T10:13:00,3.59
-1.1238,52.2112,2025-02-10T11:19:00,4.39
-1.1238,52.2112,2025-03-03T14:11:00,4.1
-1.1238,52.2112,2025-04-07T12:41:00,3.99
-1.1238,52.2112,2025-05-07T10:59:00,3.69
-1.1238,52.2112,2025-06-09T13:47:00,3.09
-1.1238,52.2112,2025-07-07T13:57:00,2.29
-1.1238,52.2112,2025-08-04T12:17:00,2.3
-1.1238,52.2112,2025-09-08T12:00:00,1.8
-1.1238,52.2112,2025-10-08T14:51:00,1.5
-1.1238,52.2112,2025-11-04T11:23:00,1.1
-1.1238,52.2112,2025-12-09T15:13:00,9.48
-1.1128,52.2232,2025-01-27T10:20:00,5.49
-1.1128,52.2232,2025-02-12T12:07:00,4.96
-1.1128,52.2232,2025-03-13T13:41:00,4.59
-1.1128,52.2232,2025-03-31T11:31:00,3.69
-1.1128,52.2232,2025-04-30T09:57:00,2.99
-1.1128,52.2232,2025-10-10T12:25:00,1.7
-1.1128,52.2232,2025-11-13T09:59:00,9.56
-1.1128,52.2232,2025-12-15T10:58:00,6.68
-0.9051,52.6305,2025-01-21T13:05:00,5.2
-0.9051,52.6305,2025-02-07T12:51:00,4.69
-0.9051,52.6305,2025-03-10T13:23:00,4.59
-0.8189,52.5955,2025-01-09T13:15:00,4.69
-0.8189,52.5955,2025-02-18T12:57:00,4.49
-0.8189,52.5955,2025-03-10T13:51:00,4.26
-0.8189,52.5955,2025-04-07T13:32:00,3.68
-0.8189,52.5955,2025-05-06T10:38:00,2.89
-0.8189,52.5955,2025-06-09T12:07:00,2.37
-0.8189,52.5955,2025-07-07T12:23:00,1.39
-0.8189,52.5955,2025-08-08T10:57:00,1.09
-0.8189,52.5955,2025-09-01T11:42:00,0.861
-0.8189,52.5955,2025-10-03T10:22:00,0.976
-0.8189,52.5955,2025-11-14T13:32:00,13
-0.8189,52.5955,2025-12-03T11:40:00,9.99
-0.7642,52.5749,2025-01-13T08:42:00,5.09
-0.7642,52.5749,2025-02-18T12:46:00,4.59
-0.7642,52.5749,2025-03-10T14:01:00,4.19
-0.7642,52.5749,2025-05-06T10:55:00,2.49
-0.7642,52.5749,2025-06-09T12:28:00,1.58
-0.7642,52.5749,2025-07-16T11:11:00,0.456
-0.7642,52.5749,2025-08-08T11:19:00,0.35
-0.7642,52.5749,2025-09-08T10:12:00,0.504
-0.7642,52.5749,2025-10-03T10:05:00,0.406
-0.7642,52.5749,2025-11-03T10:18:00,0.995
-0.7642,52.5749,2025-12-03T11:55:00,9.99
0.7581,52.8916,2025-05-21T12:40:00,12
0.7581,52.8916,2025-11-05T11:52:00,12
0.7581,52.8916,2025-05-21T12:48:00,11
0.7545,52.9055,2025-06-16T12:34:00,12
0.7545,52.9055,2025-11-05T12:19:00,11
0.754,52.9055,2025-05-21T14:39:00,11
0.7631,52.8773,2025-04-30T10:22:00,12
0.7631,52.8773,2025-10-20T12:48:00,11
0.8452,52.8233,2025-01-15T12:37:00,10
0.8452,52.8233,2025-04-25T10:01:00,11
0.8452,52.8233,2025-07-24T11:15:00,11
-0.3825,53.2859,2025-01-22T09:58:00,11
-0.3825,53.2859,2025-02-05T10:19:00,12
-0.3825,53.2859,2025-03-20T09:30:00,8.37
-0.3825,53.2859,2025-05-14T11:18:00,0.835
-0.3825,53.2859,2025-06-25T09:42:00,<0.196
-0.3825,53.2859,2025-07-31T11:23:00,<0.196
-0.3825,53.2859,2025-08-22T12:12:00,<0.196
-0.3825,53.2859,2025-09-10T09:16:00,<0.196
-0.3825,53.2859,2025-10-13T09:50:00,<0.196
-0.3825,53.2859,2025-11-13T08:50:00,20.5
-0.3825,53.2859,2025-11-24T12:24:00,18
-0.3825,53.2859,2025-12-10T10:54:00,13
-0.3825,53.2859,2025-12-16T10:08:00,11.8
-0.44,53.3424,2025-01-21T09:35:00,9.89
-0.44,53.3424,2025-02-13T09:07:00,9.49
-0.44,53.3424,2025-03-06T09:54:00,9.99
-0.44,53.3424,2025-04-08T09:12:00,2.29
-0.44,53.3424,2025-05-08T11:59:00,<0.196
-0.44,53.3424,2025-07-30T11:05:00,<0.196
-0.44,53.3424,2025-10-01T11:58:00,<0.196
-0.44,53.3424,2025-11-07T08:39:00,18.9
-0.44,53.3424,2025-12-05T10:40:00,15
-0.2872,53.0641,2025-01-22T09:33:00,9.17
-0.2872,53.0641,2025-02-13T12:47:00,9.15
-0.2872,53.0641,2025-03-07T09:59:00,13.7
-0.2872,53.0641,2025-05-02T10:33:00,15.9
-0.2872,53.0641,2025-06-27T10:35:00,11.9
-0.2872,53.0641,2025-07-24T12:17:00,11.9
-0.2872,53.0641,2025-08-14T10:13:00,14.9
-0.2872,53.0641,2025-09-08T08:53:00,17.9
-0.2872,53.0641,2025-10-08T09:31:00,19
-0.2872,53.0641,2025-11-12T10:16:00,19.9
-0.2872,53.0641,2025-12-09T09:49:00,16.1
-0.0447,52.8721,2025-01-29T13:14:00,4.16
-0.0447,52.8721,2025-02-14T09:08:00,4.56
-0.0447,52.8721,2025-03-04T12:34:00,2.68
-0.0447,52.8721,2025-04-10T12:19:00,0.222
-0.0447,52.8721,2025-05-08T10:05:00,0.469
-0.0447,52.8721,2025-06-19T09:11:00,0.18
-0.0447,52.8721,2025-07-15T13:25:00,0.166
-0.0447,52.8721,2025-08-22T10:34:00,0.139
-0.0447,52.8721,2025-09-10T09:43:00,0.172
-0.0447,52.8721,2025-10-10T09:31:00,0.191
-0.0447,52.8721,2025-11-04T09:35:00,0.164
-0.0447,52.8721,2025-12-03T10:00:00,9.26
-0.6527,53.3365,2025-01-03T09:54:00,13
-0.6527,53.3365,2025-02-03T12:08:00,11
-0.6527,53.3365,2025-03-11T10:11:00,9.14
-0.6527,53.3365,2025-05-08T09:04:00,9.94
-0.6527,53.3365,2025-06-09T13:46:00,7.37
-0.6527,53.3365,2025-07-15T12:19:00,<0.196
-0.6527,53.3365,2025-08-15T10:56:00,<0.196
-0.6527,53.3365,2025-09-08T11:27:00,0.807
-0.6527,53.3365,2025-10-09T11:56:00,7.75
-0.6527,53.3365,2025-11-11T12:41:00,20
-0.6527,53.3365,2025-12-03T10:44:00,15
-0.5547,52.5872,2025-01-02T11:02:00,4.9
-0.5547,52.5872,2025-02-06T09:43:00,5.4
-0.5547,52.5872,2025-03-03T09:12:00,5
-0.5547,52.5872,2025-04-10T12:27:00,4.7
-0.5547,52.5872,2025-10-24T10:37:00,4.1
-0.5547,52.5872,2025-11-12T10:37:00,4.79
-0.5547,52.5872,2025-12-03T09:41:00,5.4
0.1356,53.0947,2025-01-24T09:17:00,4.67
-0.5795,53.2392,2025-01-09T08:56:00,6.98
-0.5795,53.2392,2025-02-07T11:12:00,9.96
-0.5795,53.2392,2025-03-03T10:36:00,7.16
-0.5795,53.2392,2025-10-07T10:48:00,2.08
-0.5795,53.2392,2025-11-13T12:24:00,17.9
-0.5795,53.2392,2025-12-04T09:36:00,15.9
-0.6378,53.2639,2025-01-06T10:34:00,4.27
-0.6378,53.2639,2025-02-17T11:02:00,6.07
-0.6378,53.2639,2025-03-06T09:59:00,5.09
-0.6378,53.2639,2025-05-15T12:32:00,3.57
-0.6378,53.2639,2025-06-26T10:47:00,9.13
-0.6378,53.2639,2025-07-10T11:10:00,2.26
-0.6378,53.2639,2025-08-11T10:11:00,9.27
-0.6378,53.2639,2025-09-10T13:06:00,4.96
-0.6378,53.2639,2025-10-13T11:12:00,1.09
-0.6378,53.2639,2025-11-11T11:42:00,7.34
-0.6378,53.2639,2025-12-03T11:04:00,9.94
-0.6975,53.2601,2025-01-24T10:39:00,2.88
-0.6975,53.2601,2025-02-13T11:11:00,2.98
-0.6975,53.2601,2025-03-06T10:07:00,4.09
-0.714,52.9439,2025-01-22T11:04:00,9.08
-0.714,52.9439,2025-02-18T11:34:00,9.08
-0.714,52.9439,2025-03-25T10:51:00,7.58
-0.714,52.9439,2025-11-14T09:51:00,25.8
-0.714,52.9439,2025-11-25T10:03:00,13.9
-0.714,52.9439,2025-12-05T11:04:00,11
-0.714,52.9439,2025-12-18T09:50:00,12
-0.7031,52.9857,2025-01-22T10:53:00,9.98
-0.7031,52.9857,2025-02-18T10:58:00,8.47
-0.7031,52.9857,2025-03-25T09:51:00,7.07
-0.7031,52.9857,2025-04-11T12:20:00,6.18
-0.7031,52.9857,2025-10-20T10:52:00,4.05
-0.7031,52.9857,2025-11-05T12:54:00,4.47
-0.7031,52.9857,2025-12-05T10:03:00,15
-0.0962,52.9184,2025-01-27T12:03:00,3.98
-0.0962,52.9184,2025-02-17T13:12:00,3.29
-0.0962,52.9184,2025-03-07T11:57:00,2.18
-0.0962,52.9184,2025-11-04T13:12:00,0.335
-0.0962,52.9184,2025-11-20T12:36:00,2.67
-0.0962,52.9184,2025-12-08T13:48:00,7.96
-0.0962,52.9184,2025-12-16T12:21:00,3.93
1.3184,52.7086,2025-07-10T10:39:00,3.8
1.4821,52.1773,2025-04-10T10:00:00,11.9
1.4821,52.1773,2025-08-29T10:39:00,11.9
1.4821,52.1773,2025-09-29T10:55:00,13.9
1.4821,52.1773,2025-10-14T11:11:00,12.8
1.4821,52.1773,2025-10-30T09:19:00,6.03
1.4821,52.1773,2025-11-26T10:34:00,12.9
1.4821,52.1773,2025-12-11T09:48:00,12.9
-0.6337,53.0578,2025-01-22T10:24:00,8.59
-0.6337,53.0578,2025-02-14T10:14:00,8.79
-0.6337,53.0578,2025-03-05T10:01:00,6.67
-0.6337,53.0578,2025-04-11T13:25:00,12.9
-0.6337,53.0578,2025-05-14T10:20:00,12.9
-0.6337,53.0578,2025-06-25T09:47:00,<0.196
-0.6337,53.0578,2025-07-24T10:42:00,1.82
-0.6337,53.0578,2025-08-15T10:13:00,<0.196
-0.6337,53.0578,2025-09-15T11:54:00,2.19
-0.6337,53.0578,2025-12-17T10:59:00,19
1.2,52.0923,2025-01-29T12:52:00,14
1.2,52.0923,2025-02-12T10:28:00,15
1.2,52.0923,2025-03-06T13:52:00,9.95
1.2,52.0923,2025-05-08T10:51:00,7.04
1.2,52.0923,2025-06-23T07:19:00,4.29
1.2,52.0923,2025-07-30T07:13:00,6.34
1.2,52.0923,2025-08-15T15:30:00,6.6
1.2,52.0923,2025-09-29T09:00:00,7.45
1.2,52.0923,2025-10-14T11:49:00,7.23
1.2,52.0923,2025-11-10T11:14:00,5.7
1.2,52.0923,2025-12-03T12:26:00,23
1.2312,52.0832,2025-10-06T14:37:00,12.9
1.2312,52.0832,2025-11-10T11:02:00,11.9
1.2312,52.0832,2025-12-09T12:15:00,18.9
1.2533,52.0827,2025-01-23T10:52:00,11.9
1.2533,52.0827,2025-02-11T10:53:00,9.94
1.2533,52.0827,2025-03-06T13:36:00,11.9
1.2533,52.0827,2025-04-04T09:41:00,13
1.2533,52.0827,2025-10-06T14:19:00,11.9
1.2533,52.0827,2025-11-10T10:41:00,10.9
1.2533,52.0827,2025-12-11T10:57:00,16.9
1.2596,52.0888,2025-01-15T13:37:00,7.56
1.2596,52.0888,2025-02-11T11:01:00,11
1.2596,52.0888,2025-03-06T13:25:00,8.47
1.2596,52.0888,2025-04-04T09:50:00,8.34
1.2596,52.0888,2025-10-06T14:07:00,8.14
1.2596,52.0888,2025-11-10T10:48:00,6.75
1.2596,52.0888,2025-12-11T10:47:00,13
1.2851,52.0782,2025-01-23T11:48:00,8.9
1.2851,52.0782,2025-02-10T12:27:00,9.14
1.2851,52.0782,2025-03-13T12:58:00,9.15
1.2851,52.0782,2025-05-12T13:41:00,9.73
1.2851,52.0782,2025-06-05T11:33:00,9.45
1.2851,52.0782,2025-07-02T08:00:00,7.75
1.2851,52.0782,2025-08-21T08:47:00,9.48
1.2851,52.0782,2025-09-04T08:45:00,7.84
1.2851,52.0782,2025-10-06T11:02:00,7.87
1.2851,52.0782,2025-11-11T12:33:00,7.44
1.2851,52.0782,2025-12-04T10:41:00,13.9
1.0339,52.8251,2025-01-28T11:44:00,<0.196
1.0339,52.8251,2025-09-01T12:26:00,<0.196
1.3349,52.0907,2025-02-11T11:28:00,36
1.4011,52.7734,2025-09-23T11:25:00,<0.196
1.5558,52.6809,2025-04-07T13:33:00,20
1.5558,52.6809,2025-07-07T11:38:00,19
0.1379,53.3212,2025-01-16T13:07:00,11
0.1379,53.3212,2025-02-12T07:45:00,9.98
0.1379,53.3212,2025-03-12T10:26:00,11
0.1379,53.3212,2025-10-06T07:25:00,8.58
0.1379,53.3212,2025-11-11T11:59:00,8.78
0.1379,53.3212,2025-12-08T07:33:00,12
0.2065,53.3897,2025-01-20T10:18:00,8.77
0.2065,53.3897,2025-02-04T09:45:00,11
0.2065,53.3897,2025-03-03T08:34:00,9.98
0.2065,53.3897,2025-05-08T08:22:00,9.27
0.2065,53.3897,2025-06-12T08:05:00,7.66
0.2065,53.3897,2025-07-24T09:17:00,5.65
0.2065,53.3897,2025-08-05T08:49:00,6.06
0.2065,53.3897,2025-09-09T10:04:00,6.16
0.2065,53.3897,2025-10-06T09:42:00,7.65
0.2065,53.3897,2025-11-03T12:21:00,7.44
0.2065,53.3897,2025-12-03T11:00:00,12
0.1204,53.2897,2025-01-20T12:38:00,12
0.1204,53.2897,2025-02-04T08:15:00,12
0.1204,53.2897,2025-03-13T07:22:00,12
0.1204,53.2897,2025-04-09T08:18:00,11
0.1204,53.2897,2025-05-02T08:11:00,11
0.1204,53.2897,2025-06-11T09:05:00,11
0.1204,53.2897,2025-07-09T09:16:00,9.99
0.1204,53.2897,2025-08-12T12:47:00,8.89
0.1204,53.2897,2025-09-11T10:56:00,6.99
0.1204,53.2897,2025-10-08T07:58:00,6.38
0.1204,53.2897,2025-11-19T10:11:00,9.68
0.1204,53.2897,2025-12-08T08:52:00,9.98
0.0787,53.2601,2025-01-03T09:20:00,9.98
0.0787,53.2601,2025-02-12T09:21:00,9.67
0.0787,53.2601,2025-03-12T08:16:00,9.88
0.0787,53.2601,2025-10-17T07:35:00,9.19
0.0787,53.2601,2025-11-10T12:34:00,7.29
0.0787,53.2601,2025-12-04T08:02:00,9.28
0.962,52.218,2025-01-28T11:30:00,16
0.962,52.218,2025-02-14T13:31:00,12
0.962,52.218,2025-03-12T11:27:00,7.45
0.962,52.218,2025-04-22T11:33:00,3.54
0.962,52.218,2025-05-08T12:47:00,5.12
0.962,52.218,2025-06-23T13:38:00,0.19
0.962,52.218,2025-07-23T12:52:00,1.76
0.962,52.218,2025-10-02T14:43:00,0.248
0.962,52.218,2025-11-13T11:10:00,0.796
0.962,52.218,2025-12-03T13:00:00,14.9
0.9495,52.1719,2025-01-07T12:32:00,16
0.9495,52.1719,2025-02-05T09:22:00,12
0.9495,52.1719,2025-03-18T13:34:00,8.28
0.9495,52.1719,2025-05-22T11:18:00,0.889
0.9495,52.1719,2025-12-03T13:02:00,28.9
1.0074,52.1819,2025-01-30T11:39:00,13
1.0074,52.1819,2025-02-14T13:13:00,9.17
1.0074,52.1819,2025-03-14T13:32:00,6.28
1.0074,52.1819,2025-10-08T12:45:00,2.39
1.0074,52.1819,2025-11-13T09:34:00,3.27
1.0074,52.1819,2025-12-09T12:43:00,21
1.0157,52.1759,2025-01-30T11:21:00,14
1.0157,52.1759,2025-02-14T12:55:00,11.9
1.0157,52.1759,2025-03-03T11:41:00,10.9
1.0157,52.1759,2025-04-07T10:17:00,7.35
1.0157,52.1759,2025-05-06T11:55:00,7.8
1.0157,52.1759,2025-06-18T08:26:00,10.9
1.0157,52.1759,2025-07-07T12:47:00,7.29
1.0157,52.1759,2025-08-07T12:11:00,8.04
1.0157,52.1759,2025-09-01T12:52:00,8.15
1.0157,52.1759,2025-10-02T12:02:00,7.77
1.0157,52.1759,2025-11-14T12:51:00,3.83
1.0157,52.1759,2025-12-03T10:05:00,8.26
1.03,52.1705,2025-01-07T13:15:00,14
1.03,52.1705,2025-02-10T10:00:00,8.64
1.03,52.1705,2025-03-03T11:15:00,10.9
1.03,52.1705,2025-04-07T09:45:00,7.64
1.03,52.1705,2025-10-06T13:02:00,9.64
1.03,52.1705,2025-11-14T13:12:00,4.4
1.03,52.1705,2025-12-09T12:54:00,14.9
1.1025,52.0769,2025-01-31T12:55:00,12
1.1025,52.0769,2025-02-14T09:56:00,9.96
1.1025,52.0769,2025-03-14T11:29:00,7.77
1.1025,52.0769,2025-04-01T13:30:00,5.88
1.1025,52.0769,2025-05-06T10:58:00,6.97
1.1025,52.0769,2025-06-18T07:23:00,5.96
1.1025,52.0769,2025-07-03T10:18:00,5.55
1.1025,52.0769,2025-08-13T14:20:00,6.65
1.1025,52.0769,2025-09-01T12:13:00,7.97
1.1025,52.0769,2025-10-02T11:12:00,7.78
1.1025,52.0769,2025-11-24T09:14:00,12.9
1.1025,52.0769,2025-12-11T12:47:00,17.9
1.1334,52.0599,2025-01-30T12:19:00,14
1.1334,52.0599,2025-02-28T12:10:00,12
1.1334,52.0599,2025-03-20T12:42:00,7.18
1.1334,52.0599,2025-10-22T10:47:00,5.66
1.1334,52.0599,2025-11-13T12:00:00,5.74
1.1334,52.0599,2025-12-22T10:30:00,15.9
-0.5367,52.8234,2025-01-29T10:47:00,9.59
-0.5367,52.8234,2025-02-14T12:49:00,9.87
-0.5367,52.8234,2025-03-03T11:56:00,8.99
-0.5367,52.8234,2025-04-04T11:31:00,5.36
-0.5367,52.8234,2025-12-01T14:14:00,17
-0.5367,52.8234,2025-12-11T14:02:00,15
-0.5025,52.7674,2025-01-10T12:03:00,13
-0.5025,52.7674,2025-02-03T13:28:00,13
-0.5025,52.7674,2025-03-03T12:20:00,12.9
-0.5025,52.7674,2025-04-01T12:33:00,13.9
-0.5025,52.7674,2025-05-19T10:45:00,9.97
-0.5025,52.7674,2025-06-11T10:58:00,8.76
-0.5025,52.7674,2025-07-04T09:54:00,6.28
-0.5025,52.7674,2025-08-04T13:03:00,4.09
-0.5025,52.7674,2025-09-03T12:27:00,0.726
-0.5025,52.7674,2025-11-06T12:34:00,0.196
-0.5025,52.7674,2025-12-04T13:18:00,16
-0.4214,52.688,2025-01-28T10:13:00,11
-0.4214,52.688,2025-02-21T11:05:00,11
-0.4214,52.688,2025-03-10T12:24:00,9.58
-0.4214,52.688,2025-04-11T11:43:00,8.59
-0.4214,52.688,2025-05-09T09:15:00,7.79
-0.4214,52.688,2025-06-06T10:12:00,6.59
-0.4214,52.688,2025-07-08T10:40:00,6.09
-0.4214,52.688,2025-08-14T11:23:00,4.99
-0.4214,52.688,2025-09-12T09:07:00,5.9
-0.4214,52.688,2025-10-31T13:37:00,5.89
-0.4214,52.688,2025-11-18T12:04:00,18
-0.4214,52.688,2025-12-05T13:24:00,12
-0.4214,52.688,2025-12-17T12:42:00,9.99
-0.4014,52.7084,2025-01-24T11:28:00,6.79
-0.4014,52.7084,2025-02-21T11:16:00,6.99
-0.4014,52.7084,2025-03-07T11:17:00,6.89
-0.4014,52.7084,2025-04-11T11:57:00,5.39
-0.4014,52.7084,2025-05-09T09:46:00,3.99
-0.4014,52.7084,2025-06-06T10:26:00,2.39
-0.4014,52.7084,2025-07-08T10:21:00,1.09
-0.4014,52.7084,2025-08-04T12:53:00,0.592
-0.4014,52.7084,2025-09-02T10:34:00,0.336
-0.4014,52.7084,2025-10-10T11:58:00,<0.196
-0.4014,52.7084,2025-11-05T09:16:00,0.191
-0.4014,52.7084,2025-12-04T10:58:00,14
-0.3635,52.7204,2025-01-21T10:01:00,7.69
-0.3635,52.7204,2025-02-05T11:59:00,7.89
-0.3635,52.7204,2025-03-07T11:45:00,7.89
-0.3635,52.7204,2025-04-11T12:12:00,6.69
-0.3635,52.7204,2025-10-03T13:15:00,3.58
-0.3635,52.7204,2025-11-04T13:54:00,2.69
-0.3635,52.7204,2025-12-04T10:49:00,14
-0.1444,52.8362,2025-04-11T11:45:00,4.39
-0.1444,52.8362,2025-04-16T14:33:00,4.28
-0.1444,52.8362,2025-05-08T11:19:00,3.17
-0.1444,52.8362,2025-05-21T11:32:00,2.75
-0.1444,52.8362,2025-05-27T10:01:00,2.76
-0.1444,52.8362,2025-06-19T09:47:00,0.956
-0.1444,52.8362,2025-06-25T12:15:00,0.283
-0.1444,52.8362,2025-07-08T12:25:00,<0.196
-0.1444,52.8362,2025-07-15T12:46:00,<0.196
-0.1444,52.8362,2025-08-14T09:35:00,<0.196
-0.1444,52.8362,2025-08-22T09:44:00,<0.196
-0.1444,52.8362,2025-09-16T09:13:00,<0.196
-0.1444,52.8362,2025-10-10T11:30:00,<0.196
-0.1444,52.8362,2025-10-27T09:50:00,<0.196
-0.1444,52.8362,2025-11-04T09:00:00,0.189
-0.1444,52.8362,2025-11-19T08:52:00,14.8
-0.1444,52.8362,2025-12-10T08:24:00,11.9
-0.1444,52.8362,2025-12-16T11:45:00,9.44
-0.5158,52.7515,2025-04-25T12:12:00,7.59
-0.5158,52.7515,2025-05-09T08:42:00,7.49
-0.5158,52.7515,2025-05-27T11:54:00,7.19
-0.5158,52.7515,2025-06-09T10:44:00,7.49
-0.5158,52.7515,2025-06-20T09:00:00,7.19
-0.5158,52.7515,2025-07-07T14:35:00,6.99
-0.5158,52.7515,2025-07-15T09:52:00,7.09
-0.5158,52.7515,2025-08-04T12:26:00,6.89
-0.5158,52.7515,2025-08-18T09:59:00,6.79
-0.5158,52.7515,2025-09-01T10:30:00,6.7
-0.5158,52.7515,2025-09-16T11:50:00,6.8
-0.5158,52.7515,2025-10-03T12:39:00,6.59
-0.5158,52.7515,2025-10-24T09:41:00,6.6
-0.5158,52.7515,2025-11-07T09:29:00,6.39
-0.5158,52.7515,2025-11-18T11:29:00,11
-0.5158,52.7515,2025-12-04T08:56:00,15
-0.5158,52.7515,2025-12-17T11:49:00,13
1.0975,52.8846,2025-01-15T11:17:00,5.28
1.0975,52.8846,2025-02-07T11:52:00,5.28
1.0975,52.8846,2025-03-07T12:27:00,5.28
1.0975,52.8846,2025-04-04T11:41:00,4.98
1.0975,52.8846,2025-10-02T12:25:00,3.7
1.0975,52.8846,2025-11-04T11:48:00,3.89
1.0975,52.8846,2025-12-02T11:18:00,4.28
1.0438,52.8824,2025-01-21T12:07:00,5.38
1.0438,52.8824,2025-02-07T11:17:00,5.49
1.0438,52.8824,2025-03-03T11:25:00,5.39
1.0438,52.8824,2025-04-08T09:49:00,4.39
1.0438,52.8824,2025-10-02T12:07:00,2.88
1.0438,52.8824,2025-11-04T11:28:00,2.5
1.0438,52.8824,2025-12-02T11:05:00,3.68
1.0412,52.9311,2025-01-21T11:45:00,5.88
1.0412,52.9311,2025-02-20T11:40:00,5.38
1.0412,52.9311,2025-03-31T11:21:00,5.09
1.0412,52.9311,2025-04-25T11:16:00,4.78
1.0412,52.9311,2025-10-31T09:57:00,4.87
1.0412,52.9311,2025-11-21T10:27:00,3.57
1.0412,52.9311,2025-12-05T10:39:00,4.86
1.0406,52.9428,2025-01-31T11:03:00,6.18
1.0406,52.9428,2025-02-20T11:28:00,6.38
1.0406,52.9428,2025-03-31T11:30:00,6.27
1.0406,52.9428,2025-04-25T11:08:00,6.88
1.0406,52.9428,2025-10-10T12:43:00,7.27
1.0406,52.9428,2025-11-04T11:12:00,6.87
1.0406,52.9428,2025-12-05T10:46:00,6.45
-0.3564,53.2624,2025-01-22T10:16:00,13.9
-0.3564,53.2624,2025-02-12T11:32:00,13.9
-0.3564,53.2624,2025-03-06T08:42:00,16.9
-0.3614,53.2549,2025-01-16T10:18:00,13.9
-0.3614,53.2549,2025-02-07T10:21:00,15.9
-0.3614,53.2549,2025-03-06T08:31:00,15.9
-0.3614,53.2549,2025-05-14T08:55:00,28.8
-0.3614,53.2549,2025-06-02T09:13:00,22.9
-0.3614,53.2549,2025-07-16T10:39:00,21
-0.3614,53.2549,2025-08-08T12:24:00,33
-0.3614,53.2549,2025-09-12T08:37:00,11.9
-0.3614,53.2549,2025-10-21T09:56:00,14.9
-0.3614,53.2549,2025-11-24T12:10:00,18.9
-0.3614,53.2549,2025-12-10T10:25:00,14.9
-0.1208,53.2943,2025-01-14T11:33:00,7.78
-0.1208,53.2943,2025-02-13T11:38:00,7.28
-0.1208,53.2943,2025-03-06T07:42:00,7.68
-0.1208,53.2943,2025-04-08T12:12:00,8.07
-0.1208,53.2943,2025-05-09T11:29:00,7.37
-0.1208,53.2943,2025-06-09T10:03:00,6.87
-0.1208,53.2943,2025-07-30T12:32:00,7.28
-0.1208,53.2943,2025-08-22T09:53:00,7.88
-0.1208,53.2943,2025-09-09T09:52:00,7.78
-0.1208,53.2943,2025-10-14T09:21:00,7.37
-0.1208,53.2943,2025-11-10T11:51:00,7.07
-0.1208,53.2943,2025-12-09T10:02:00,2.39
1.0513,51.9799,2025-04-04T11:51:00,18
1.0513,51.9799,2025-10-10T13:51:00,18
-0.7214,52.2179,2025-01-13T10:58:00,8.35
-0.7214,52.2179,2025-02-07T12:22:00,8.55
-0.7214,52.2179,2025-03-04T10:28:00,8.45
-0.7214,52.2179,2025-04-22T14:11:00,9.6
-0.7214,52.2179,2025-05-08T10:13:00,12.8
-0.7214,52.2179,2025-06-11T10:31:00,13
-0.7214,52.2179,2025-07-02T10:52:00,14
-0.7214,52.2179,2025-08-07T11:29:00,15
-0.7214,52.2179,2025-09-12T15:09:00,15.8
-0.7214,52.2179,2025-10-07T11:32:00,12.9
-0.7214,52.2179,2025-11-07T14:59:00,15.9
-0.7214,52.2179,2025-12-05T10:59:00,31
-0.7087,52.224,2025-01-21T12:44:00,9.91
-0.7087,52.224,2025-02-11T10:43:00,9.97
-0.7087,52.224,2025-03-04T10:37:00,9.75
-0.7087,52.224,2025-04-22T14:19:00,12.8
-0.7087,52.224,2025-05-08T10:22:00,10.9
-0.7087,52.224,2025-06-04T10:41:00,13.9
-0.7087,52.224,2025-07-02T10:39:00,10.9
-0.7087,52.224,2025-08-07T11:15:00,13
-0.7087,52.224,2025-09-12T15:21:00,14
-0.7087,52.224,2025-10-30T11:03:00,8.77
-0.7087,52.224,2025-11-13T11:47:00,9.88
-0.7087,52.224,2025-12-05T11:09:00,30
-0.711,52.239,2025-01-13T10:47:00,9.65
-0.711,52.239,2025-02-07T11:49:00,9.94
-0.711,52.239,2025-03-10T09:52:00,10.9
-0.711,52.239,2025-05-08T10:31:00,8.76
-0.711,52.239,2025-06-04T10:57:00,9.24
-0.711,52.239,2025-07-02T11:03:00,8.41
-0.711,52.239,2025-08-07T10:50:00,11
-0.711,52.239,2025-09-12T15:31:00,11
-0.711,52.239,2025-10-17T10:22:00,11
-0.711,52.239,2025-11-07T15:21:00,8.47
-0.711,52.239,2025-12-05T11:45:00,28
-0.7076,52.2608,2025-01-21T11:57:00,9.13
-0.7076,52.2608,2025-02-07T11:07:00,9.35
-0.7076,52.2608,2025-03-10T10:02:00,8.57
-0.7076,52.2608,2025-03-28T14:44:00,7.8
-0.7076,52.2608,2025-05-09T11:14:00,5.27
-0.7076,52.2608,2025-06-11T11:31:00,5.89
-0.7076,52.2608,2025-07-02T11:17:00,7.37
-0.7076,52.2608,2025-08-15T11:26:00,7.79
-0.7076,52.2608,2025-09-05T11:52:00,8.69
-0.7076,52.2608,2025-10-13T13:54:00,8.8
-0.7076,52.2608,2025-11-11T12:03:00,7.27
-0.7076,52.2608,2025-12-02T12:08:00,24.9
-0.4514,52.77,2025-01-10T12:35:00,3.59
-0.4514,52.77,2025-02-03T14:21:00,4.59
-0.4514,52.77,2025-03-03T13:14:00,3.09
-0.4514,52.77,2025-12-04T13:47:00,9.05
-0.2636,52.6093,2025-01-16T10:49:00,11
-0.2636,52.6093,2025-02-13T14:11:00,9.99
-0.2636,52.6093,2025-03-10T11:10:00,7.85
-0.2636,52.6093,2025-04-23T13:56:00,2.14
-0.2636,52.6093,2025-05-09T11:55:00,3.48
-0.2636,52.6093,2025-06-06T12:09:00,1.27
-0.2636,52.6093,2025-07-10T13:55:00,2.21
-0.2636,52.6093,2025-08-05T12:13:00,1.31
-0.2636,52.6093,2025-09-02T14:13:00,1.03
-0.2636,52.6093,2025-10-23T11:55:00,0.981
-0.2636,52.6093,2025-11-13T11:13:00,1.78
-0.2636,52.6093,2025-12-10T11:04:00,23
-1.1037,52.2836,2025-01-13T09:47:00,6.98
-1.1037,52.2836,2025-02-17T16:42:00,6.59
-1.1037,52.2836,2025-03-06T10:39:00,6.09
-1.1037,52.2836,2025-04-04T10:25:00,3.69
-1.1037,52.2836,2025-10-03T10:49:00,1.79
-1.1037,52.2836,2025-11-07T13:45:00,9
-1.1037,52.2836,2025-12-12T10:54:00,7.86
-0.8092,52.662,2025-01-21T12:39:00,1.29
-0.8092,52.662,2025-02-07T13:11:00,1.1
-0.8092,52.662,2025-03-14T12:39:00,0.641
-0.7047,52.6382,2025-01-21T11:25:00,2.78
-0.7047,52.6382,2025-02-24T10:05:00,1.48
-0.7047,52.6382,2025-03-14T12:13:00,2.69
-0.7047,52.6382,2025-04-24T09:10:00,2.49
-0.7047,52.6382,2025-10-03T10:54:00,0.225
-0.7047,52.6382,2025-11-07T10:25:00,0.322
-0.7047,52.6382,2025-12-01T10:48:00,5.29
-0.5954,52.6636,2025-01-21T11:02:00,3.28
-0.5954,52.6636,2025-02-05T09:36:00,3.09
-0.5954,52.6636,2025-03-10T11:08:00,2.59
-0.469,52.6787,2025-01-21T09:15:00,13
-0.469,52.6787,2025-02-06T10:25:00,11
-0.469,52.6787,2025-03-10T12:35:00,11
-0.4529,52.6579,2025-01-13T13:02:00,11
-0.4529,52.6579,2025-02-05T11:18:00,11
-0.4529,52.6579,2025-03-10T12:06:00,11
-0.4529,52.6579,2025-04-25T12:39:00,8.39
-0.4529,52.6579,2025-10-08T14:00:00,5.79
-0.4529,52.6579,2025-11-06T11:59:00,5.87
-0.4529,52.6579,2025-12-05T12:00:00,8.17
0.4045,51.7229,2025-01-15T13:31:00,11
0.4045,51.7229,2025-07-07T10:10:00,18
-0.1261,53.1576,2025-01-14T11:00:00,11
-0.1261,53.1576,2025-02-14T07:49:00,9.99
-0.1261,53.1576,2025-03-24T11:55:00,7.08
-0.1261,53.1576,2025-04-09T10:33:00,6.88
-0.1261,53.1576,2025-11-11T09:00:00,23.9
-0.1261,53.1576,2025-12-05T11:02:00,15
-0.2342,52.8675,2025-01-27T12:43:00,3.58
-0.2342,52.8675,2025-02-12T12:25:00,4.18
-0.2342,52.8675,2025-03-05T13:19:00,2.77
-0.2342,52.8675,2025-04-03T13:02:00,0.233
-0.6083,52.4558,2025-01-03T09:14:00,5.58
-0.6083,52.4558,2025-02-14T11:54:00,5.49
-0.6083,52.4558,2025-03-06T10:24:00,4.19
-0.6083,52.4558,2025-10-06T09:39:00,2.09
-0.6083,52.4558,2025-11-03T09:03:00,1.69
-0.6083,52.4558,2025-12-03T12:51:00,17
-0.5549,52.4078,2025-01-21T14:22:00,6.49
-0.5549,52.4078,2025-02-05T14:45:00,6.09
-0.5549,52.4078,2025-03-05T12:33:00,6.19
-0.5549,52.4078,2025-05-06T13:37:00,4.39
-0.5549,52.4078,2025-06-10T10:43:00,3.09
-0.5549,52.4078,2025-07-08T16:05:00,2.59
-0.5549,52.4078,2025-08-12T10:29:00,2.7
-0.5549,52.4078,2025-09-05T09:45:00,2.2
-0.5549,52.4078,2025-10-09T10:12:00,2.6
-0.5549,52.4078,2025-11-07T10:18:00,2.4
-0.5549,52.4078,2025-12-03T13:08:00,19
-0.6728,52.319,2025-01-21T10:58:00,4.89
-0.6728,52.319,2025-02-07T10:15:00,4.65
-0.6728,52.319,2025-03-11T11:18:00,3.16
-0.6728,52.319,2025-05-12T11:20:00,2.26
-0.6728,52.319,2025-06-11T11:19:00,2.07
-0.6728,52.319,2025-07-03T11:35:00,1.18
-0.6728,52.319,2025-08-08T15:20:00,0.194
-0.6728,52.319,2025-09-05T12:51:00,1.07
-0.6728,52.319,2025-10-06T15:25:00,1.27
-0.6728,52.319,2025-11-14T10:03:00,0.952
-0.6728,52.319,2025-12-02T12:48:00,5.27
1.1637,51.8463,2025-01-16T15:24:00,13
1.1637,51.8463,2025-02-04T09:49:00,14
1.1637,51.8463,2025-03-26T11:45:00,11.9
1.1637,51.8463,2025-04-09T11:41:00,11
1.1637,51.8463,2025-05-19T13:42:00,9.92
1.1637,51.8463,2025-06-10T12:13:00,6.63
1.1637,51.8463,2025-07-04T12:18:00,4.86
1.1637,51.8463,2025-08-08T12:30:00,7.58
1.1637,51.8463,2025-09-01T10:41:00,6.68
1.1637,51.8463,2025-10-08T12:18:00,7.37
1.1637,51.8463,2025-11-10T10:02:00,7.55
1.1637,51.8463,2025-12-15T09:48:00,15.9
-0.3018,52.6432,2025-12-08T15:31:00,<0.196
-0.248,52.9305,2025-01-16T11:56:00,11
-0.248,52.9305,2025-02-20T10:18:00,11
-0.248,52.9305,2025-03-21T14:44:00,8.42
-0.248,52.9305,2025-04-04T12:35:00,7.14
-0.248,52.9305,2025-05-07T10:05:00,1.16
-0.248,52.9305,2025-06-26T12:16:00,1.47
-0.248,52.9305,2025-07-02T10:52:00,6.43
-0.248,52.9305,2025-08-08T10:20:00,7.84
-0.248,52.9305,2025-09-03T08:18:00,9.84
-0.248,52.9305,2025-10-21T13:45:00,6.35
-0.248,52.9305,2025-11-05T12:51:00,7.45
-0.248,52.9305,2025-12-01T11:01:00,22
0.0363,52.9645,2025-01-27T11:11:00,4.24
0.0363,52.9645,2025-02-20T09:45:00,3.85
0.0363,52.9645,2025-03-19T11:40:00,1.99
0.0363,52.9645,2025-04-09T12:44:00,4.82
0.0363,52.9645,2025-04-09T12:53:00,4.72
0.0363,52.9645,2025-05-23T11:07:00,0.279
0.0363,52.9645,2025-06-26T13:14:00,<0.196
0.0363,52.9645,2025-07-21T12:11:00,0.638
0.0363,52.9645,2025-08-15T12:10:00,0.179
0.0363,52.9645,2025-09-09T10:26:00,0.168
0.0363,52.9645,2025-10-23T12:01:00,0.272
0.0363,52.9645,2025-11-12T12:48:00,0.763
0.0363,52.9645,2025-12-05T13:03:00,10.9
-0.5467,52.3405,2025-01-21T13:34:00,11
-0.5467,52.3405,2025-02-04T12:30:00,12
-0.5467,52.3405,2025-03-11T11:47:00,9.49
-0.5467,52.3405,2025-05-07T13:59:00,8.09
-0.5467,52.3405,2025-06-04T14:50:00,6.54
-0.5467,52.3405,2025-07-04T11:06:00,6.71
-0.5467,52.3405,2025-08-07T11:32:00,6.36
-0.5467,52.3405,2025-09-05T10:58:00,3.98
-0.5467,52.3405,2025-10-17T11:52:00,4.39
-0.5467,52.3405,2025-11-11T10:28:00,4.18
-0.5467,52.3405,2025-12-02T11:16:00,28
-0.5666,52.3446,2025-01-21T13:15:00,19.7
-0.5666,52.3446,2025-02-04T12:41:00,15.9
-0.5666,52.3446,2025-03-05T11:20:00,11
-0.5666,52.3446,2025-05-07T13:37:00,25.2
-0.5666,52.3446,2025-06-04T14:42:00,25.6
-0.5666,52.3446,2025-07-04T10:46:00,30
-0.5666,52.3446,2025-08-07T11:46:00,27.9
-0.5666,52.3446,2025-09-05T10:39:00,25.9
-0.5666,52.3446,2025-10-22T13:43:00,22.8
-0.5666,52.3446,2025-11-07T10:48:00,23.7
-0.5666,52.3446,2025-12-02T11:02:00,21.9
-0.9987,52.3589,2025-01-28T12:57:00,6.19
-0.9987,52.3589,2025-02-17T13:51:00,6.09
-0.9987,52.3589,2025-03-18T11:01:00,6.69
-0.9987,52.3589,2025-05-09T10:53:00,4.89
-0.9987,52.3589,2025-06-20T11:43:00,2.78
-0.9987,52.3589,2025-07-15T11:57:00,1.9
-0.9987,52.3589,2025-08-08T10:47:00,1.8
-0.9987,52.3589,2025-09-01T10:08:00,1.8
-0.9987,52.3589,2025-10-03T12:20:00,2
-0.9987,52.3589,2025-11-12T13:18:00,7.79
-0.9987,52.3589,2025-12-12T11:50:00,7.39
0.0006,52.8261,2025-01-13T13:58:00,9.21
0.0006,52.8261,2025-02-10T12:37:00,11.9
0.0006,52.8261,2025-03-12T09:00:00,8.57
0.0006,52.8261,2025-04-10T12:45:00,12.9
0.0006,52.8261,2025-05-08T09:21:00,17.6
0.0006,52.8261,2025-06-17T10:37:00,32.4
0.0006,52.8261,2025-07-17T09:36:00,32.8
0.0006,52.8261,2025-08-21T11:05:00,34.2
0.0006,52.8261,2025-09-10T09:16:00,36.2
0.0006,52.8261,2025-10-10T08:41:00,35.2
0.0006,52.8261,2025-11-04T10:08:00,28.3
0.0006,52.8261,2025-12-03T10:26:00,9.21
0.0012,52.8657,2025-01-29T12:58:00,3.34
0.0012,52.8657,2025-02-14T08:47:00,5.13
0.0012,52.8657,2025-03-12T09:13:00,5.16
0.0012,52.8657,2025-11-04T09:57:00,12.8
0.0012,52.8657,2025-11-19T09:26:00,10.6
0.0012,52.8657,2025-12-03T10:18:00,8.35
0.0012,52.8657,2025-12-16T11:01:00,4.64
0.0032,52.8736,2025-01-07T14:13:00,4.65
0.0032,52.8736,2025-02-10T13:01:00,4.03
0.0032,52.8736,2025-03-04T12:16:00,4.26
0.0032,52.8736,2025-04-10T12:32:00,4.19
0.0032,52.8736,2025-05-08T10:21:00,2.99
0.0032,52.8736,2025-06-19T08:55:00,6.4
0.0032,52.8736,2025-07-17T09:51:00,5.52
0.0032,52.8736,2025-08-22T11:00:00,7.85
0.0032,52.8736,2025-09-10T09:31:00,10.9
0.0032,52.8736,2025-10-10T09:01:00,9.8
0.0032,52.8736,2025-11-04T09:47:00,9.82
0.0032,52.8736,2025-12-03T10:10:00,7.43
1.1754,52.0475,2025-02-10T11:01:00,14
1.1754,52.0475,2025-08-07T14:36:00,14
-0.6141,52.9757,2025-01-24T11:03:00,12
-0.6141,52.9757,2025-02-14T10:58:00,11
-0.6141,52.9757,2025-03-05T10:35:00,11
-0.6141,52.9757,2025-04-04T10:31:00,12
-0.6141,52.9757,2025-04-04T10:27:00,11
-0.6141,52.9757,2025-05-14T10:53:00,8.76
-0.6141,52.9757,2025-06-25T10:16:00,9.97
-0.6141,52.9757,2025-07-29T10:15:00,9.79
-0.6141,52.9757,2025-08-18T11:07:00,9.29
-0.6141,52.9757,2025-09-04T10:38:00,9.79
-0.6141,52.9757,2025-10-14T10:14:00,11
-0.6141,52.9757,2025-11-03T10:30:00,25.6
-0.6141,52.9757,2025-12-11T10:55:00,13.9
-0.62,53.2369,2025-01-06T10:48:00,1.7
-0.62,53.2369,2025-02-17T10:50:00,2.09
-0.62,53.2369,2025-03-06T09:47:00,1.79
-0.62,53.2369,2025-04-01T10:26:00,0.499
-0.62,53.2369,2025-10-13T11:24:00,0.19
-0.62,53.2369,2025-11-13T12:10:00,7.94
-0.62,53.2369,2025-12-03T11:14:00,4.09
0.5336,52.968,2025-01-30T10:51:00,16
0.5336,52.968,2025-02-18T10:38:00,17
0.5336,52.968,2025-04-28T10:04:00,16
0.5336,52.968,2025-10-09T11:30:00,16
0.5336,52.968,2025-11-10T10:34:00,16
0.5336,52.968,2025-12-08T11:40:00,15
1.2602,51.8644,2025-04-10T11:06:00,0.236
1.2602,51.8644,2025-05-02T15:35:00,<0.096
1.2602,51.8644,2025-06-13T12:56:00,<0.096
1.2602,51.8644,2025-08-08T11:50:00,0.089
1.2602,51.8644,2025-09-15T16:25:00,<0.096
1.2602,51.8644,2025-11-10T14:20:00,0.192
1.2602,51.8644,2025-12-10T15:10:00,0.226
0.3395,53.1906,2025-01-07T09:47:00,6.67
0.3395,53.1906,2025-02-07T09:23:00,1.65
0.3395,53.1906,2025-03-07T08:42:00,2.15
0.3395,53.1906,2025-10-13T10:36:00,0.185
0.3395,53.1906,2025-11-07T08:42:00,0.725
0.3395,53.1906,2025-12-05T09:44:00,1.49
0.355,53.1921,2025-01-20T11:53:00,0.493
0.355,53.1921,2025-02-14T09:49:00,0.403
0.355,53.1921,2025-03-07T08:57:00,0.206
0.355,53.1921,2025-04-02T11:24:00,0.512
0.355,53.1921,2025-05-08T10:46:00,0.184
0.355,53.1921,2025-06-03T08:44:00,0.192
0.355,53.1921,2025-07-15T12:25:00,0.175
0.355,53.1921,2025-08-06T09:43:00,0.194
0.355,53.1921,2025-09-01T12:45:00,<0.196
0.355,53.1921,2025-10-13T10:49:00,0.192
0.355,53.1921,2025-11-07T08:54:00,0.185
0.355,53.1921,2025-12-09T08:40:00,2.96
-0.6194,52.3182,2025-01-21T12:22:00,5
-0.6194,52.3182,2025-04-08T11:53:00,4.5
-0.6194,52.3182,2025-07-14T12:17:00,2.3
-0.6194,52.3182,2025-10-17T11:05:00,1.1
-0.8787,52.4523,2025-01-27T12:43:00,6.68
-0.8787,52.4523,2025-02-14T12:31:00,6.68
-0.8787,52.4523,2025-03-06T13:45:00,5.58
-0.9113,52.473,2025-01-03T11:25:00,6.37
-0.9113,52.473,2025-02-03T12:30:00,4.59
-0.9113,52.473,2025-03-03T12:24:00,5.48
-0.9113,52.473,2025-04-24T11:19:00,2.45
-0.9113,52.473,2025-05-12T12:28:00,2.56
-0.9113,52.473,2025-06-16T12:13:00,0.195
-0.9113,52.473,2025-07-03T10:37:00,1.36
-0.9113,52.473,2025-08-26T13:06:00,<0.196
-0.9113,52.473,2025-09-10T12:36:00,0.687
-0.9113,52.473,2025-10-06T12:45:00,1.09
-0.9113,52.473,2025-11-03T12:06:00,4.06
-0.9113,52.473,2025-12-01T13:43:00,13
-0.5161,52.5617,2025-05-09T09:40:00,2
-0.5161,52.5617,2025-11-14T14:12:00,1.9
-0.0206,52.8991,2025-09-29T12:39:00,<0.196
-0.0206,52.8991,2025-10-17T12:18:00,<0.196
-0.0206,52.8991,2025-11-05T13:39:00,<0.196
-0.0206,52.8991,2025-12-16T12:39:00,1.47
-0.6392,52.2942,2025-01-13T10:25:00,12
-0.6392,52.2942,2025-02-04T10:58:00,9.98
-0.6392,52.2942,2025-03-11T10:28:00,12
-0.6392,52.2942,2025-10-14T13:05:00,6.78
-0.6392,52.2942,2025-11-11T12:37:00,5.26
-0.6392,52.2942,2025-12-02T11:39:00,16
-0.1991,53.0703,2025-01-09T11:04:00,12
-0.1991,53.0703,2025-02-03T09:55:00,14
-0.1991,53.0703,2025-03-18T10:11:00,13.9
-0.1991,53.0703,2025-04-01T11:53:00,9.37
-0.1991,53.0703,2025-05-02T11:11:00,10.9
-0.1991,53.0703,2025-06-12T09:50:00,7.52
-0.1991,53.0703,2025-07-11T12:11:00,0.672
-0.1991,53.0703,2025-08-15T09:22:00,0.403
-0.1991,53.0703,2025-09-08T09:15:00,0.183
-0.1991,53.0703,2025-10-22T09:50:00,5.87
-0.1991,53.0703,2025-11-12T11:06:00,9.88
-0.1991,53.0703,2025-12-08T13:15:00,19.9
-0.2474,52.7838,2025-06-27T10:52:00,<0.196
-0.2474,52.7838,2025-12-10T08:00:00,<0.196
-0.2939,52.7333,2025-04-16T13:34:00,0.376
-0.2939,52.7333,2025-11-04T11:35:00,<0.196
-0.3314,52.8369,2025-03-10T13:39:00,<0.196
-0.2552,52.8381,2025-03-26T12:06:00,<0.196
-0.2552,52.8381,2025-09-02T12:19:00,<0.196
-0.4225,52.768,2025-01-21T12:00:00,7.4
-0.5148,52.8922,2025-01-21T09:53:00,7
-0.5392,52.8457,2025-01-21T10:36:00,5.98
-0.4615,52.8335,2025-01-21T13:37:00,6.1
-0.4349,52.8113,2025-01-21T12:43:00,14
-0.5209,52.7988,2025-01-21T11:15:00,16
-0.6048,52.7343,2025-02-26T10:57:00,14
-0.6048,52.7343,2025-08-27T09:56:00,8.3
-0.521,52.6945,2025-02-26T11:50:00,1.9
-0.521,52.6945,2025-08-27T10:49:00,3.4
-0.448,52.6886,2025-11-21T10:41:00,6.7
-0.4069,52.6804,2025-02-26T13:20:00,3.9
-0.4069,52.6804,2025-08-27T12:22:00,2.35
-0.4069,52.6804,2025-11-21T11:20:00,1.59
-0.4536,52.6604,2025-02-26T12:40:00,12
-0.4536,52.6604,2025-08-27T11:49:00,7.3
-0.4508,52.7709,2025-02-26T10:05:00,4.2
-0.3847,52.8596,2025-01-16T10:40:00,5.4
-0.1902,52.8021,2025-11-07T12:37:00,<0.196
-0.1895,52.7456,2025-05-21T10:40:00,<0.196
-0.1895,52.7456,2025-08-14T10:28:00,<0.196
-0.1524,52.8664,2025-01-27T12:40:00,<0.196
-0.2212,52.7615,2025-01-29T11:47:00,<0.196
-0.1811,52.8476,2025-02-20T11:16:00,<0.196
-0.1811,52.8476,2025-08-26T10:22:00,<0.196
-0.2442,52.6791,2025-04-16T12:03:00,<0.196
-0.2442,52.6791,2025-11-14T08:33:00,<0.196
-0.2276,52.891,2025-03-21T14:11:00,<0.196
-0.2276,52.891,2025-09-03T10:01:00,0.246
-0.1839,52.9098,2025-10-14T12:59:00,<0.196
-0.1842,52.9096,2025-12-01T11:48:00,<0.196
-0.9092,52.511,2025-01-09T11:41:00,4.87
-0.9092,52.511,2025-02-07T10:26:00,6.95
-0.9092,52.511,2025-03-03T11:36:00,6.46
-0.9092,52.511,2025-04-24T10:35:00,9.46
-0.9092,52.511,2025-06-09T13:08:00,7.01
-0.9092,52.511,2025-07-07T11:19:00,9.66
-0.9092,52.511,2025-08-26T12:23:00,23.8
-0.9092,52.511,2025-09-10T11:49:00,18.9
-0.9092,52.511,2025-10-03T08:43:00,12.9
-0.9092,52.511,2025-11-03T11:30:00,9.95
-0.9092,52.511,2025-12-01T12:10:00,11.9
-0.889,52.5099,2025-01-09T12:04:00,4.88
-0.889,52.5099,2025-02-03T11:16:00,5.26
-0.889,52.5099,2025-03-03T11:23:00,6.65
-0.889,52.5099,2025-05-06T12:27:00,12.9
-0.889,52.5099,2025-06-16T11:46:00,8.89
-0.889,52.5099,2025-07-07T11:04:00,14.9
-0.889,52.5099,2025-08-26T12:03:00,25
-0.889,52.5099,2025-09-10T10:29:00,17
-0.889,52.5099,2025-10-06T11:20:00,5.58
-0.889,52.5099,2025-11-03T11:10:00,11
-0.889,52.5099,2025-12-02T10:01:00,12.9
-0.7572,52.401,2025-01-28T13:59:00,6.37
-0.7572,52.401,2025-02-20T15:16:00,7.57
-0.7572,52.401,2025-03-06T14:10:00,7.57
-0.7572,52.401,2025-04-10T11:10:00,5.66
-0.7572,52.401,2025-05-09T15:01:00,4.92
-0.7572,52.401,2025-06-04T13:31:00,2.84
-0.7572,52.401,2025-07-04T08:32:00,1.15
-0.7572,52.401,2025-08-08T13:12:00,1.75
-0.7572,52.401,2025-09-01T13:41:00,7.45
-0.7572,52.401,2025-10-06T13:14:00,2.05
-0.7572,52.401,2025-11-03T13:09:00,1.36
-0.7572,52.401,2025-12-01T14:27:00,4.08
1.0175,51.9409,2025-04-07T14:34:00,29
1.0175,51.9409,2025-10-10T13:15:00,26
0.1784,53.5263,2025-01-12T13:58:00,0.865
0.1784,53.5263,2025-02-15T09:17:00,0.902
0.1784,53.5263,2025-03-15T12:22:00,0.647
0.1784,53.5263,2025-04-08T08:14:00,0.637
0.1784,53.5263,2025-05-01T16:05:00,0.298
0.1784,53.5263,2025-06-10T08:00:00,0.266
0.1784,53.5263,2025-07-03T16:18:00,0.304
0.1784,53.5263,2025-08-13T11:04:00,0.235
0.1784,53.5263,2025-09-09T10:03:00,0.397
0.1784,53.5263,2025-10-08T10:05:00,0.453
0.1784,53.5263,2025-11-13T17:45:00,0.841
0.1784,53.5263,2025-12-11T16:36:00,1.99
0.3661,53.2395,2025-01-12T11:29:00,0.469
0.3661,53.2395,2025-02-15T12:11:00,0.657
0.3661,53.2395,2025-03-15T14:59:00,0.537
0.3661,53.2395,2025-04-08T10:17:00,0.557
0.3661,53.2395,2025-05-01T14:24:00,0.0108
0.3661,53.2395,2025-06-10T10:16:00,0.00619
0.3661,53.2395,2025-07-03T14:40:00,<0.0063
0.3661,53.2395,2025-08-13T13:25:00,0.0059
0.3661,53.2395,2025-09-09T12:10:00,0.006
0.3661,53.2395,2025-10-09T13:29:00,0.0364
0.3661,53.2395,2025-11-13T16:04:00,0.341
0.3661,53.2395,2025-12-11T14:58:00,0.428
0.3964,53.0885,2025-01-12T10:34:00,0.319
0.3964,53.0885,2025-02-15T13:20:00,0.626
0.3964,53.0885,2025-03-15T15:51:00,0.367
0.3964,53.0885,2025-04-08T11:20:00,0.435
0.3964,53.0885,2025-05-01T13:35:00,0.0352
0.3964,53.0885,2025-06-10T11:25:00,<0.0063
0.3964,53.0885,2025-07-03T13:49:00,<0.0063
0.3964,53.0885,2025-08-13T14:34:00,<0.0063
0.3964,53.0885,2025-09-09T13:18:00,0.0077
0.3964,53.0885,2025-10-10T16:57:00,0.0186
0.3964,53.0885,2025-11-13T15:14:00,0.261
0.3964,53.0885,2025-12-11T14:09:00,0.308
0.1612,53.371,2025-01-02T12:48:00,8.69
0.1612,53.371,2025-02-03T12:11:00,9.44
0.1612,53.371,2025-03-03T08:21:00,9.47
0.1612,53.371,2025-05-13T09:03:00,9.3
0.1612,53.371,2025-06-26T09:10:00,5
0.1612,53.371,2025-07-28T12:05:00,2.78
0.1612,53.371,2025-08-15T10:39:00,3.08
0.1612,53.371,2025-09-09T09:47:00,3.78
0.1612,53.371,2025-10-01T12:41:00,5.16
0.1612,53.371,2025-11-19T08:44:00,13
0.1612,53.371,2025-12-01T11:31:00,8.77
0.0441,53.3366,2025-01-20T07:57:00,11
0.0441,53.3366,2025-02-12T12:43:00,11
0.0441,53.3366,2025-03-04T12:36:00,11
0.0441,53.3366,2025-04-07T11:23:00,11
0.0441,53.3366,2025-05-23T10:31:00,11
0.0441,53.3366,2025-06-25T10:29:00,11
0.0441,53.3366,2025-07-28T07:58:00,11
0.0441,53.3366,2025-08-14T08:08:00,9.99
0.0441,53.3366,2025-09-15T12:31:00,9.99
0.0441,53.3366,2025-10-06T11:18:00,9.89
0.0441,53.3366,2025-11-07T11:41:00,9.27
0.0441,53.3366,2025-12-01T08:27:00,8.89
-0.3753,53.3501,2025-01-21T08:47:00,12
-0.3753,53.3501,2025-02-06T08:23:00,11
-0.3753,53.3501,2025-03-06T10:10:00,11
-0.3753,53.3501,2025-07-23T08:23:00,11.7
-0.3753,53.3501,2025-10-01T11:47:00,<0.196
-0.405,53.3212,2025-01-15T08:53:00,11
-0.405,53.3212,2025-02-06T08:08:00,9.98
-0.405,53.3212,2025-03-20T09:42:00,7.47
-0.405,53.3212,2025-04-08T09:22:00,3.8
-0.405,53.3212,2025-05-15T11:42:00,<0.196
-0.405,53.3212,2025-06-12T12:37:00,<0.196
-0.405,53.3212,2025-07-30T10:42:00,<0.196
-0.405,53.3212,2025-08-11T15:13:00,<0.196
-0.405,53.3212,2025-09-12T09:06:00,<0.196
-0.405,53.3212,2025-10-21T09:29:00,0.322
-0.405,53.3212,2025-11-03T11:34:00,0.306
-0.405,53.3212,2025-12-04T13:38:00,17
0.866,51.892,2025-01-15T14:27:00,8.6
0.866,51.892,2025-04-01T14:06:00,8.9
0.866,51.892,2025-07-03T12:02:00,8.9
-0.4053,53.2827,2025-01-15T08:41:00,8.77
-0.4053,53.2827,2025-02-06T07:48:00,8.97
-0.4053,53.2827,2025-03-13T10:00:00,7.47
-0.4053,53.2827,2025-10-10T10:07:00,<0.196
-0.4053,53.2827,2025-11-03T10:52:00,1.67
-0.4053,53.2827,2025-12-10T08:51:00,9.99
-0.636,53.2543,2025-01-24T10:21:00,13
-0.636,53.2543,2025-02-17T10:57:00,11
-0.636,53.2543,2025-03-06T09:54:00,9.89
-0.5736,53.2309,2025-01-08T13:46:00,11
-0.5736,53.2309,2025-02-17T10:38:00,12.9
-0.5736,53.2309,2025-03-06T09:31:00,9.93
-0.5736,53.2309,2025-10-13T11:52:00,9.13
-0.5736,53.2309,2025-11-13T11:51:00,11.9
-0.5736,53.2309,2025-12-08T11:11:00,8.39
1.7452,52.4639,2025-07-09T14:34:00,<0.096
1.7452,52.4639,2025-07-09T07:00:00,0.0941
1.7452,52.4639,2025-07-10T16:00:00,<0.096
1.7452,52.4639,2025-07-10T11:50:00,<0.096
1.7485,52.468,2025-07-09T14:13:00,<0.096
1.7485,52.468,2025-07-09T06:40:00,<0.096
1.7485,52.468,2025-07-10T16:20:00,<0.096
1.7485,52.468,2025-07-10T12:20:00,<0.096
-0.0737,52.8554,2025-01-07T13:44:00,7.27
-0.0737,52.8554,2025-02-14T09:47:00,2.28
-0.0737,52.8554,2025-03-04T13:02:00,1.79
-0.0737,52.8554,2025-04-11T12:41:00,0.934
-0.0737,52.8554,2025-10-10T10:21:00,0.9
-0.0737,52.8554,2025-11-04T10:41:00,0.522
-0.0737,52.8554,2025-12-12T11:33:00,5.03
1.6896,52.4153,2025-01-30T09:26:00,9.07
1.6896,52.4153,2025-02-14T12:17:00,8.98
1.6896,52.4153,2025-03-11T12:17:00,4.49
-0.6946,52.5529,2025-01-13T14:01:00,5.67
-0.6946,52.5529,2025-02-13T10:08:00,3.99
-0.6946,52.5529,2025-03-14T11:40:00,5.19
-0.6946,52.5529,2025-04-10T11:41:00,4.38
-0.6946,52.5529,2025-05-08T09:34:00,2.38
-0.6946,52.5529,2025-06-11T15:40:00,2.18
-0.6946,52.5529,2025-07-15T10:46:00,12.9
-0.6946,52.5529,2025-08-18T12:12:00,16
-0.6946,52.5529,2025-09-08T10:32:00,3.06
-0.6946,52.5529,2025-10-09T11:12:00,7.05
-0.6946,52.5529,2025-11-12T10:04:00,1.59
-0.6946,52.5529,2025-12-03T10:53:00,6.18
0.097,53.1868,2025-01-24T08:43:00,6.48
0.097,53.1868,2025-02-10T11:37:00,6.58
0.097,53.1868,2025-03-12T07:59:00,6.08
0.097,53.1868,2025-04-09T11:16:00,5.69
0.097,53.1868,2025-05-08T12:30:00,5.19
0.097,53.1868,2025-06-03T09:49:00,4.79
0.097,53.1868,2025-07-21T10:49:00,3.69
0.097,53.1868,2025-08-20T11:56:00,4.4
0.097,53.1868,2025-09-12T10:02:00,4.2
0.097,53.1868,2025-10-17T10:45:00,4.6
0.097,53.1868,2025-11-10T12:47:00,5
0.097,53.1868,2025-12-05T10:20:00,6.19
-0.0097,53.2507,2025-01-22T12:24:00,4.68
-0.0097,53.2507,2025-02-13T12:03:00,4.49
-0.0097,53.2507,2025-03-12T07:30:00,4.07
-0.0097,53.2507,2025-04-09T11:20:00,3.59
-0.0097,53.2507,2025-05-09T10:41:00,3.38
-0.0097,53.2507,2025-06-26T10:12:00,2.78
-0.0097,53.2507,2025-07-25T11:14:00,2.48
-0.0097,53.2507,2025-08-11T09:21:00,2.98
-0.0097,53.2507,2025-09-11T10:05:00,2.68
-0.0097,53.2507,2025-10-17T07:20:00,2.28
-0.0097,53.2507,2025-11-10T12:15:00,8.07
-0.0097,53.2507,2025-12-11T07:41:00,7.88
0.5215,51.8137,2025-01-31T13:37:00,18
0.5215,51.8137,2025-08-06T10:29:00,19
-0.4775,52.4805,2025-01-14T08:58:00,7.79
-0.4775,52.4805,2025-02-13T09:27:00,9.99
-0.4775,52.4805,2025-03-07T08:30:00,7.39
-0.4775,52.4805,2025-04-11T08:56:00,2.39
-0.4775,52.4805,2025-10-06T08:47:00,0.566
-0.4775,52.4805,2025-11-12T08:59:00,0.566
-0.4775,52.4805,2025-12-01T08:49:00,20.9
1.0041,52.1849,2025-03-25T15:23:00,<0.196
1.0041,52.1849,2025-08-22T12:12:00,<0.196
1.4209,52.0433,2025-02-13T12:27:00,3.3
1.4209,52.0433,2025-07-17T14:09:00,2.5
1.4591,52.1257,2025-03-07T14:06:00,0.666
1.4573,52.4598,2025-02-19T11:02:00,<0.196
1.5322,52.5148,2025-03-12T11:20:00,0.696
-0.0212,52.999,2025-01-10T09:36:00,13
-0.0212,52.999,2025-02-04T10:55:00,9.96
-0.0212,52.999,2025-03-24T11:02:00,5.26
-0.0212,52.999,2025-04-08T12:38:00,3.28
-0.0212,52.999,2025-05-23T10:45:00,<0.196
-0.0212,52.999,2025-06-27T10:10:00,<0.196
-0.0212,52.999,2025-07-30T13:21:00,<0.196
-0.0212,52.999,2025-08-06T10:01:00,<0.196
-0.0212,52.999,2025-09-09T10:14:00,<0.196
-0.0212,52.999,2025-10-17T11:47:00,<0.196
-0.0212,52.999,2025-11-04T12:36:00,<0.196
-0.0212,52.999,2025-12-03T11:44:00,13.9
0.8657,52.7234,2025-02-05T12:26:00,<0.196
-0.3158,52.6514,2025-01-14T14:06:00,8.67
-0.3158,52.6514,2025-02-12T11:40:00,5.97
-0.3158,52.6514,2025-03-13T09:13:00,7.66
-0.3158,52.6514,2025-10-15T10:05:00,5.26
-0.3158,52.6514,2025-11-04T11:54:00,4.98
-0.3158,52.6514,2025-12-05T14:31:00,9.65
-0.8234,52.5294,2025-01-07T09:51:00,5.69
-0.8234,52.5294,2025-02-03T10:15:00,4.68
-0.8234,52.5294,2025-03-10T14:14:00,4.78
-0.8234,52.5294,2025-05-06T11:11:00,3.68
-0.8234,52.5294,2025-06-09T12:41:00,3.18
-0.8234,52.5294,2025-07-03T11:24:00,0.926
-0.8234,52.5294,2025-08-08T11:46:00,0.766
-0.8234,52.5294,2025-09-10T10:04:00,0.716
-0.8234,52.5294,2025-10-03T09:50:00,3.09
-0.8234,52.5294,2025-11-03T10:30:00,3.09
-0.8234,52.5294,2025-12-03T12:08:00,14
-0.3734,53.1417,2025-01-13T11:40:00,11
-0.3734,53.1417,2025-02-13T13:09:00,11.9
-0.3734,53.1417,2025-03-10T10:24:00,8.19
-0.3734,53.1417,2025-04-08T09:51:00,4.29
-0.3734,53.1417,2025-05-02T10:44:00,2.2
-0.3734,53.1417,2025-06-27T10:06:00,3.9
-0.3734,53.1417,2025-07-25T11:28:00,1.6
-0.3734,53.1417,2025-08-06T11:32:00,1.3
-0.3734,53.1417,2025-09-11T09:54:00,7.81
-0.3734,53.1417,2025-10-08T09:53:00,1.3
-0.3734,53.1417,2025-11-12T09:47:00,11
-0.3734,53.1417,2025-12-09T10:11:00,10.9
-0.3958,53.1378,2025-01-28T09:39:00,9.6
-0.3958,53.1378,2025-02-13T13:16:00,10
-0.3958,53.1378,2025-03-10T10:39:00,9.9
0.3006,53.1371,2025-01-09T09:58:00,5.37
0.3006,53.1371,2025-02-07T09:49:00,1.78
0.3006,53.1371,2025-03-19T11:03:00,1.09
0.3006,53.1371,2025-04-09T11:51:00,<0.196
0.3006,53.1371,2025-05-15T09:47:00,<0.196
0.3006,53.1371,2025-06-13T09:05:00,<0.196
0.3006,53.1371,2025-07-21T11:27:00,0.194
0.3006,53.1371,2025-08-20T11:14:00,<0.196
0.3006,53.1371,2025-09-16T10:44:00,0.196
0.3006,53.1371,2025-10-17T08:57:00,0.202
0.3006,53.1371,2025-11-12T12:14:00,0.398
0.3006,53.1371,2025-12-05T12:18:00,9.69
-0.1208,52.5785,2025-01-13T12:27:00,8.77
-0.1208,52.5785,2025-02-14T12:09:00,6.37
-0.1208,52.5785,2025-03-07T13:09:00,5.16
-0.1208,52.5785,2025-03-28T10:23:00,3.95
-0.1208,52.5785,2025-04-22T09:18:00,4.98
-0.1208,52.5785,2025-05-08T12:22:00,4.89
-0.1208,52.5785,2025-06-09T11:41:00,2.26
-0.1208,52.5785,2025-07-07T11:22:00,5.34
-0.1208,52.5785,2025-08-15T13:11:00,5
-0.1208,52.5785,2025-09-09T10:53:00,4.53
-0.1208,52.5785,2025-10-24T12:54:00,0.382
-0.1208,52.5785,2025-11-10T13:43:00,0.433
-0.1208,52.5785,2025-12-09T12:01:00,13.8
1.2795,52.0415,2025-02-05T12:45:00,14
1.2795,52.0415,2025-02-25T13:19:00,11
1.2795,52.0415,2025-03-11T12:46:00,13
1.2795,52.0415,2025-04-10T14:30:00,15
1.2795,52.0415,2025-05-23T11:31:00,15
1.2795,52.0415,2025-06-16T11:47:00,14
1.2795,52.0415,2025-07-21T16:00:00,3.08
1.2795,52.0415,2025-08-20T10:56:00,15
1.2795,52.0415,2025-09-04T13:00:00,9.97
1.2795,52.0415,2025-10-09T15:52:00,14
1.2795,52.0415,2025-11-11T13:26:00,12
1.2795,52.0415,2025-12-04T12:00:00,12
1.2181,52.5177,2025-07-10T09:56:00,0.626
0.6977,51.9658,2025-01-23T13:38:00,9.2
1.5144,52.2659,2025-01-30T12:09:00,16
1.5144,52.2659,2025-02-25T11:54:00,14
1.5144,52.2659,2025-03-06T09:22:00,12
1.5144,52.2659,2025-04-24T12:42:00,2.56
1.5144,52.2659,2025-05-23T10:03:00,2.75
1.5144,52.2659,2025-06-24T12:48:00,2.72
1.5144,52.2659,2025-07-11T11:00:00,1.95
1.5144,52.2659,2025-08-13T08:01:00,1.97
1.5144,52.2659,2025-09-03T14:25:00,1.47
1.5144,52.2659,2025-10-09T08:31:00,2.26
1.5144,52.2659,2025-11-05T11:29:00,2.32
1.6018,52.2168,2025-02-20T13:31:00,12.8
1.6018,52.2168,2025-03-20T11:00:00,13.7
1.6018,52.2168,2025-03-27T11:54:00,13.2
1.6018,52.2168,2025-04-22T13:08:00,14.9
1.6018,52.2168,2025-05-30T12:51:00,11.9
1.6018,52.2168,2025-06-16T09:55:00,5.39
1.6018,52.2168,2025-07-02T09:16:00,10.9
1.6018,52.2168,2025-08-13T09:47:00,9.79
1.6018,52.2168,2025-09-03T13:43:00,15.8
-1.1263,52.0552,2025-06-26T14:30:00,<0.196
-0.4225,53.1409,2025-05-23T14:23:00,15
-0.4225,53.1409,2025-07-18T11:31:00,14
-0.4225,53.1409,2025-12-01T11:03:00,14
-0.5402,52.1393,2025-04-28T15:30:00,3.9
-0.4006,51.9576,2025-10-16T11:10:00,3.75
-0.3974,52.0475,2025-04-14T10:38:00,9.72
-0.3941,52.1374,2025-04-14T09:48:00,7.84
-0.241,52.315,2025-11-26T16:10:00,5.26
-0.241,52.315,2025-11-26T15:45:00,5.89
-0.241,52.315,2025-11-26T15:50:00,5.88
-0.241,52.315,2025-11-26T15:30:00,5.89
0.4868,52.212,2025-04-23T11:06:00,37.9
0.4868,52.212,2025-04-23T11:50:00,14.9
-0.6371,52.6008,2025-01-13T14:17:00,9.39
-0.6371,52.6008,2025-02-13T10:35:00,7.59
-0.6371,52.6008,2025-03-03T09:36:00,7.89
-0.6371,52.6008,2025-04-22T12:51:00,6.16
-0.6371,52.6008,2025-05-08T10:04:00,5.45
-0.6371,52.6008,2025-06-11T16:22:00,4.58
-0.6371,52.6008,2025-07-15T10:03:00,3.68
-0.6371,52.6008,2025-08-13T10:02:00,3.38
-0.6371,52.6008,2025-09-08T11:24:00,3.19
-0.6371,52.6008,2025-10-09T12:06:00,3.39
-0.6371,52.6008,2025-11-07T11:14:00,3.49
-0.6371,52.6008,2025-12-05T09:10:00,12
-0.6116,52.6087,2025-01-06T09:58:00,6.19
-0.6116,52.6087,2025-02-24T11:05:00,7.18
-0.6116,52.6087,2025-03-10T10:15:00,8.68
-0.6116,52.6087,2025-04-22T12:29:00,7.65
-0.6116,52.6087,2025-10-09T12:29:00,4.19
-0.6116,52.6087,2025-11-10T09:58:00,4
-0.6116,52.6087,2025-12-04T12:00:00,9.99
-0.0568,52.5746,2025-01-16T12:30:00,6.07
-0.0568,52.5746,2025-02-18T11:23:00,3.88
-0.0568,52.5746,2025-03-13T12:22:00,0.75
-0.0568,52.5746,2025-04-30T10:01:00,4.16
-0.0568,52.5746,2025-05-14T12:12:00,1.94
-0.0568,52.5746,2025-06-09T11:14:00,4.44
-0.0568,52.5746,2025-07-14T13:38:00,2.16
-0.0568,52.5746,2025-08-11T12:00:00,3.56
-0.0568,52.5746,2025-09-09T11:14:00,4.16
-0.0568,52.5746,2025-10-27T12:06:00,8.14
-0.0568,52.5746,2025-11-14T10:15:00,7.63
-0.0568,52.5746,2025-12-09T10:39:00,3.83
-0.6509,52.9063,2025-01-10T10:47:00,13
-0.6509,52.9063,2025-02-03T12:45:00,11
-0.6509,52.9063,2025-03-19T11:09:00,9.98
-0.6509,52.9063,2025-05-19T09:30:00,7.85
-0.6509,52.9063,2025-06-10T10:15:00,5.03
-0.6509,52.9063,2025-07-03T11:20:00,7.34
-0.6509,52.9063,2025-08-12T10:24:00,5.56
-0.6509,52.9063,2025-09-03T13:37:00,3.96
-0.6509,52.9063,2025-10-14T10:42:00,4.06
-0.6509,52.9063,2025-11-14T10:05:00,0.963
-0.6509,52.9063,2025-12-11T13:03:00,8.98
0.8198,51.7959,2025-01-21T09:39:00,24.9
0.8198,51.7959,2025-02-07T10:55:00,26
0.8198,51.7959,2025-03-27T10:43:00,13
0.8198,51.7959,2025-04-10T10:36:00,8.19
0.8198,51.7959,2025-05-06T11:02:00,4.13
0.8198,51.7959,2025-06-02T10:28:00,8.68
0.8198,51.7959,2025-07-03T10:31:00,40
0.8198,51.7959,2025-08-12T15:34:00,42.9
0.8198,51.7959,2025-09-01T13:03:00,40
0.8198,51.7959,2025-10-06T12:42:00,26
0.8198,51.7959,2025-11-04T13:07:00,24
0.8198,51.7959,2025-11-28T11:09:00,29
0.8198,51.7959,2025-12-10T11:14:00,22
0.8198,51.7959,2025-12-17T13:15:00,24
0.7372,51.7326,2025-01-24T09:59:00,9.39
0.7372,51.7326,2025-02-07T10:19:00,13.8
0.7372,51.7326,2025-03-07T12:40:00,11.6
0.7372,51.7326,2025-05-06T09:44:00,0.325
0.7372,51.7326,2025-06-02T11:37:00,0.761
0.7372,51.7326,2025-07-01T10:18:00,0.363
0.7372,51.7326,2025-08-12T13:54:00,0.189
0.7372,51.7326,2025-09-01T13:35:00,0.161
0.7372,51.7326,2025-10-07T15:07:00,0.36
0.7372,51.7326,2025-11-14T13:11:00,0.78
0.7372,51.7326,2025-12-01T12:35:00,1.16
1.4387,52.8761,2025-01-28T13:03:00,8.66
1.4387,52.8761,2025-02-25T10:11:00,9.27
1.4387,52.8761,2025-03-26T11:58:00,8.08
1.4387,52.8761,2025-11-03T11:16:00,7.67
1.4387,52.8761,2025-11-27T10:32:00,6.17
1.4387,52.8761,2025-12-01T10:32:00,6.37
1.4387,52.8761,2025-12-17T11:16:00,6.95
0.7239,51.6835,2025-01-24T11:16:00,13.6
0.7239,51.6835,2025-02-07T08:37:00,22.4
0.7239,51.6835,2025-03-19T09:08:00,28.4
0.7239,51.6835,2025-04-08T12:47:00,33.5
0.7239,51.6835,2025-05-12T09:28:00,17.6
0.7239,51.6835,2025-05-23T10:27:00,31.5
0.7239,51.6835,2025-06-03T11:29:00,32.5
0.7239,51.6835,2025-06-25T14:06:00,32.3
0.7239,51.6835,2025-07-09T11:00:00,14.7
0.7239,51.6835,2025-07-30T10:02:00,29.4
0.7239,51.6835,2025-08-08T11:35:00,27.4
0.7239,51.6835,2025-08-21T08:27:00,30.5
0.7239,51.6835,2025-09-01T11:00:00,27.4
0.7239,51.6835,2025-09-25T12:57:00,31.4
0.7239,51.6835,2025-10-03T13:46:00,35.3
0.7239,51.6835,2025-10-20T11:30:00,33.3
0.7239,51.6835,2025-11-03T09:43:00,16.4
0.7239,51.6835,2025-11-28T12:00:00,19.3
0.7239,51.6835,2025-12-09T12:00:00,12.6
0.7239,51.6835,2025-12-18T10:33:00,18.4
0.7107,51.7005,2025-01-24T10:50:00,9.54
0.7107,51.7005,2025-02-07T08:08:00,11
0.7107,51.7005,2025-03-19T08:36:00,6.59
0.7107,51.7005,2025-10-03T13:26:00,<0.196
1.252,52.0123,2025-04-07T13:28:00,28
1.252,52.0123,2025-10-09T15:17:00,24
-0.4326,52.5526,2025-02-06T09:10:00,8.9
-0.4326,52.5526,2025-08-05T15:13:00,8.4
-0.4326,52.5526,2025-11-14T14:31:00,7.5
0.9634,51.8103,2025-04-09T12:33:00,0.429
0.9634,51.8103,2025-05-01T15:18:00,0.145
0.9634,51.8103,2025-06-12T13:55:00,0.0955
0.9634,51.8103,2025-07-07T12:26:00,0.237
0.9634,51.8103,2025-08-07T13:17:00,0.162
0.9634,51.8103,2025-09-12T13:14:00,0.169
0.9634,51.8103,2025-10-06T10:46:00,0.247
0.9634,51.8103,2025-11-07T13:30:00,0.254
0.9634,51.8103,2025-12-09T13:33:00,0.453
0.9627,51.8523,2025-04-08T11:28:00,1.67
0.9627,51.8523,2025-05-14T13:16:00,0.811
0.9627,51.8523,2025-06-11T10:14:00,3.27
0.9627,51.8523,2025-07-07T11:17:00,1.39
0.9627,51.8523,2025-08-08T11:35:00,0.944
0.9627,51.8523,2025-09-18T11:00:00,0.852
0.9627,51.8523,2025-10-06T10:15:00,2.32
0.9627,51.8523,2025-10-07T14:20:00,1.16
0.9627,51.8523,2025-11-10T12:13:00,5.31
0.9627,51.8523,2025-12-15T10:58:00,8.69
1.0216,51.7651,2025-01-15T11:56:00,0.418
1.0216,51.7651,2025-02-16T13:44:00,0.309
1.0216,51.7651,2025-03-18T12:04:00,0.457
1.0216,51.7651,2025-04-09T13:03:00,0.326
1.0216,51.7651,2025-05-01T15:47:00,0.093
1.0216,51.7651,2025-06-12T14:23:00,0.0138
1.0216,51.7651,2025-07-07T13:00:00,0.073
1.0216,51.7651,2025-08-07T13:49:00,0.118
1.0216,51.7651,2025-09-12T12:47:00,0.133
1.0216,51.7651,2025-10-06T10:18:00,0.141
1.0216,51.7651,2025-11-07T13:54:00,0.206
1.0216,51.7651,2025-12-09T13:59:00,0.307
1.0207,51.7918,2025-01-15T12:09:00,0.567
1.0207,51.7918,2025-02-16T13:31:00,0.428
1.0207,51.7918,2025-03-18T12:20:00,0.456
1.0207,51.7918,2025-04-09T12:54:00,0.326
1.0207,51.7918,2025-05-01T14:56:00,0.106
1.0207,51.7918,2025-06-12T13:36:00,0.0241
1.0207,51.7918,2025-07-07T12:47:00,0.085
1.0207,51.7918,2025-08-07T13:38:00,0.124
1.0207,51.7918,2025-09-12T12:56:00,0.132
1.0207,51.7918,2025-10-06T10:26:00,0.161
1.0207,51.7918,2025-11-07T13:08:00,0.215
1.0207,51.7918,2025-12-09T13:16:00,0.365
-1.1534,52.2283,2025-01-27T10:00:00,3.49
-1.1534,52.2283,2025-02-10T11:33:00,4.69
-1.1534,52.2283,2025-03-03T14:30:00,4.3
-1.1534,52.2283,2025-04-07T12:53:00,4.6
-1.1534,52.2283,2025-05-07T11:09:00,4.4
-1.1534,52.2283,2025-06-09T13:58:00,3.79
-1.1534,52.2283,2025-07-07T14:13:00,2.59
-1.1534,52.2283,2025-08-04T12:27:00,3.4
-1.1534,52.2283,2025-09-08T11:47:00,2.9
-1.1534,52.2283,2025-10-08T15:03:00,2.39
-1.1534,52.2283,2025-11-04T11:13:00,2.19
-1.1534,52.2283,2025-12-09T15:26:00,5.09
-1.1024,52.2292,2025-01-13T14:26:00,4.64
-1.1024,52.2292,2025-02-10T11:01:00,4.56
-1.1024,52.2292,2025-03-03T14:42:00,4.38
-1.1024,52.2292,2025-03-31T11:11:00,4.39
-1.1024,52.2292,2025-04-30T09:48:00,3.89
-1.1024,52.2292,2025-10-08T15:17:00,2.99
-1.1024,52.2292,2025-11-04T12:33:00,2.59
-1.1024,52.2292,2025-12-09T15:39:00,7.68
-0.9771,52.2321,2025-01-28T12:06:00,6.27
-0.9771,52.2321,2025-02-13T10:56:00,8.26
-0.9771,52.2321,2025-03-04T13:06:00,8.47
-0.9771,52.2321,2025-03-31T10:35:00,8.55
-0.9771,52.2321,2025-04-11T12:48:00,9.06
-0.9771,52.2321,2025-05-01T09:03:00,9.31
-0.9771,52.2321,2025-06-02T13:07:00,8.79
-0.9771,52.2321,2025-07-04T09:35:00,7.67
-0.9771,52.2321,2025-08-06T09:53:00,8.59
-0.9771,52.2321,2025-09-05T11:03:00,7.11
-0.9771,52.2321,2025-10-22T10:00:00,11
-0.9771,52.2321,2025-11-05T10:44:00,8.98
-0.9771,52.2321,2025-12-10T11:46:00,11
-0.9337,52.2298,2025-01-28T11:16:00,6.37
-0.9337,52.2298,2025-02-13T10:41:00,7.66
-0.9337,52.2298,2025-03-05T12:46:00,7.57
-0.9337,52.2298,2025-04-11T12:25:00,7.97
-0.9337,52.2298,2025-05-08T11:16:00,9.33
-0.9337,52.2298,2025-06-02T13:33:00,6.75
-0.9337,52.2298,2025-07-02T10:10:00,6.36
-0.9337,52.2298,2025-08-06T10:10:00,6.78
-0.9337,52.2298,2025-09-04T10:25:00,6.07
-0.9337,52.2298,2025-10-07T12:03:00,6.98
-0.9337,52.2298,2025-11-07T14:15:00,7.48
-0.9337,52.2298,2025-12-08T14:46:00,11
-0.8863,52.2318,2025-02-18T09:42:00,6.78
-0.8863,52.2318,2025-02-27T14:24:00,5.47
-0.8863,52.2318,2025-03-13T10:16:00,7.97
-0.8863,52.2318,2025-04-11T11:20:00,7.36
-0.8863,52.2318,2025-05-08T10:55:00,7.25
-0.8863,52.2318,2025-06-12T10:42:00,5.05
-0.8863,52.2318,2025-07-01T10:38:00,4.86
-0.8863,52.2318,2025-08-04T09:43:00,4.56
-0.8863,52.2318,2025-09-04T09:44:00,4.37
-0.8863,52.2318,2025-10-07T09:54:00,4.75
-0.8863,52.2318,2025-11-13T09:15:00,5.76
-0.8863,52.2318,2025-12-08T15:09:00,12
-0.8083,52.2417,2025-01-14T10:03:00,7.65
-0.8083,52.2417,2025-02-03T11:41:00,6.78
-0.8083,52.2417,2025-03-04T12:37:00,7.47
-0.8083,52.2417,2025-05-01T11:24:00,4.76
-0.8083,52.2417,2025-06-02T14:09:00,4.55
-0.8083,52.2417,2025-07-04T10:47:00,2.96
-0.8083,52.2417,2025-08-07T10:52:00,2.87
-0.8083,52.2417,2025-09-04T13:59:00,3.07
-0.8083,52.2417,2025-10-17T15:23:00,4.05
-0.8083,52.2417,2025-11-05T11:27:00,4.06
-0.8083,52.2417,2025-12-05T13:00:00,10.9
-0.781,52.246,2025-01-14T10:19:00,7.46
-0.781,52.246,2025-02-03T12:19:00,6.47
-0.781,52.246,2025-03-04T12:02:00,6.88
-0.781,52.246,2025-04-11T10:40:00,6.78
-0.781,52.246,2025-05-09T11:47:00,5.66
-0.781,52.246,2025-06-04T11:51:00,3.76
-0.781,52.246,2025-07-04T10:12:00,2.56
-0.781,52.246,2025-08-15T12:32:00,2.08
-0.781,52.246,2025-09-10T11:28:00,2.38
-0.781,52.246,2025-10-17T15:39:00,3.96
-0.781,52.246,2025-11-05T12:10:00,4.57
-0.781,52.246,2025-12-05T12:24:00,9.84
-0.7451,52.2496,2025-01-14T11:01:00,9.94
-0.7451,52.2496,2025-02-03T10:28:00,9.36
-0.7451,52.2496,2025-03-04T11:38:00,9.96
-0.7451,52.2496,2025-04-25T12:31:00,13.9
-0.7451,52.2496,2025-05-21T10:39:00,14.9
-0.7451,52.2496,2025-06-12T10:20:00,9.75
-0.7451,52.2496,2025-07-02T10:16:00,10.9
-0.7451,52.2496,2025-08-06T11:54:00,15
-0.7451,52.2496,2025-09-04T14:19:00,12
-0.7451,52.2496,2025-10-17T10:12:00,13.9
-0.7451,52.2496,2025-11-19T11:26:00,13.9
-0.7451,52.2496,2025-12-10T11:00:00,11
-0.7178,52.2639,2025-01-21T11:49:00,12.9
-0.7178,52.2639,2025-02-07T10:59:00,12
-0.7178,52.2639,2025-03-13T10:35:00,9.97
-0.7178,52.2639,2025-04-07T09:22:00,15
-0.7178,52.2639,2025-05-12T10:54:00,13.9
-0.7178,52.2639,2025-06-11T11:24:00,8.96
-0.7178,52.2639,2025-07-11T12:28:00,13
-0.7178,52.2639,2025-08-20T12:06:00,15
-0.7178,52.2639,2025-09-05T11:40:00,12
-0.7178,52.2639,2025-10-13T13:46:00,16
-0.7178,52.2639,2025-11-11T12:12:00,9.85
-0.7178,52.2639,2025-12-02T12:00:00,11.9
-0.6804,52.2891,2025-01-21T11:31:00,12.9
-0.6804,52.2891,2025-02-05T11:52:00,11
-0.6804,52.2891,2025-03-06T10:05:00,12
-0.6804,52.2891,2025-05-07T12:21:00,15
-0.6804,52.2891,2025-06-02T14:56:00,12.9
-0.6804,52.2891,2025-07-03T10:56:00,9.54
-0.6804,52.2891,2025-08-08T16:00:00,14
-0.6804,52.2891,2025-09-05T12:14:00,12
-0.6804,52.2891,2025-10-06T14:35:00,14
-0.6804,52.2891,2025-11-14T09:35:00,7.57
-0.6804,52.2891,2025-12-02T12:25:00,11.9
-0.5973,52.3252,2025-01-21T10:23:00,10.9
-0.5973,52.3252,2025-02-04T12:11:00,10.9
-0.5973,52.3252,2025-03-05T10:42:00,11
-0.5973,52.3252,2025-05-09T10:17:00,13.9
-0.5973,52.3252,2025-06-11T10:32:00,10.9
-0.5973,52.3252,2025-07-03T09:31:00,11.9
-0.5973,52.3252,2025-08-20T09:43:00,13.9
-0.5973,52.3252,2025-09-05T11:16:00,11
-0.5973,52.3252,2025-10-17T11:20:00,15.9
-0.5973,52.3252,2025-11-11T10:12:00,14
-0.5973,52.3252,2025-12-02T14:03:00,10.9
-0.5892,52.3616,2025-01-21T13:54:00,9.39
-0.5892,52.3616,2025-02-05T13:14:00,9.99
-0.5892,52.3616,2025-03-05T11:41:00,9.39
-0.5892,52.3616,2025-10-22T14:05:00,2.7
-0.5892,52.3616,2025-11-11T09:57:00,2.4
-0.5892,52.3616,2025-12-02T15:16:00,23.9
-0.5711,52.3663,2025-04-09T10:07:00,12.9
-0.5711,52.3663,2025-05-07T12:52:00,11.9
-0.5711,52.3663,2025-06-10T10:18:00,11.9
-0.5711,52.3663,2025-07-04T10:06:00,10.9
-0.5711,52.3663,2025-08-20T09:19:00,13
-0.5711,52.3663,2025-09-05T10:14:00,12
-0.5711,52.3663,2025-10-27T13:39:00,13.9
-0.5711,52.3663,2025-11-11T09:40:00,14.9
-0.5711,52.3663,2025-12-02T15:02:00,10.9
-0.4913,52.4432,2025-01-24T10:39:00,10.9
-0.4913,52.4432,2025-02-10T09:54:00,9.91
-0.4913,52.4432,2025-03-05T13:53:00,9.95
-0.4913,52.4432,2025-05-07T11:37:00,10.9
-0.4913,52.4432,2025-06-10T10:51:00,10.9
-0.4913,52.4432,2025-07-07T15:36:00,9.26
-0.4913,52.4432,2025-08-12T09:19:00,9.97
-0.4913,52.4432,2025-09-02T09:17:00,13
-0.4913,52.4432,2025-10-06T09:13:00,16
-0.4913,52.4432,2025-11-11T09:01:00,13.9
-0.4913,52.4432,2025-12-01T15:22:00,11.9
-0.415,52.5791,2025-01-21T08:50:00,9.92
-0.415,52.5791,2025-02-05T09:15:00,9.23
-0.415,52.5791,2025-04-11T13:47:00,11
-0.415,52.5791,2025-05-14T11:10:00,9.96
-0.415,52.5791,2025-06-05T10:49:00,8.86
-0.415,52.5791,2025-07-01T11:00:00,8.37
-0.415,52.5791,2025-08-13T12:11:00,8.78
-0.415,52.5791,2025-09-01T09:31:00,9.78
-0.415,52.5791,2025-10-15T13:39:00,12
-0.415,52.5791,2025-11-12T11:48:00,12.9
-0.415,52.5791,2025-12-04T13:31:00,12.9
-0.1273,52.5763,2025-01-24T13:15:00,9.62
-0.1273,52.5763,2025-02-18T09:49:00,9.92
-0.1273,52.5763,2025-03-07T13:24:00,9.27
-0.1273,52.5763,2025-03-28T10:45:00,8.71
-0.1273,52.5763,2025-04-16T10:33:00,11
-0.1273,52.5763,2025-05-08T12:47:00,7.65
-0.1273,52.5763,2025-06-13T10:03:00,7.66
-0.1273,52.5763,2025-07-10T14:40:00,5.34
-0.1273,52.5763,2025-08-06T17:08:00,5.85
-0.1273,52.5763,2025-09-11T13:51:00,6.37
-0.1273,52.5763,2025-10-16T11:21:00,8.27
-0.1273,52.5763,2025-11-13T12:28:00,9.46
-0.1273,52.5763,2025-12-09T11:50:00,12
-0.4087,53.2758,2025-01-10T08:15:00,12
-0.4087,53.2758,2025-02-12T11:52:00,12
-0.4087,53.2758,2025-03-06T09:03:00,12
-0.4087,53.2758,2025-05-14T09:27:00,13.8
-0.4087,53.2758,2025-06-25T09:21:00,17.9
-0.4087,53.2758,2025-07-16T11:12:00,18.8
-0.4087,53.2758,2025-08-12T12:29:00,17
-0.4087,53.2758,2025-09-05T08:56:00,16
-0.4087,53.2758,2025-10-13T09:23:00,14.9
-0.4087,53.2758,2025-11-24T12:48:00,17
-0.4087,53.2758,2025-12-10T09:06:00,16
-0.5901,53.0044,2025-01-24T11:14:00,12
-0.5901,53.0044,2025-02-20T11:56:00,12
-0.5901,53.0044,2025-03-10T12:27:00,10.9
-0.5901,53.0044,2025-04-11T12:52:00,11.9
0.0214,52.6651,2025-01-22T09:52:00,4.75
0.0214,52.6651,2025-02-05T13:30:00,4.74
0.0214,52.6651,2025-03-10T11:30:00,2.08
0.0214,52.6651,2025-04-11T09:06:00,0.263
0.0214,52.6651,2025-05-06T11:44:00,0.395
0.0214,52.6651,2025-06-17T09:15:00,<0.196
0.0214,52.6651,2025-07-08T11:03:00,<0.196
0.0214,52.6651,2025-08-06T16:12:00,<0.196
0.0214,52.6651,2025-09-04T11:52:00,<0.196
0.0214,52.6651,2025-10-29T10:17:00,0.205
0.0214,52.6651,2025-11-14T09:28:00,0.243
0.0214,52.6651,2025-12-10T09:15:00,8.55
0.1095,52.7188,2025-01-10T11:14:00,5.77
0.1095,52.7188,2025-02-10T09:20:00,3.37
0.1095,52.7188,2025-03-12T08:02:00,1.98
0.1095,52.7188,2025-05-08T12:40:00,<0.196
0.1095,52.7188,2025-06-17T08:54:00,<0.196
0.1095,52.7188,2025-07-17T09:12:00,<0.196
0.1095,52.7188,2025-08-21T09:44:00,<0.196
0.1095,52.7188,2025-09-10T10:19:00,<0.196
0.1095,52.7188,2025-10-07T09:16:00,<0.196
0.1095,52.7188,2025-11-11T09:34:00,0.195
0.1095,52.7188,2025-12-04T12:46:00,4.74
-0.6493,52.7178,2025-04-22T11:10:00,9.09
-0.6493,52.7178,2025-05-09T10:28:00,9.99
-0.6493,52.7178,2025-05-22T10:49:00,6.2
-0.6493,52.7178,2025-06-09T11:37:00,4.99
-0.6493,52.7178,2025-07-07T14:07:00,2.48
-0.6493,52.7178,2025-08-04T12:05:00,0.866
-0.6493,52.7178,2025-09-08T12:40:00,<0.196
-0.6493,52.7178,2025-10-03T12:16:00,1.56
-0.6493,52.7178,2025-11-18T11:02:00,9.33
-0.6493,52.7178,2025-12-01T10:17:00,9.38
-0.6493,52.7178,2025-12-17T11:27:00,12
0.2979,53.2936,2025-01-20T10:52:00,13
0.2979,53.2936,2025-02-07T08:20:00,13
0.2979,53.2936,2025-03-07T07:30:00,12
0.2979,53.2936,2025-04-07T08:55:00,11
0.2979,53.2936,2025-05-08T09:48:00,7.55
0.2979,53.2936,2025-06-26T08:36:00,0.697
0.2979,53.2936,2025-07-24T08:40:00,0.192
0.2979,53.2936,2025-08-15T09:11:00,<0.196
0.2979,53.2936,2025-09-11T10:38:00,<0.196
0.2979,53.2936,2025-10-06T08:37:00,<0.196
0.2979,53.2936,2025-11-07T07:43:00,<0.196
0.2979,53.2936,2025-12-05T09:01:00,18.9
-0.5912,52.683,2025-01-10T14:44:00,12
-0.5912,52.683,2025-02-05T09:51:00,12
-0.5912,52.683,2025-03-10T11:30:00,11
-0.5912,52.683,2025-04-22T11:33:00,11
-0.5912,52.683,2025-10-08T11:41:00,6.89
-0.5912,52.683,2025-11-05T10:44:00,6.92
-0.5912,52.683,2025-12-05T10:12:00,9.95
-0.5862,52.6694,2025-01-21T10:52:00,12
-0.5862,52.6694,2025-02-05T09:42:00,12
-0.5862,52.6694,2025-03-10T11:17:00,11
1.4819,52.1122,2025-01-02T09:56:00,7.25
1.4819,52.1122,2025-01-10T11:39:00,6.26
1.4819,52.1122,2025-01-15T12:13:00,7.26
1.4819,52.1122,2025-01-22T12:09:00,7.56
1.4819,52.1122,2025-01-29T12:50:00,6.47
1.4819,52.1122,2025-02-05T12:29:00,7.57
1.4819,52.1122,2025-02-12T10:45:00,6.77
1.4819,52.1122,2025-02-19T11:11:00,6.98
1.4819,52.1122,2025-02-25T12:34:00,6.08
1.4819,52.1122,2025-03-05T11:18:00,6.98
1.4819,52.1122,2025-03-12T11:17:00,5.68
1.4819,52.1122,2025-03-20T10:02:00,7.38
1.4819,52.1122,2025-03-27T10:38:00,5.98
1.4819,52.1122,2025-04-02T09:35:00,6.97
1.4819,52.1122,2025-04-09T09:51:00,4.08
1.4819,52.1122,2025-04-15T10:14:00,6.37
1.4819,52.1122,2025-04-23T10:07:00,3.77
1.4819,52.1122,2025-05-01T09:38:00,7.47
1.4819,52.1122,2025-05-07T10:37:00,7.98
1.4819,52.1122,2025-05-14T09:40:00,8.16
1.4819,52.1122,2025-05-22T12:00:00,8.98
1.4819,52.1122,2025-05-28T10:07:00,7.56
1.4819,52.1122,2025-06-03T09:52:00,7.98
1.4819,52.1122,2025-06-18T13:57:00,5.55
1.4819,52.1122,2025-06-25T09:17:00,7.46
1.4819,52.1122,2025-07-02T10:19:00,6.46
1.4819,52.1122,2025-07-09T10:01:00,7.47
1.4819,52.1122,2025-07-11T12:19:00,7.47
1.4819,52.1122,2025-07-18T10:29:00,7.17
1.4819,52.1122,2025-07-22T08:53:00,6.46
1.4819,52.1122,2025-08-06T11:19:00,6.67
1.4819,52.1122,2025-08-11T11:57:00,5.77
1.4819,52.1122,2025-08-20T08:11:00,7.88
1.4819,52.1122,2025-08-26T10:44:00,6.98
1.4819,52.1122,2025-09-03T07:51:00,5.39
1.4819,52.1122,2025-09-09T12:49:00,2.48
1.4819,52.1122,2025-09-19T10:11:00,4.37
1.4819,52.1122,2025-09-23T09:40:00,6.38
1.4819,52.1122,2025-10-03T10:09:00,2.57
1.4819,52.1122,2025-10-07T09:00:00,6.18
1.4819,52.1122,2025-10-15T13:57:00,5.98
1.4819,52.1122,2025-10-21T09:11:00,5.77
1.4819,52.1122,2025-10-29T13:18:00,6.27
1.4819,52.1122,2025-11-05T12:32:00,2.82
1.4819,52.1122,2025-11-11T12:02:00,5.44
1.4819,52.1122,2025-11-18T10:26:00,2.86
1.4819,52.1122,2025-11-25T14:04:00,4.15
1.4819,52.1122,2025-12-03T11:03:00,6.14
1.4819,52.1122,2025-12-09T09:56:00,7.04
1.4819,52.1122,2025-12-17T11:45:00,6.95
1.4957,52.083,2025-04-23T10:30:00,0.255
1.4957,52.083,2025-06-13T10:19:00,0.54
1.4957,52.083,2025-07-02T11:00:00,0.0941
1.4957,52.083,2025-08-06T11:40:00,0.0909
1.4957,52.083,2025-09-09T13:05:00,0.123
1.4957,52.083,2025-10-01T13:10:00,1.98
1.4957,52.083,2025-11-11T11:41:00,1.48
1.4957,52.083,2025-12-03T11:10:00,0.336
1.3486,52.2048,2025-01-15T08:14:00,15.9
1.3486,52.2048,2025-02-26T10:14:00,14
1.3486,52.2048,2025-03-18T10:24:00,17.7
1.3486,52.2048,2025-04-11T10:57:00,25.9
1.3486,52.2048,2025-10-03T11:14:00,26.9
1.3486,52.2048,2025-11-05T10:17:00,20.9
1.3486,52.2048,2025-12-04T09:41:00,19.9
1.4491,52.1716,2025-01-02T10:15:00,10.9
1.4491,52.1716,2025-01-10T12:12:00,13
1.4491,52.1716,2025-01-15T11:45:00,11
1.4491,52.1716,2025-01-22T11:30:00,9.96
1.4491,52.1716,2025-01-29T12:00:00,16
1.4491,52.1716,2025-02-05T12:51:00,12
1.4491,52.1716,2025-02-12T11:05:00,15
1.4491,52.1716,2025-02-19T12:03:00,12
1.4491,52.1716,2025-02-25T12:05:00,15
1.4491,52.1716,2025-03-05T11:42:00,11
1.4491,52.1716,2025-03-12T12:06:00,9.68
1.4491,52.1716,2025-03-19T10:13:00,11
1.4491,52.1716,2025-03-27T11:06:00,9.88
1.4491,52.1716,2025-04-02T10:00:00,9.87
1.4491,52.1716,2025-04-09T10:14:00,9.98
1.4491,52.1716,2025-04-15T11:09:00,9.47
1.4491,52.1716,2025-04-23T11:25:00,9.87
1.4491,52.1716,2025-05-01T10:14:00,9.96
1.4491,52.1716,2025-05-07T11:51:00,11
1.4491,52.1716,2025-05-14T11:22:00,11
1.4491,52.1716,2025-05-22T11:35:00,11
1.4491,52.1716,2025-05-28T11:06:00,10.9
1.4491,52.1716,2025-06-03T10:12:00,8.86
1.4491,52.1716,2025-06-13T11:29:00,9.06
1.4491,52.1716,2025-06-18T13:25:00,11.9
1.4491,52.1716,2025-06-25T10:00:00,9.56
1.4491,52.1716,2025-07-02T12:20:00,9.55
1.4491,52.1716,2025-07-09T10:37:00,9.77
1.4491,52.1716,2025-07-18T11:10:00,9.27
1.4491,52.1716,2025-07-22T10:30:00,8.86
1.4491,52.1716,2025-08-06T10:10:00,9.98
1.4491,52.1716,2025-08-11T12:26:00,9.58
1.4491,52.1716,2025-08-20T08:50:00,9.98
1.4491,52.1716,2025-08-26T10:24:00,9.98
1.4491,52.1716,2025-09-03T08:18:00,9.08
1.4491,52.1716,2025-09-09T09:32:00,8.38
1.4491,52.1716,2025-09-19T10:46:00,9.78
1.4491,52.1716,2025-09-23T10:03:00,9.89
1.4491,52.1716,2025-10-01T12:13:00,11
1.4491,52.1716,2025-10-07T09:27:00,12
1.4491,52.1716,2025-10-15T13:31:00,9.98
1.4491,52.1716,2025-10-21T09:36:00,9.78
1.4491,52.1716,2025-10-29T12:51:00,9.88
1.4491,52.1716,2025-11-05T12:27:00,9.97
1.4491,52.1716,2025-11-11T10:32:00,9.38
1.4491,52.1716,2025-11-18T10:46:00,12.9
1.4491,52.1716,2025-11-25T13:36:00,15
1.4491,52.1716,2025-12-03T10:20:00,14.9
1.4491,52.1716,2025-12-09T10:20:00,17.9
1.4491,52.1716,2025-12-17T11:22:00,12
1.4491,52.1716,2025-12-23T10:42:00,15
1.6469,52.6819,2025-01-30T11:51:00,1.29
1.6469,52.6819,2025-02-26T10:44:00,0.742
1.6469,52.6819,2025-03-26T11:18:00,0.285
1.17,52.0193,2025-01-31T14:15:00,2.66
1.17,52.0193,2025-03-16T11:17:00,0.632
1.17,52.0193,2025-04-11T12:48:00,1.42
1.17,52.0193,2025-05-03T12:07:00,0.808
1.17,52.0193,2025-06-03T12:56:00,0.358
1.17,52.0193,2025-07-04T11:08:00,0.25
1.17,52.0193,2025-08-08T09:54:00,0.36
1.17,52.0193,2025-09-11T12:47:00,0.5
1.17,52.0193,2025-11-08T11:07:00,0.539
1.17,52.0193,2025-12-10T13:32:00,1.31
1.2798,51.966,2025-01-15T10:20:00,0.804
1.2798,51.966,2025-03-16T10:27:00,0.474
1.2798,51.966,2025-04-11T11:49:00,0.346
1.2798,51.966,2025-05-03T11:12:00,0.151
1.2798,51.966,2025-06-03T12:03:00,0.088
1.2798,51.966,2025-07-04T12:04:00,0.035
1.2798,51.966,2025-08-08T10:51:00,0.094
1.2798,51.966,2025-09-11T13:30:00,0.139
1.2798,51.966,2025-11-08T12:06:00,0.222
1.2798,51.966,2025-12-10T12:39:00,0.442
0.988,52.2891,2025-07-03T12:18:00,<0.196
-0.5897,53.2231,2025-01-08T13:27:00,8.09
-0.5897,53.2231,2025-02-17T10:28:00,6.08
-0.5897,53.2231,2025-03-06T09:38:00,5.38
-0.5897,53.2231,2025-04-01T10:08:00,4.66
-0.5897,53.2231,2025-05-16T12:19:00,4.25
-0.5897,53.2231,2025-06-24T11:12:00,9.23
-0.5897,53.2231,2025-07-10T10:36:00,4.78
-0.5897,53.2231,2025-08-11T10:33:00,9.15
-0.5897,53.2231,2025-09-15T12:44:00,0.938
-0.5897,53.2231,2025-10-13T11:42:00,4.56
-0.5897,53.2231,2025-11-13T12:00:00,11.9
-0.5897,53.2231,2025-12-08T11:03:00,14.9
1.2017,51.9949,2025-10-07T11:27:00,20
-0.9004,52.3093,2025-01-10T09:28:00,2.18
-0.9004,52.3093,2025-02-04T13:46:00,2.49
-0.9004,52.3093,2025-03-06T11:34:00,2.69
-0.9004,52.3093,2025-04-28T09:05:00,2.07
-0.9004,52.3093,2025-05-14T09:39:00,1.66
-0.9004,52.3093,2025-06-11T14:44:00,1.28
-0.9004,52.3093,2025-07-08T15:04:00,0.772
-0.9004,52.3093,2025-08-05T09:07:00,0.508
-0.9004,52.3093,2025-09-05T09:45:00,0.276
-0.9004,52.3093,2025-10-17T09:35:00,0.301
-0.9004,52.3093,2025-11-18T12:52:00,0.864
-0.9004,52.3093,2025-12-12T09:41:00,1.78
-0.3172,52.8669,2025-01-16T11:00:00,6.08
-0.3172,52.8669,2025-02-07T12:52:00,5.89
-0.3172,52.8669,2025-03-05T13:00:00,5.88
-0.3172,52.8669,2025-04-04T12:53:00,3.27
-0.3172,52.8669,2025-10-21T14:03:00,0.193
-0.3172,52.8669,2025-11-07T11:34:00,3.12
-0.3172,52.8669,2025-12-01T12:32:00,16
1.2069,52.9237,2025-11-21T09:44:00,<0.196
-0.387,53.1549,2025-01-28T09:50:00,18
-0.387,53.1549,2025-02-13T13:25:00,17
-0.387,53.1549,2025-03-10T10:47:00,17
-0.387,53.1549,2025-04-08T10:11:00,17
-0.387,53.1549,2025-05-02T11:03:00,16
-0.387,53.1549,2025-06-23T09:23:00,13
-0.387,53.1549,2025-07-11T10:55:00,11
-0.387,53.1549,2025-08-06T11:58:00,13
-0.387,53.1549,2025-10-08T10:04:00,11
-0.387,53.1549,2025-11-12T09:35:00,9.08
-0.387,53.1549,2025-12-09T09:34:00,17
-0.5243,52.5071,2025-09-11T10:40:00,2.8
-0.709,52.3631,2025-01-14T09:31:00,13
-0.709,52.3631,2025-02-07T09:11:00,13
-0.709,52.3631,2025-03-07T09:03:00,12
-0.709,52.3631,2025-05-06T13:07:00,9.89
-0.709,52.3631,2025-06-03T13:25:00,9.68
-0.709,52.3631,2025-07-10T10:53:00,8.29
-0.709,52.3631,2025-08-26T14:09:00,8.19
-0.709,52.3631,2025-09-09T12:49:00,7.39
-0.709,52.3631,2025-10-10T09:01:00,6.59
-0.709,52.3631,2025-11-13T14:01:00,55.9
-0.709,52.3631,2025-12-02T13:22:00,26
1.2184,51.9287,2025-01-28T14:15:00,13
1.2184,51.9287,2025-02-13T09:50:00,14
1.2184,51.9287,2025-03-26T11:16:00,9.16
-0.978,52.3196,2025-01-15T11:19:00,6.38
-0.978,52.3196,2025-02-17T14:08:00,6.59
-0.978,52.3196,2025-03-05T11:32:00,6.79
-0.978,52.3196,2025-04-04T09:51:00,6.29
-0.978,52.3196,2025-05-13T10:42:00,4.29
-0.978,52.3196,2025-06-03T12:29:00,3.57
-0.978,52.3196,2025-07-01T11:56:00,1.87
-0.978,52.3196,2025-08-04T13:48:00,1.5
-0.978,52.3196,2025-09-03T13:31:00,1.58
-0.978,52.3196,2025-10-03T11:40:00,1.69
-0.978,52.3196,2025-11-05T10:19:00,1.5
-0.978,52.3196,2025-12-12T10:26:00,4.68
-0.1629,53.0845,2025-01-30T11:45:00,0.446
-0.1629,53.0845,2025-12-09T10:34:00,1.68
-0.1825,53.0874,2025-01-30T11:54:00,0.554
-0.1825,53.0874,2025-02-21T10:16:00,<0.196
-0.1825,53.0874,2025-03-18T11:25:00,<0.196
-0.1825,53.0874,2025-04-09T10:16:00,2.2
-0.1825,53.0874,2025-10-08T11:54:00,0.625
-0.1825,53.0874,2025-11-20T11:03:00,1.29
-0.1825,53.0874,2025-12-09T10:46:00,0.714
-0.1626,53.0845,2025-01-30T11:43:00,6.8
-0.1626,53.0845,2025-02-21T10:25:00,0.363
-0.1626,53.0845,2025-03-18T11:35:00,0.734
-0.1626,53.0845,2025-04-09T10:24:00,0.778
-0.1626,53.0845,2025-10-08T11:41:00,4.88
-0.1626,53.0845,2025-11-20T10:50:00,6.45
-0.1626,53.0845,2025-12-09T10:36:00,2.27
0.8793,52.1923,2025-01-07T12:00:00,12
0.8793,52.1923,2025-02-05T09:46:00,9.19
0.8793,52.1923,2025-03-25T11:43:00,7.27
0.8793,52.1923,2025-04-28T10:09:00,9.18
0.8793,52.1923,2025-10-02T14:10:00,5.57
0.8793,52.1923,2025-11-13T10:17:00,4.91
0.8793,52.1923,2025-12-03T13:07:00,20
0.0918,53.3206,2025-12-17T10:55:00,<0.196
0.6119,51.7416,2025-01-02T12:53:00,21
0.6119,51.7416,2025-08-12T11:25:00,22
0.7597,51.5809,2025-04-08T12:35:00,0.592
0.7597,51.5809,2025-04-30T15:59:00,0.184
0.7597,51.5809,2025-06-11T13:07:00,0.088
0.7597,51.5809,2025-08-06T16:23:00,0.43
0.7597,51.5809,2025-09-04T12:29:00,0.385
0.7597,51.5809,2025-11-06T13:56:00,0.511
0.7597,51.5809,2025-12-08T15:23:00,0.707
0.6836,51.5683,2025-01-28T11:34:00,3.65
0.6836,51.5683,2025-02-11T11:15:00,4.06
0.6836,51.5683,2025-03-05T12:11:00,5.15
0.6836,51.5683,2025-04-02T09:41:00,2.98
0.6836,51.5683,2025-05-12T12:17:00,2.85
0.6836,51.5683,2025-06-03T10:19:00,1.86
0.6836,51.5683,2025-07-07T12:44:00,1.8
0.6836,51.5683,2025-08-15T12:12:00,0.776
0.6836,51.5683,2025-09-05T13:50:00,2.56
0.6836,51.5683,2025-10-07T11:49:00,2.25
0.6836,51.5683,2025-11-25T11:20:00,3.75
0.6836,51.5683,2025-12-09T13:52:00,2.37
0.6806,51.5782,2025-01-10T11:54:00,17.9
0.6806,51.5782,2025-02-05T12:17:00,18.9
0.6806,51.5782,2025-03-05T11:41:00,18.9
0.6806,51.5782,2025-04-02T09:53:00,27.8
0.6806,51.5782,2025-05-12T12:04:00,17.9
0.6806,51.5782,2025-06-03T10:08:00,18.9
0.6806,51.5782,2025-07-07T12:57:00,10.9
0.6806,51.5782,2025-08-15T12:24:00,17
0.6806,51.5782,2025-09-05T13:36:00,14.9
0.6806,51.5782,2025-10-07T12:03:00,16.9
0.6806,51.5782,2025-11-25T10:59:00,15.6
0.6806,51.5782,2025-12-09T13:43:00,11.7
-0.2726,52.8326,2025-01-24T13:42:00,9.58
-0.2726,52.8326,2025-02-12T12:03:00,9.38
-0.2726,52.8326,2025-03-21T15:14:00,8.76
-0.2726,52.8326,2025-04-04T13:18:00,7.07
-0.2726,52.8326,2025-05-14T13:07:00,<0.196
-0.2726,52.8326,2025-06-27T12:35:00,<0.196
-0.2726,52.8326,2025-07-29T11:47:00,<0.196
-0.2726,52.8326,2025-08-01T11:18:00,<0.196
-0.2726,52.8326,2025-09-02T12:06:00,<0.196
-0.2726,52.8326,2025-10-20T12:30:00,0.359
-0.2726,52.8326,2025-12-03T13:09:00,11.9
-0.9526,52.4239,2025-01-28T13:29:00,5.69
-0.9526,52.4239,2025-02-03T12:48:00,5.99
-0.9526,52.4239,2025-03-06T12:34:00,5.28
-0.9526,52.4239,2025-04-23T13:42:00,3.82
-0.9526,52.4239,2025-05-09T11:56:00,0.491
-0.9526,52.4239,2025-06-12T09:56:00,<0.196
-0.9526,52.4239,2025-07-03T09:50:00,<0.196
-0.9526,52.4239,2025-09-01T11:07:00,0.206
-0.9526,52.4239,2025-10-20T12:36:00,0.501
-0.9526,52.4239,2025-11-11T12:52:00,19.7
-0.9526,52.4239,2025-12-15T12:00:00,7.78
-0.6928,52.4125,2025-01-02T14:56:00,<0.196
-0.6928,52.4125,2025-02-03T09:30:00,6.58
-0.6928,52.4125,2025-03-10T09:04:00,6.09
-0.6928,52.4125,2025-04-11T09:56:00,4.89
-0.6928,52.4125,2025-10-09T12:59:00,1.99
-0.6928,52.4125,2025-11-10T11:52:00,1.97
-0.6928,52.4125,2025-12-01T14:12:00,9.37
-0.7024,52.3851,2025-01-28T14:26:00,6.58
-0.7024,52.3851,2025-02-17T14:44:00,5.88
-0.7024,52.3851,2025-03-06T10:00:00,6.19
-0.7024,52.3851,2025-04-10T10:32:00,4.49
-0.7024,52.3851,2025-05-09T15:40:00,3.28
-0.7024,52.3851,2025-06-10T14:39:00,2.18
-0.7024,52.3851,2025-07-14T13:13:00,1.19
-0.7024,52.3851,2025-08-08T13:37:00,1.09
-0.7024,52.3851,2025-09-02T08:09:00,1.09
-0.7024,52.3851,2025-10-09T13:14:00,1.69
-0.7024,52.3851,2025-11-03T13:28:00,1.99
-0.7024,52.3851,2025-12-04T09:49:00,13
-0.6822,52.3298,2025-01-21T10:41:00,7.98
-0.6822,52.3298,2025-02-07T10:02:00,8.48
-0.6822,52.3298,2025-03-14T10:11:00,7.98
-0.6822,52.3298,2025-04-25T13:03:00,4.38
-0.6822,52.3298,2025-05-12T11:32:00,2.88
-0.6822,52.3298,2025-06-11T11:36:00,1.99
-0.6822,52.3298,2025-07-03T11:55:00,1.09
-0.6822,52.3298,2025-08-08T14:58:00,1.29
-0.6822,52.3298,2025-09-05T13:09:00,0.852
-0.6822,52.3298,2025-10-13T12:01:00,1.7
-0.6822,52.3298,2025-11-11T13:07:00,13
-0.6822,52.3298,2025-12-02T12:59:00,12
-0.6711,52.2975,2025-01-21T11:20:00,8.18
-0.6711,52.2975,2025-02-07T10:37:00,8.58
-0.6711,52.2975,2025-03-11T10:46:00,7.57
-0.6711,52.2975,2025-04-08T11:26:00,5.38
-0.6711,52.2975,2025-05-12T11:08:00,3.07
-0.6711,52.2975,2025-06-11T10:57:00,2.09
-0.6711,52.2975,2025-07-03T11:08:00,1.38
-0.6711,52.2975,2025-08-08T15:44:00,1.09
-0.6711,52.2975,2025-09-05T12:25:00,1.27
-0.6711,52.2975,2025-10-17T10:41:00,1.59
-0.6711,52.2975,2025-11-19T11:34:00,8.36
-0.6711,52.2975,2025-12-09T12:17:00,9.97
-0.0765,52.8686,2025-01-24T09:31:00,3.84
-0.0765,52.8686,2025-02-12T08:42:00,4.34
-0.0765,52.8686,2025-03-12T09:58:00,3.13
-0.0765,52.8686,2025-04-11T12:10:00,1.27
-0.0765,52.8686,2025-05-08T10:42:00,0.839
-0.0765,52.8686,2025-06-19T09:24:00,<0.196
-0.0765,52.8686,2025-07-15T13:04:00,<0.196
-0.0765,52.8686,2025-08-22T10:14:00,<0.196
-0.0765,52.8686,2025-09-10T10:05:00,<0.196
-0.0765,52.8686,2025-10-10T10:55:00,0.28
-0.0765,52.8686,2025-11-04T09:23:00,0.73
-0.0765,52.8686,2025-11-19T09:05:00,14.8
-0.0765,52.8686,2025-12-03T09:48:00,10.9
-0.0765,52.8686,2025-12-16T11:25:00,6.15
1.1224,51.8321,2025-02-04T09:32:00,7
1.1224,51.8321,2025-07-30T14:31:00,9.7
0.8811,51.8481,2025-01-21T09:14:00,9.95
0.8811,51.8481,2025-02-07T11:56:00,11
0.8811,51.8481,2025-03-10T09:22:00,11
0.8811,51.8481,2025-04-01T13:01:00,11
0.8811,51.8481,2025-05-06T12:16:00,9.14
0.8811,51.8481,2025-06-03T09:20:00,10.9
0.8811,51.8481,2025-07-03T12:26:00,8.27
0.8811,51.8481,2025-08-08T12:48:00,9.07
0.8811,51.8481,2025-09-02T10:34:00,12
0.8811,51.8481,2025-10-06T11:01:00,9.78
0.8811,51.8481,2025-11-04T12:47:00,8.28
0.8811,51.8481,2025-12-05T13:27:00,10.9
0.8257,51.8608,2025-01-10T14:25:00,11
0.8257,51.8608,2025-02-07T12:21:00,11
0.8257,51.8608,2025-03-10T11:41:00,9.94
0.8257,51.8608,2025-04-02T13:06:00,11
0.8257,51.8608,2025-08-08T14:51:00,13
0.8257,51.8608,2025-09-01T12:19:00,14
0.8257,51.8608,2025-10-02T11:44:00,14
0.8257,51.8608,2025-11-04T12:34:00,11
0.8257,51.8608,2025-12-05T13:46:00,9.99
-0.9399,51.9997,2025-01-27T14:26:00,4.18
-0.9399,51.9997,2025-02-10T14:23:00,4.48
-0.9399,51.9997,2025-03-14T10:38:00,6.79
-0.9399,51.9997,2025-04-04T13:47:00,6.48
-0.9399,51.9997,2025-05-06T12:26:00,4.78
-0.9399,51.9997,2025-06-09T10:48:00,3.89
-0.9399,51.9997,2025-07-04T11:42:00,1.39
-0.9399,51.9997,2025-08-20T11:07:00,1.4
-0.9399,51.9997,2025-09-03T11:34:00,2.99
-0.9399,51.9997,2025-10-08T13:06:00,4.18
-0.9399,51.9997,2025-11-04T14:12:00,4.69
-0.9399,51.9997,2025-12-02T14:13:00,15
0.4179,52.3586,2025-01-14T16:36:00,11.9
0.4179,52.3586,2025-02-11T16:44:00,12
0.4179,52.3586,2025-03-10T11:45:00,13
0.4179,52.3586,2025-04-28T10:58:00,9.77
0.4179,52.3586,2025-05-15T13:08:00,10.9
0.4179,52.3586,2025-06-12T12:37:00,9.55
0.4179,52.3586,2025-07-11T10:15:00,8.37
0.4179,52.3586,2025-09-16T11:16:00,9.66
0.4179,52.3586,2025-10-24T09:55:00,9.96
0.4179,52.3586,2025-11-17T16:09:00,6.66
0.4179,52.3586,2025-12-03T12:44:00,11
-0.6704,53.0586,2025-01-29T09:55:00,18
-0.6704,53.0586,2025-03-25T09:13:00,7.17
1.2554,52.6391,2025-01-07T13:25:00,6.56
1.2554,52.6391,2025-02-10T11:56:00,7.48
1.2554,52.6391,2025-03-06T10:31:00,6.98
1.2554,52.6391,2025-04-01T09:16:00,7.09
1.2554,52.6391,2025-05-08T15:30:00,6.18
1.2554,52.6391,2025-06-16T15:48:00,4.58
1.2554,52.6391,2025-07-31T11:59:00,4.39
1.2554,52.6391,2025-08-13T14:23:00,4.39
1.2554,52.6391,2025-09-01T10:56:00,5.29
1.2554,52.6391,2025-10-09T14:38:00,6.39
1.2554,52.6391,2025-11-28T14:53:00,7.06
1.2554,52.6391,2025-12-12T10:19:00,7.57
0.098,52.202,2025-01-07T13:20:00,15
0.098,52.202,2025-02-06T14:42:00,14.9
0.098,52.202,2025-03-12T09:54:00,15.9
0.098,52.202,2025-04-03T14:52:00,17.8
0.098,52.202,2025-05-08T09:54:00,15.9
0.098,52.202,2025-06-10T16:16:00,14.9
0.098,52.202,2025-07-11T09:18:00,14
0.098,52.202,2025-08-11T09:55:00,17
0.098,52.202,2025-09-02T09:35:00,15.9
0.098,52.202,2025-10-06T12:15:00,19.8
0.098,52.202,2025-11-10T10:33:00,16.9
0.098,52.202,2025-12-01T10:37:00,15.8
-0.4329,52.1159,2025-01-13T14:55:00,3.58
-0.4329,52.1159,2025-02-07T13:40:00,3.68
-0.4329,52.1159,2025-03-03T11:19:00,3.88
-0.4329,52.1159,2025-04-03T11:29:00,2.78
-0.4329,52.1159,2025-05-01T12:53:00,2.37
-0.4329,52.1159,2025-06-09T15:27:00,0.989
-0.4329,52.1159,2025-07-07T10:19:00,0.713
-0.4329,52.1159,2025-08-15T15:02:00,0.124
-0.4329,52.1159,2025-09-01T10:45:00,0.554
-0.4329,52.1159,2025-11-06T10:45:00,1.49
-0.4329,52.1159,2025-12-02T10:51:00,5.35
1.1296,52.4732,2025-01-29T10:32:00,13
1.1296,52.4732,2025-02-20T12:52:00,9.18
1.1296,52.4732,2025-03-06T11:24:00,9.47
1.1296,52.4732,2025-04-02T12:25:00,1.49
1.1296,52.4732,2025-05-27T14:13:00,0.25
1.1296,52.4732,2025-06-05T10:34:00,0.211
1.1296,52.4732,2025-07-14T11:03:00,0.219
1.1296,52.4732,2025-08-28T13:51:00,<0.196
1.1296,52.4732,2025-09-23T12:29:00,<0.196
1.1296,52.4732,2025-10-24T12:47:00,0.191
1.1296,52.4732,2025-11-07T11:39:00,0.193
1.1296,52.4732,2025-12-02T11:56:00,18.9
-1.159,52.0222,2025-01-30T12:37:00,7.2
-1.159,52.0222,2025-02-14T12:31:00,6.5
-1.159,52.0222,2025-03-17T13:01:00,6.4
-1.159,52.0222,2025-04-28T13:12:00,5
-1.159,52.0222,2025-05-22T11:57:00,4.7
-1.159,52.0222,2025-06-23T11:43:00,3.88
-1.159,52.0222,2025-07-10T11:49:00,3.49
-1.159,52.0222,2025-08-26T12:00:00,3
-1.159,52.0222,2025-09-18T12:51:00,2.5
0.382,51.7738,2025-01-02T14:24:00,8.86
0.382,51.7738,2025-02-04T10:38:00,13
0.382,51.7738,2025-03-06T11:05:00,11
0.382,51.7738,2025-04-02T11:35:00,5.38
0.382,51.7738,2025-05-09T14:52:00,1.89
0.382,51.7738,2025-06-05T11:14:00,0.44
0.382,51.7738,2025-07-07T09:22:00,1.18
0.382,51.7738,2025-08-07T11:44:00,0.192
0.382,51.7738,2025-09-09T10:25:00,0.223
0.382,51.7738,2025-10-09T13:25:00,<0.196
0.382,51.7738,2025-11-06T10:02:00,0.196
0.382,51.7738,2025-12-17T13:16:00,12.9
-0.5049,51.9913,2025-01-08T12:43:00,5.49
-0.5049,51.9913,2025-02-05T11:06:00,4.99
-0.5049,51.9913,2025-03-06T12:53:00,<0.196
-0.5049,51.9913,2025-04-30T13:35:00,<0.196
-0.5049,51.9913,2025-05-22T10:41:00,3.79
-0.5049,51.9913,2025-06-16T10:17:00,2.29
-0.5049,51.9913,2025-07-23T09:48:00,<0.196
-0.5049,51.9913,2025-08-12T09:14:00,1.9
-0.5049,51.9913,2025-11-11T12:54:00,18.8
-0.0141,52.726,2025-01-08T12:07:00,6.77
-0.0141,52.726,2025-02-10T10:11:00,2.47
-0.0141,52.726,2025-03-10T11:06:00,1.78
-0.0141,52.726,2025-04-01T10:42:00,1.18
-0.0141,52.726,2025-05-08T12:19:00,<0.004
-0.0141,52.726,2025-06-17T09:36:00,<0.004
-0.0141,52.726,2025-07-15T11:18:00,<0.004
-0.0141,52.726,2025-08-21T10:06:00,0.059
-0.0141,52.726,2025-09-10T09:50:00,0.0928
-0.0141,52.726,2025-10-29T10:38:00,0.559
-0.0141,52.726,2025-11-14T09:09:00,0.592
-0.0141,52.726,2025-12-03T11:10:00,7.15
1.5277,52.3381,2025-01-28T10:44:00,14
1.5277,52.3381,2025-02-14T11:53:00,11
1.5277,52.3381,2025-03-04T09:31:00,8.17
1.5277,52.3381,2025-04-24T10:39:00,7.96
1.5277,52.3381,2025-05-30T12:15:00,9.8
1.5277,52.3381,2025-06-23T12:18:00,8.33
1.5277,52.3381,2025-07-24T12:17:00,5.27
1.5277,52.3381,2025-08-12T11:53:00,13.9
1.5277,52.3381,2025-09-03T11:48:00,5.21
1.5277,52.3381,2025-10-14T09:48:00,12
1.5277,52.3381,2025-11-11T09:41:00,6.18
1.5277,52.3381,2025-12-04T12:55:00,15.9
-0.3653,52.5651,2025-01-02T13:52:00,1.76
-0.3653,52.5651,2025-02-17T12:00:00,9.94
-0.3653,52.5651,2025-03-10T14:03:00,9.97
-0.3653,52.5651,2025-04-11T14:16:00,11
-0.3653,52.5651,2025-05-08T11:19:00,9.36
-0.3653,52.5651,2025-06-05T10:22:00,9.97
-0.3653,52.5651,2025-07-11T15:17:00,8.57
-0.3653,52.5651,2025-08-13T12:46:00,8.58
-0.3653,52.5651,2025-09-04T10:36:00,9.48
-0.3653,52.5651,2025-10-15T10:48:00,13
-0.3653,52.5651,2025-11-12T12:20:00,13
-0.3653,52.5651,2025-12-09T11:25:00,11.9
0.9665,52.8886,2025-01-24T10:16:00,6.39
0.9665,52.8886,2025-02-07T10:59:00,7.5
0.9665,52.8886,2025-03-03T11:11:00,6.7
0.9665,52.8886,2025-04-02T10:45:00,7.69
0.9665,52.8886,2025-05-23T10:22:00,9.49
0.9665,52.8886,2025-06-16T11:25:00,7.69
0.9665,52.8886,2025-07-07T12:44:00,11
0.9665,52.8886,2025-08-13T12:25:00,9.99
0.9665,52.8886,2025-09-10T12:25:00,9.99
0.9665,52.8886,2025-10-10T13:03:00,9.08
0.9665,52.8886,2025-11-18T10:14:00,7.78
0.9665,52.8886,2025-12-02T10:49:00,6.79
-0.1606,52.7453,2025-01-06T13:44:00,7.54
-0.1606,52.7453,2025-02-04T14:04:00,7.56
-0.1606,52.7453,2025-03-24T13:01:00,7.76
-0.1606,52.7453,2025-04-16T12:37:00,5.65
-0.1606,52.7453,2025-05-13T08:29:00,4.43
-0.1606,52.7453,2025-06-06T08:56:00,3.02
-0.1606,52.7453,2025-07-15T12:04:00,0.676
-0.1606,52.7453,2025-08-29T11:24:00,0.634
-0.1606,52.7453,2025-09-16T09:51:00,2.87
-0.1606,52.7453,2025-10-27T10:41:00,4.74
-0.1606,52.7453,2025-11-14T08:49:00,5.1
-0.1606,52.7453,2025-12-03T11:30:00,9.88
0.5818,52.5496,2025-01-06T15:15:00,7.26
0.5818,52.5496,2025-02-11T14:43:00,7.57
0.5818,52.5496,2025-03-07T08:33:00,7.58
0.5818,52.5496,2025-04-01T14:06:00,7.98
0.5818,52.5496,2025-05-12T08:02:00,7.67
0.5818,52.5496,2025-06-05T15:05:00,6.98
0.5818,52.5496,2025-07-11T12:28:00,7.18
0.5818,52.5496,2025-08-05T11:29:00,6.59
0.5818,52.5496,2025-09-04T08:26:00,6.79
0.5818,52.5496,2025-10-21T12:21:00,5.88
0.5818,52.5496,2025-11-05T11:18:00,6.07
0.5818,52.5496,2025-12-11T08:18:00,8.78
-0.2408,53.1395,2025-01-16T09:12:00,10.9
-0.2408,53.1395,2025-02-03T10:37:00,11
-0.2408,53.1395,2025-03-21T09:17:00,9.96
-0.2408,53.1395,2025-04-08T10:52:00,8.45
-0.2408,53.1395,2025-05-02T10:03:00,8.43
-0.2408,53.1395,2025-06-27T10:53:00,5.75
-0.2408,53.1395,2025-07-25T11:07:00,5.9
-0.2408,53.1395,2025-08-15T09:00:00,3.86
-0.2408,53.1395,2025-09-09T09:12:00,7.2
-0.2408,53.1395,2025-10-14T10:47:00,7.34
-0.2408,53.1395,2025-11-12T10:10:00,10.9
-0.2408,53.1395,2025-12-11T11:08:00,13.9
-0.4811,52.8079,2025-01-29T10:58:00,7.39
-0.4811,52.8079,2025-02-20T13:01:00,6.29
-0.4811,52.8079,2025-03-06T13:09:00,6.09
-0.4811,52.8079,2025-04-04T11:18:00,3.39
-0.4811,52.8079,2025-05-19T11:07:00,2.98
-0.4811,52.8079,2025-06-25T13:20:00,0.43
-0.4811,52.8079,2025-07-23T11:35:00,0.196
-0.4811,52.8079,2025-10-06T12:30:00,<0.196
-0.4811,52.8079,2025-11-06T12:48:00,<0.196
-0.4811,52.8079,2025-12-04T13:30:00,16
-0.4074,53.282,2025-01-13T13:29:00,9.47
-0.4074,53.282,2025-02-06T07:43:00,9.07
-0.4074,53.282,2025-03-06T08:56:00,8.56
-0.4074,53.282,2025-04-07T11:43:00,5.62
-0.4074,53.282,2025-05-02T13:55:00,0.377
-0.4074,53.282,2025-06-12T11:59:00,<0.196
-0.4074,53.282,2025-07-15T09:08:00,0.258
-0.4074,53.282,2025-08-12T11:57:00,<0.196
-0.4074,53.282,2025-09-10T09:26:00,<0.196
-0.4074,53.282,2025-10-13T09:37:00,0.195
-0.4074,53.282,2025-11-03T10:47:00,1.67
-0.4074,53.282,2025-12-10T08:54:00,9.99
1.181,52.7183,2025-01-22T11:04:00,5.57
1.181,52.7183,2025-02-11T10:56:00,4.87
1.181,52.7183,2025-03-03T12:28:00,5.38
1.181,52.7183,2025-04-14T11:18:00,3.67
1.181,52.7183,2025-05-07T09:03:00,3.59
1.181,52.7183,2025-06-18T10:37:00,3.29
1.181,52.7183,2025-07-31T11:35:00,3.19
1.181,52.7183,2025-08-14T13:40:00,3.19
1.181,52.7183,2025-09-04T13:27:00,2.79
1.181,52.7183,2025-10-29T13:01:00,2.99
1.181,52.7183,2025-11-13T12:40:00,2.79
1.181,52.7183,2025-12-02T13:27:00,4.26
0.0416,53.3363,2025-01-16T07:55:00,11
0.0416,53.3363,2025-02-05T12:49:00,11
0.0416,53.3363,2025-03-04T12:28:00,11
0.0416,53.3363,2025-04-07T11:30:00,11
0.0416,53.3363,2025-05-23T10:32:00,11
0.0416,53.3363,2025-06-25T10:35:00,11
0.0416,53.3363,2025-07-28T08:06:00,11
0.0416,53.3363,2025-08-15T07:19:00,11
0.0416,53.3363,2025-09-16T08:53:00,11
0.0416,53.3363,2025-10-06T11:14:00,9.99
0.0416,53.3363,2025-11-07T11:37:00,9.79
0.0416,53.3363,2025-12-01T08:18:00,9.09
-0.1019,52.8682,2025-01-08T14:04:00,11
-0.1019,52.8682,2025-02-12T11:20:00,4.64
-0.1019,52.8682,2025-03-07T12:11:00,3.63
-0.1019,52.8682,2025-04-01T12:56:00,1.16
-0.1019,52.8682,2025-05-08T10:56:00,0.933
-0.1019,52.8682,2025-06-19T09:33:00,0.206
-0.1019,52.8682,2025-07-08T12:43:00,<0.196
-0.1019,52.8682,2025-08-22T10:00:00,<0.196
-0.1019,52.8682,2025-09-10T10:14:00,<0.196
-0.1019,52.8682,2025-10-10T11:06:00,0.77
-0.1019,52.8682,2025-11-04T09:13:00,1.37
-0.1019,52.8682,2025-12-03T09:39:00,9.56
-0.3783,53.1394,2025-01-08T10:30:00,9.8
-0.3783,53.1394,2025-02-03T10:54:00,11.9
-0.3783,53.1394,2025-03-10T10:34:00,12.7
-0.3783,53.1394,2025-04-08T10:00:00,10.9
-0.3783,53.1394,2025-05-02T10:53:00,12.8
-0.3783,53.1394,2025-06-27T10:16:00,11.9
-0.3783,53.1394,2025-07-25T11:38:00,11
-0.3783,53.1394,2025-08-06T11:43:00,12
-0.3783,53.1394,2025-09-08T09:23:00,11
-0.3783,53.1394,2025-10-09T13:26:00,13
-0.3783,53.1394,2025-11-12T09:55:00,9.98
-0.3783,53.1394,2025-12-09T10:05:00,9.85
0.145,53.3232,2025-01-13T11:56:00,8.5
0.145,53.3232,2025-02-17T08:58:00,5.8
0.145,53.3232,2025-03-20T11:20:00,4.16
0.145,53.3232,2025-04-09T07:57:00,1.96
0.145,53.3232,2025-05-02T10:19:00,<0.004
0.145,53.3232,2025-06-11T08:09:00,<0.004
0.145,53.3232,2025-07-09T07:32:00,0.01
0.145,53.3232,2025-08-15T08:32:00,<0.004
0.145,53.3232,2025-09-09T09:19:00,<0.004
0.145,53.3232,2025-10-08T07:32:00,0.097
0.145,53.3232,2025-11-11T11:49:00,12
0.145,53.3232,2025-12-08T08:26:00,44
0.9614,52.6607,2025-02-05T10:03:00,5.88
0.9614,52.6607,2025-03-06T11:22:00,6.38
0.9614,52.6607,2025-04-14T13:50:00,4.77
0.9614,52.6607,2025-05-30T15:54:00,3.84
0.9614,52.6607,2025-07-09T09:15:00,2.59
0.9614,52.6607,2025-08-28T11:38:00,1.98
0.9614,52.6607,2025-09-23T10:48:00,2.29
0.9614,52.6607,2025-11-25T11:54:00,11
0.9614,52.6607,2025-12-11T09:22:00,8.68
-0.1168,53.0113,2025-01-28T10:18:00,10.9
-0.1168,53.0113,2025-02-13T09:45:00,10.9
-0.1168,53.0113,2025-03-26T11:00:00,9.56
-0.1168,53.0113,2025-04-09T10:16:00,9.55
-0.1168,53.0113,2025-05-15T10:08:00,6.83
-0.1168,53.0113,2025-06-27T11:48:00,5.17
-0.1168,53.0113,2025-07-02T12:11:00,4.09
-0.1168,53.0113,2025-08-15T10:17:00,1.77
-0.1168,53.0113,2025-09-24T12:22:00,4.54
-0.1168,53.0113,2025-10-23T10:34:00,5.53
-0.1168,53.0113,2025-11-14T13:52:00,12.9
-0.1168,53.0113,2025-12-05T10:42:00,15.9
-0.5388,52.6269,2025-01-15T10:01:00,7.08
-0.5388,52.6269,2025-02-24T12:09:00,5.39
-0.5388,52.6269,2025-03-14T13:55:00,6.89
-0.5388,52.6269,2025-04-25T11:08:00,5.38
-0.5388,52.6269,2025-05-13T13:10:00,5.68
-0.5388,52.6269,2025-06-10T12:24:00,3.99
-0.5388,52.6269,2025-07-15T11:23:00,3.28
-0.5388,52.6269,2025-08-22T11:43:00,4.29
-0.5388,52.6269,2025-09-11T11:09:00,4.49
-0.5388,52.6269,2025-10-13T14:48:00,4.89
0.1411,53.3912,2025-01-09T12:15:00,8.27
0.1411,53.3912,2025-02-04T09:59:00,7.02
0.1411,53.3912,2025-03-03T07:59:00,7.57
0.1411,53.3912,2025-04-07T07:39:00,3.48
0.1411,53.3912,2025-05-08T08:02:00,<0.196
0.1411,53.3912,2025-06-11T11:59:00,0.193
0.1411,53.3912,2025-07-10T11:59:00,<0.196
0.1411,53.3912,2025-08-05T10:03:00,<0.196
0.1411,53.3912,2025-09-09T11:24:00,<0.196
0.1411,53.3912,2025-10-01T12:32:00,<0.196
0.1411,53.3912,2025-11-07T12:03:00,<0.196
0.1411,53.3912,2025-12-01T11:22:00,14
0.5448,51.8093,2025-01-14T09:19:00,12
0.5448,51.8093,2025-02-04T09:38:00,12
0.5448,51.8093,2025-03-05T09:17:00,11
0.5448,51.8093,2025-04-03T11:10:00,13
0.5448,51.8093,2025-05-07T10:16:00,13
0.5448,51.8093,2025-06-25T12:26:00,15
0.5448,51.8093,2025-07-30T08:31:00,12
0.5448,51.8093,2025-08-14T15:28:00,11
0.5448,51.8093,2025-09-08T11:02:00,9.99
0.5448,51.8093,2025-10-30T13:53:00,11
0.5448,51.8093,2025-11-14T11:05:00,9.27
0.5448,51.8093,2025-12-01T10:46:00,11
1.1909,52.497,2025-01-14T10:25:00,8.45
1.1909,52.497,2025-02-25T16:47:00,11
1.1909,52.497,2025-03-13T11:30:00,6.37
1.1909,52.497,2025-04-02T13:20:00,4.77
1.1909,52.497,2025-05-27T14:47:00,6.12
1.1909,52.497,2025-06-24T10:46:00,8.98
1.1909,52.497,2025-07-10T11:24:00,7.05
1.1909,52.497,2025-08-06T10:28:00,7.76
-0.8357,52.3348,2025-01-08T13:38:00,6.79
-0.8357,52.3348,2025-02-03T14:20:00,6.69
-0.8357,52.3348,2025-03-05T10:22:00,6.09
-0.8357,52.3348,2025-04-22T09:46:00,2.57
-0.8357,52.3348,2025-05-09T12:21:00,3.38
-0.8357,52.3348,2025-06-10T14:17:00,2.29
-0.8357,52.3348,2025-07-08T16:05:00,0.52
-0.8357,52.3348,2025-08-20T11:38:00,5.14
-0.8357,52.3348,2025-09-09T12:07:00,<0.196
-0.8357,52.3348,2025-10-30T13:48:00,0.996
-0.8357,52.3348,2025-11-14T10:30:00,0.745
-0.8357,52.3348,2025-12-09T12:56:00,16
0.3192,52.5725,2025-01-24T16:34:00,5.67
0.3192,52.5725,2025-02-13T11:47:00,7.18
0.3192,52.5725,2025-03-06T16:51:00,6.58
0.3192,52.5725,2025-04-23T12:35:00,4.72
0.3192,52.5725,2025-05-13T11:09:00,6.32
0.3192,52.5725,2025-06-24T09:30:00,4.88
0.3192,52.5725,2025-07-15T08:58:00,0.204
0.3192,52.5725,2025-08-06T14:01:00,5.25
0.3192,52.5725,2025-09-17T15:30:00,3.63
0.3192,52.5725,2025-10-21T08:55:00,0.802
0.3192,52.5725,2025-11-20T12:32:00,1.94
0.3192,52.5725,2025-12-08T12:00:00,6.04
-0.0883,52.0721,2025-02-19T10:23:00,24
-0.0883,52.0721,2025-03-07T09:46:00,25
-0.0883,52.0721,2025-05-28T11:10:00,24
-0.0883,52.0721,2025-06-19T09:23:00,23
-0.0883,52.0721,2025-07-25T13:42:00,22
-0.0883,52.0721,2025-08-26T08:52:00,23
-0.0883,52.0721,2025-09-24T08:57:00,21
-0.0883,52.0721,2025-10-27T11:22:00,20
-0.0883,52.0721,2025-11-17T10:00:00,19
-0.0493,52.8591,2025-01-13T13:23:00,4.65
-0.0493,52.8591,2025-02-10T13:19:00,1.77
-0.0493,52.8591,2025-03-10T08:21:00,0.253
-0.0493,52.8591,2025-04-10T12:04:00,0.057
-0.0493,52.8591,2025-05-08T09:42:00,0.019
-0.0493,52.8591,2025-06-17T10:21:00,0.0048
-0.0493,52.8591,2025-07-15T14:03:00,0.0021
-0.0493,52.8591,2025-12-10T08:42:00,0.0942
0.9229,52.558,2025-02-07T11:51:00,8.05
0.9229,52.558,2025-04-10T11:13:00,3.87
0.9229,52.558,2025-06-26T11:37:00,0.635
-0.3775,52.6559,2025-01-24T10:52:00,8.47
-0.3775,52.6559,2025-02-20T11:57:00,9.07
-0.3775,52.6559,2025-03-10T12:37:00,9.17
-0.3775,52.6559,2025-04-11T13:03:00,7.86
-0.3775,52.6559,2025-05-08T13:00:00,7.15
-0.3775,52.6559,2025-06-11T17:08:00,6.43
-0.3775,52.6559,2025-07-15T12:24:00,4.78
-0.3775,52.6559,2025-08-22T12:27:00,5.48
-0.3775,52.6559,2025-09-10T11:52:00,4.98
-0.3775,52.6559,2025-10-08T14:37:00,5.18
-0.3775,52.6559,2025-11-06T12:43:00,5.27
-0.3775,52.6559,2025-12-05T12:26:00,9.85
0.1676,52.5842,2025-01-06T12:14:00,2.58
0.1676,52.5842,2025-02-11T08:29:00,7.26
0.1676,52.5842,2025-03-11T16:17:00,1.99
0.1676,52.5842,2025-04-11T08:31:00,7.98
0.1676,52.5842,2025-05-13T10:00:00,2.06
0.1676,52.5842,2025-06-10T12:36:00,3.08
0.1676,52.5842,2025-07-15T10:05:00,0.415
0.1676,52.5842,2025-08-11T11:21:00,1.19
0.1676,52.5842,2025-09-09T12:15:00,0.79
0.1676,52.5842,2025-10-27T13:38:00,0.47
0.1676,52.5842,2025-11-12T14:09:00,0.327
0.1676,52.5842,2025-12-08T13:50:00,2.45
-1.0546,52.2896,2025-02-27T13:29:00,5.29
-1.0546,52.2896,2025-03-14T12:31:00,11.9
-1.0546,52.2896,2025-03-31T12:49:00,9.98
-1.0546,52.2896,2025-04-22T10:49:00,10.9
-1.0546,52.2896,2025-05-09T09:49:00,12
-1.0546,52.2896,2025-06-03T12:01:00,10.9
-0.026,52.5932,2025-01-24T14:29:00,3.56
-0.026,52.5932,2025-02-14T12:46:00,2.66
-0.026,52.5932,2025-03-27T10:55:00,1.27
-0.026,52.5932,2025-04-16T10:51:00,2.45
-0.026,52.5932,2025-05-14T13:10:00,2.05
-0.026,52.5932,2025-06-10T11:51:00,1.48
-0.026,52.5932,2025-07-07T13:02:00,<0.049
-0.026,52.5932,2025-08-15T13:33:00,<0.004
-0.026,52.5932,2025-09-11T11:42:00,0.0239
-0.026,52.5932,2025-10-29T08:46:00,0.053
-0.026,52.5932,2025-11-19T12:11:00,2.28
-0.026,52.5932,2025-12-10T09:38:00,7.75
-0.6243,52.8035,2025-01-03T09:27:00,11
-0.6243,52.8035,2025-02-18T13:42:00,11
-0.6243,52.8035,2025-03-05T11:10:00,10.9
-0.6243,52.8035,2025-04-25T10:18:00,11
-0.6243,52.8035,2025-05-19T09:49:00,9.77
-0.6243,52.8035,2025-06-25T12:57:00,7.27
-0.6243,52.8035,2025-07-23T11:10:00,6.58
-0.6243,52.8035,2025-08-12T12:09:00,6.08
-0.6243,52.8035,2025-09-03T11:28:00,6.19
-0.6243,52.8035,2025-10-01T12:02:00,6.19
-0.6243,52.8035,2025-11-03T08:58:00,8.79
-0.6243,52.8035,2025-12-01T12:44:00,14
-0.0377,53.1499,2025-01-09T13:12:00,12
-0.0377,53.1499,2025-02-04T10:04:00,12
-0.0377,53.1499,2025-03-19T10:12:00,6.18
-0.0377,53.1499,2025-04-09T10:51:00,9.87
-0.0377,53.1499,2025-05-19T12:30:00,3.61
-0.0377,53.1499,2025-06-23T10:23:00,0.0957
-0.0377,53.1499,2025-12-05T11:20:00,16
0.0422,52.0419,2025-01-15T12:07:00,19
0.0422,52.0419,2025-02-06T09:20:00,19
0.0422,52.0419,2025-03-04T11:17:00,14.9
0.0422,52.0419,2025-04-04T09:04:00,4.99
0.0422,52.0419,2025-10-02T13:24:00,6.19
0.0422,52.0419,2025-11-24T09:43:00,2.92
0.0422,52.0419,2025-12-10T11:23:00,6.37
-0.0913,53.0564,2025-01-10T09:26:00,7.68
-0.0913,53.0564,2025-02-04T10:42:00,7.95
-0.0913,53.0564,2025-03-21T09:57:00,3.38
-0.0913,53.0564,2025-04-08T12:03:00,8.21
-0.0913,53.0564,2025-05-23T10:23:00,4.94
-0.0913,53.0564,2025-06-27T09:55:00,1.16
-0.0913,53.0564,2025-07-28T11:00:00,2.16
-0.0913,53.0564,2025-08-06T10:16:00,1.98
-0.0913,53.0564,2025-09-01T11:06:00,1.37
-0.0913,53.0564,2025-10-17T11:34:00,0.194
-0.0913,53.0564,2025-11-14T12:52:00,3.11
-0.0913,53.0564,2025-12-03T11:31:00,16.9
0.9498,52.1883,2025-01-30T12:03:00,11
0.9498,52.1883,2025-02-27T11:31:00,11
0.9498,52.1883,2025-03-18T13:14:00,5.28
0.9498,52.1883,2025-04-03T10:38:00,2.98
0.9498,52.1883,2025-05-22T11:42:00,0.928
0.9498,52.1883,2025-06-23T12:58:00,2.36
0.9498,52.1883,2025-07-11T11:56:00,1.18
0.9498,52.1883,2025-08-07T11:40:00,1.08
0.9498,52.1883,2025-09-16T10:59:00,1.18
0.9498,52.1883,2025-10-02T13:40:00,1.07
0.9498,52.1883,2025-11-14T12:28:00,1.38
0.9498,52.1883,2025-12-03T13:05:00,16
0.1263,52.1808,2025-01-23T13:42:00,12
0.1263,52.1808,2025-02-11T12:01:00,12
0.1263,52.1808,2025-03-13T10:05:00,13
0.1263,52.1808,2025-04-03T13:26:00,13
0.1263,52.1808,2025-05-06T10:38:00,13
0.1263,52.1808,2025-06-09T10:20:00,12
0.1263,52.1808,2025-07-15T11:49:00,12
0.1263,52.1808,2025-08-11T10:17:00,12
0.1263,52.1808,2025-09-02T10:06:00,9.99
0.1263,52.1808,2025-10-06T14:24:00,9.89
0.1263,52.1808,2025-11-10T11:13:00,9.28
0.1263,52.1808,2025-12-01T11:16:00,7.59
-0.5916,52.0207,2025-01-02T10:32:00,7.28
-0.5916,52.0207,2025-02-04T14:50:00,6.69
-0.5916,52.0207,2025-03-04T15:48:00,8.19
-0.5916,52.0207,2025-04-04T12:32:00,9.98
-0.5916,52.0207,2025-05-06T15:29:00,9.98
-0.5916,52.0207,2025-06-06T14:30:00,9.96
-0.5916,52.0207,2025-07-08T10:43:00,9.37
-0.5916,52.0207,2025-08-07T14:26:00,9.96
-0.5916,52.0207,2025-09-01T11:17:00,9.98
-0.5916,52.0207,2025-10-03T11:42:00,9.58
-0.5916,52.0207,2025-11-05T12:05:00,9.78
-0.5916,52.0207,2025-12-04T11:50:00,12
-0.3875,53.2862,2025-01-10T08:28:00,13
-0.3875,53.2862,2025-02-12T12:14:00,9.99
-0.3875,53.2862,2025-03-13T10:11:00,9.18
-0.3875,53.2862,2025-04-07T11:31:00,6.34
-0.3875,53.2862,2025-05-14T11:33:00,0.942
-0.3875,53.2862,2025-06-25T09:42:00,0.286
-0.3875,53.2862,2025-07-31T11:34:00,<0.196
-0.3875,53.2862,2025-08-22T12:03:00,0.251
-0.3875,53.2862,2025-09-10T09:10:00,<0.196
-0.3875,53.2862,2025-10-10T10:29:00,<0.196
-0.3875,53.2862,2025-11-24T12:32:00,18
-0.3875,53.2862,2025-12-10T11:03:00,14
0.1894,53.2385,2025-01-31T09:46:00,14
0.1894,53.2385,2025-02-13T12:34:00,14
0.1894,53.2385,2025-03-12T09:07:00,14
0.1894,53.2385,2025-04-11T11:02:00,14
0.1894,53.2385,2025-05-13T08:04:00,12.9
0.1894,53.2385,2025-06-27T11:55:00,6.99
0.1894,53.2385,2025-07-25T10:51:00,2.7
0.1894,53.2385,2025-08-11T07:54:00,0.526
0.1894,53.2385,2025-09-09T08:27:00,0.196
0.1894,53.2385,2025-10-17T11:11:00,<0.196
0.1894,53.2385,2025-11-11T10:03:00,2.27
0.1894,53.2385,2025-12-08T10:16:00,12
-0.5831,51.9332,2025-01-13T14:01:00,6.05
-0.5831,51.9332,2025-02-04T14:01:00,7.18
-0.5831,51.9332,2025-03-17T10:19:00,5.89
-0.5831,51.9332,2025-04-04T12:14:00,5.77
-0.5831,51.9332,2025-05-09T15:21:00,4.58
-0.5831,51.9332,2025-06-06T13:06:00,3.97
-0.5831,51.9332,2025-07-08T12:30:00,2.19
-0.5831,51.9332,2025-08-07T14:09:00,2.59
-0.5831,51.9332,2025-09-09T13:43:00,2.4
-0.5831,51.9332,2025-10-09T10:21:00,2.1
-0.5831,51.9332,2025-11-05T12:28:00,3.09
-0.5831,51.9332,2025-12-01T14:52:00,15
1.0738,52.1474,2025-01-30T10:35:00,13
1.0738,52.1474,2025-02-14T12:22:00,10.9
1.0738,52.1474,2025-03-12T12:14:00,8.04
1.0738,52.1474,2025-04-03T13:33:00,7.95
1.0738,52.1474,2025-05-06T11:26:00,7.55
1.0738,52.1474,2025-06-06T09:19:00,8.33
1.0738,52.1474,2025-07-07T14:16:00,8.45
1.0738,52.1474,2025-08-07T13:04:00,7.57
1.0738,52.1474,2025-09-01T13:49:00,9.05
1.0738,52.1474,2025-10-08T12:08:00,7.71
1.0738,52.1474,2025-11-03T12:19:00,7.22
1.0738,52.1474,2025-12-09T13:22:00,18.9
-0.8462,52.0361,2025-01-02T11:45:00,5.08
-0.8462,52.0361,2025-02-03T14:08:00,4.67
-0.8462,52.0361,2025-03-04T15:13:00,4.99
-0.8462,52.0361,2025-04-04T14:31:00,9.08
-0.8462,52.0361,2025-05-09T13:23:00,12.9
-0.8462,52.0361,2025-06-09T13:46:00,16.8
-0.8462,52.0361,2025-07-04T14:06:00,0.194
-0.8462,52.0361,2025-08-08T13:05:00,<0.196
-0.8462,52.0361,2025-09-04T12:55:00,6.69
-0.8462,52.0361,2025-10-13T10:51:00,5.95
-0.8462,52.0361,2025-11-03T14:10:00,16.9
-0.8462,52.0361,2025-12-01T12:38:00,18
0.3491,52.3328,2025-01-02T13:41:00,10.6
0.3491,52.3328,2025-02-05T13:19:00,13
0.3491,52.3328,2025-03-04T15:07:00,13
0.3491,52.3328,2025-04-03T12:43:00,13
0.3491,52.3328,2025-05-06T13:07:00,12.9
0.3491,52.3328,2025-06-06T15:20:00,11
0.3491,52.3328,2025-07-03T12:14:00,12.9
0.3491,52.3328,2025-08-21T10:57:00,16
0.3491,52.3328,2025-09-08T11:01:00,15
0.3491,52.3328,2025-10-27T11:39:00,11
0.3491,52.3328,2025-11-14T15:34:00,9.96
0.3491,52.3328,2025-12-01T15:00:00,9.47
0.7192,52.1242,2025-01-23T12:01:00,8.47
0.7192,52.1242,2025-02-07T11:36:00,9.67
0.7192,52.1242,2025-03-31T10:02:00,9.42
0.7192,52.1242,2025-05-19T11:37:00,8.15
0.7192,52.1242,2025-06-23T12:15:00,39.1
0.7192,52.1242,2025-07-17T11:31:00,43.8
0.7192,52.1242,2025-08-06T11:07:00,42
0.7192,52.1242,2025-09-08T11:24:00,38.8
0.7192,52.1242,2025-10-08T13:55:00,34.9
0.7192,52.1242,2025-11-14T10:52:00,16.4
0.7192,52.1242,2025-12-17T09:36:00,15.9
0.7267,51.9228,2025-01-02T09:47:00,7.55
0.7267,51.9228,2025-02-10T10:58:00,8.86
0.7267,51.9228,2025-03-31T08:29:00,8.6
0.7267,51.9228,2025-04-24T07:32:00,6.63
0.7267,51.9228,2025-05-12T10:46:00,8.36
0.7267,51.9228,2025-06-26T15:04:00,6.84
0.7267,51.9228,2025-07-17T12:55:00,8.29
0.7267,51.9228,2025-08-04T11:03:00,9.94
0.7267,51.9228,2025-09-23T10:27:00,9.34
0.7267,51.9228,2025-10-16T11:40:00,9.92
0.7267,51.9228,2025-11-11T11:33:00,7.41
0.7267,51.9228,2025-12-03T10:06:00,8.95
-0.4209,53.3579,2025-01-08T11:11:00,17
-0.4209,53.3579,2025-02-13T09:17:00,14
-0.4209,53.3579,2025-03-20T09:58:00,13
-0.4209,53.3579,2025-04-08T08:31:00,5.7
-0.4209,53.3579,2025-05-08T11:50:00,<0.196
-0.4209,53.3579,2025-07-30T11:16:00,0.191
-0.4209,53.3579,2025-11-07T08:51:00,2.39
-0.4209,53.3579,2025-12-11T10:39:00,19
-0.3869,53.0791,2025-01-08T10:27:00,15
-0.3869,53.0791,2025-02-14T09:36:00,13
-0.3869,53.0791,2025-03-07T09:32:00,10.9
-0.3869,53.0791,2025-04-02T09:25:00,8.91
-0.3869,53.0791,2025-05-12T10:55:00,2.96
-0.3869,53.0791,2025-06-27T09:40:00,15.8
-0.3869,53.0791,2025-07-24T11:58:00,18.9
-0.3869,53.0791,2025-08-14T09:40:00,15.8
-0.3869,53.0791,2025-09-11T10:07:00,1.38
-0.3869,53.0791,2025-10-21T09:39:00,4.03
-0.3869,53.0791,2025-11-06T10:26:00,7.82
-0.3869,53.0791,2025-12-03T10:24:00,37
-0.3527,53.033,2025-01-06T09:28:00,5.19
-0.3527,53.033,2025-02-12T09:08:00,12
-0.3527,53.033,2025-03-07T10:15:00,13
-0.3527,53.033,2025-10-21T09:25:00,0.07
-0.3527,53.033,2025-11-07T09:37:00,5.95
-0.3527,53.033,2025-12-09T09:39:00,23.9
-0.7817,52.5119,2025-01-03T09:59:00,9.99
-0.7817,52.5119,2025-02-03T10:01:00,9.89
-0.7817,52.5119,2025-03-14T11:10:00,9.99
-0.7817,52.5119,2025-05-09T14:03:00,8.67
-0.7817,52.5119,2025-06-10T13:46:00,8.57
-0.7817,52.5119,2025-07-15T11:04:00,7.19
-0.7817,52.5119,2025-08-08T12:10:00,7.29
-0.7817,52.5119,2025-09-10T09:51:00,5.89
-0.7817,52.5119,2025-10-06T10:39:00,8.37
-0.7817,52.5119,2025-11-10T11:00:00,4.75
-0.7817,52.5119,2025-12-02T09:36:00,18
1.7155,52.4876,2025-03-04T11:41:00,<0.196
1.7155,52.4876,2025-07-22T12:28:00,<0.196
-0.6483,53.0538,2025-01-08T12:29:00,15
-0.6483,53.0538,2025-02-03T12:11:00,13
-0.6483,53.0538,2025-03-05T09:46:00,9.97
-0.6483,53.0538,2025-05-02T09:57:00,1.52
-0.6483,53.0538,2025-06-25T09:38:00,4.47
-0.6483,53.0538,2025-07-24T11:13:00,1.51
-0.6483,53.0538,2025-08-15T10:05:00,<0.196
-0.6483,53.0538,2025-09-04T09:50:00,1.97
-0.6483,53.0538,2025-10-13T10:42:00,<0.196
-0.6483,53.0538,2025-11-03T09:41:00,0.236
-0.6483,53.0538,2025-12-11T10:36:00,23.9
-0.4408,53.2224,2025-01-22T11:20:00,13
-0.4408,53.2224,2025-02-05T13:32:00,12
-0.4408,53.2224,2025-03-13T08:40:00,11
-0.4408,53.2224,2025-04-09T12:13:00,9.99
-0.4408,53.2224,2025-10-01T11:55:00,6.5
-0.4408,53.2224,2025-11-10T09:58:00,5
-0.4408,53.2224,2025-12-10T09:06:00,13
0.5501,51.746,2025-01-31T12:58:00,13
0.5501,51.746,2025-02-24T09:27:00,8.87
0.5501,51.746,2025-03-20T07:54:00,6.09
0.5501,51.746,2025-11-03T12:13:00,0.996
0.5501,51.746,2025-11-25T09:46:00,6.77
0.5501,51.746,2025-12-01T10:57:00,3.29
1.6145,52.1082,2025-04-10T13:09:00,0.307
1.6145,52.1082,2025-05-03T14:28:00,0.0464
1.6145,52.1082,2025-06-13T07:50:00,0.0198
1.6145,52.1082,2025-07-05T12:28:00,0.0184
1.6145,52.1082,2025-08-09T10:45:00,0.0089
1.6145,52.1082,2025-11-11T14:40:00,0.137
-0.8712,52.3489,2025-01-02T08:42:00,11
-0.8712,52.3489,2025-02-04T13:57:00,11
-0.8712,52.3489,2025-03-11T11:48:00,9.98
-0.3274,53.229,2025-01-22T10:37:00,9.98
-0.3274,53.229,2025-02-05T13:05:00,11
-0.3274,53.229,2025-03-06T08:16:00,9.97
-0.3274,53.229,2025-04-08T11:16:00,9.06
-0.3274,53.229,2025-10-13T08:59:00,1.78
-0.3274,53.229,2025-11-24T11:39:00,15
-0.3274,53.229,2025-12-16T10:24:00,5.92
0.9088,51.9952,2025-10-10T12:35:00,14
-0.4426,53.2845,2025-01-08T10:42:00,21
-0.4426,53.2845,2025-02-05T10:34:00,19
-0.4426,53.2845,2025-03-06T09:18:00,18
-0.4426,53.2845,2025-10-21T09:44:00,1.09
-0.4426,53.2845,2025-11-06T14:05:00,0.517
-0.4426,53.2845,2025-12-11T10:06:00,21
-0.104,53.1807,2025-01-14T11:11:00,15
-0.104,53.1807,2025-02-12T09:57:00,14
-0.104,53.1807,2025-03-19T09:52:00,14
-0.104,53.1807,2025-04-09T09:25:00,13
-0.104,53.1807,2025-05-19T12:43:00,9.91
-0.104,53.1807,2025-06-23T10:06:00,0.3
-0.104,53.1807,2025-07-30T12:53:00,<0.196
-0.104,53.1807,2025-11-12T10:46:00,28.9
-0.104,53.1807,2025-12-05T10:49:00,23
1.2858,51.9486,2025-01-15T10:06:00,0.785
1.2858,51.9486,2025-03-16T12:26:00,0.396
1.2858,51.9486,2025-04-11T13:49:00,0.355
1.2858,51.9486,2025-05-02T14:51:00,0.0757
1.2858,51.9486,2025-06-03T10:26:00,0.0374
1.2858,51.9486,2025-07-04T12:18:00,0.0399
1.2858,51.9486,2025-08-08T11:02:00,0.085
1.2858,51.9486,2025-09-11T13:42:00,0.131
1.2858,51.9486,2025-11-08T12:18:00,0.174
1.2858,51.9486,2025-12-10T12:29:00,0.284
1.1877,51.951,2025-01-31T11:44:00,0.89
1.1877,51.951,2025-03-16T12:47:00,0.533
1.1877,51.951,2025-04-11T14:23:00,0.304
1.1877,51.951,2025-05-03T10:07:00,0.0231
1.1877,51.951,2025-06-03T11:01:00,0.0057
1.1877,51.951,2025-07-04T12:54:00,0.0213
1.1877,51.951,2025-08-08T13:18:00,0.102
1.1877,51.951,2025-09-11T14:04:00,0.147
1.1877,51.951,2025-11-08T12:45:00,0.24
1.1877,51.951,2025-12-10T12:03:00,0.826
1.1309,51.9506,2025-01-31T11:28:00,1.69
1.1309,51.9506,2025-03-16T13:02:00,0.781
1.1309,51.9506,2025-04-11T14:43:00,0.194
1.1309,51.9506,2025-05-03T10:25:00,0.0713
1.1309,51.9506,2025-06-03T11:20:00,0.0065
1.1309,51.9506,2025-07-04T13:16:00,0.0249
1.1309,51.9506,2025-08-08T13:37:00,0.071
1.1309,51.9506,2025-09-11T14:17:00,0.134
1.1309,51.9506,2025-11-08T13:04:00,0.354
1.1309,51.9506,2025-12-10T11:49:00,1.68
1.0652,51.9464,2025-01-02T13:07:00,1.58
1.0652,51.9464,2025-02-13T11:59:00,5.17
1.0652,51.9464,2025-03-03T14:14:00,3.38
-0.6708,52.5704,2025-01-10T14:00:00,11
-0.6708,52.5704,2025-02-04T10:49:00,9.99
-0.6708,52.5704,2025-03-07T12:56:00,9.98
-0.6708,52.5704,2025-04-22T13:08:00,7.87
-0.6708,52.5704,2025-05-08T09:46:00,6.67
-0.6708,52.5704,2025-06-09T09:19:00,2.98
-0.6708,52.5704,2025-07-15T10:37:00,3.87
-0.6708,52.5704,2025-08-08T09:46:00,2.88
-0.6708,52.5704,2025-09-08T10:46:00,1.39
-0.6708,52.5704,2025-10-09T11:25:00,1.49
-0.6708,52.5704,2025-11-03T10:02:00,4.22
-0.6708,52.5704,2025-12-03T11:03:00,15
0.6923,51.7949,2025-04-02T10:11:00,19
-0.0291,52.9674,2025-01-27T10:47:00,6.95
-0.0291,52.9674,2025-02-17T12:37:00,7.67
-0.0291,52.9674,2025-03-21T13:05:00,5.08
-0.0291,52.9674,2025-04-04T11:26:00,2.87
-0.0291,52.9674,2025-05-21T10:23:00,0.736
-0.0291,52.9674,2025-06-26T12:54:00,<0.196
-0.0291,52.9674,2025-07-04T09:47:00,<0.196
-0.0291,52.9674,2025-08-15T11:46:00,0.24
-0.0291,52.9674,2025-09-08T11:31:00,0.277
-0.0291,52.9674,2025-10-09T14:19:00,0.32
-0.0291,52.9674,2025-11-04T12:52:00,0.522
-0.0291,52.9674,2025-12-03T12:05:00,14.9
-0.1878,52.9693,2025-01-27T10:17:00,6.86
-0.1878,52.9693,2025-02-13T09:20:00,7.87
-0.1878,52.9693,2025-03-07T11:39:00,6.57
-0.1878,52.9693,2025-11-04T10:25:00,0.508
-0.1878,52.9693,2025-11-18T11:12:00,18.8
-0.1878,52.9693,2025-12-01T10:35:00,17.9
-0.1878,52.9693,2025-12-16T12:04:00,11.9
-0.2756,52.8492,2025-01-24T13:30:00,8.06
-0.2756,52.8492,2025-02-07T13:03:00,8.37
-0.2756,52.8492,2025-03-10T13:54:00,4.98
-0.2756,52.8492,2025-10-20T12:08:00,<0.196
-0.2756,52.8492,2025-11-07T11:52:00,0.887
-0.2756,52.8492,2025-12-03T13:15:00,5.28
1.2142,52.9295,2025-04-28T15:15:00,9.25
1.2142,52.9295,2025-10-02T11:41:00,9.23
0.1007,52.7304,2025-01-15T09:03:00,3.76
0.1007,52.7304,2025-02-10T09:34:00,2.58
0.1007,52.7304,2025-03-12T08:13:00,0.987
0.1007,52.7304,2025-04-07T10:41:00,<0.196
0.1007,52.7304,2025-10-07T09:07:00,<0.196
0.1007,52.7304,2025-11-11T09:42:00,<0.196
0.1007,52.7304,2025-12-08T15:24:00,7.91
0.1148,52.732,2025-01-13T08:41:00,3.86
0.1148,52.732,2025-02-10T09:46:00,2.58
0.1148,52.732,2025-03-12T08:24:00,1.29
0.1148,52.732,2025-04-07T10:32:00,0.332
0.1148,52.732,2025-10-07T08:57:00,<0.196
0.1148,52.732,2025-11-11T09:54:00,0.58
0.1148,52.732,2025-12-08T15:38:00,7.2
0.0434,52.7506,2025-01-13T08:58:00,4.37
0.0434,52.7506,2025-02-10T14:14:00,2.58
0.0434,52.7506,2025-03-12T08:38:00,1.39
0.0434,52.7506,2025-10-10T13:49:00,<0.196
0.0434,52.7506,2025-11-11T10:08:00,0.186
0.0434,52.7506,2025-12-03T10:58:00,5.83
1.3768,52.0426,2025-03-10T14:20:00,36
1.3768,52.0426,2025-08-21T10:15:00,38
-0.5244,53.2258,2025-01-23T12:46:00,11
-0.5244,53.2258,2025-02-06T14:50:00,9.96
-0.5244,53.2258,2025-03-13T09:28:00,8.67
-0.5244,53.2258,2025-04-01T09:09:00,13.9
-0.5244,53.2258,2025-05-16T11:20:00,13.8
-0.5244,53.2258,2025-06-26T11:31:00,14.8
-0.5244,53.2258,2025-07-31T11:04:00,14.9
-0.5244,53.2258,2025-08-21T12:49:00,13.9
-0.5244,53.2258,2025-09-05T08:29:00,4.3
-0.5244,53.2258,2025-10-09T11:30:00,17.8
-0.5244,53.2258,2025-11-11T14:03:00,5.68
-0.5244,53.2258,2025-12-05T10:14:00,17.9
-0.4804,53.2257,2025-02-05T09:48:00,14.9
-0.4804,53.2257,2025-03-03T09:24:00,12.9
-0.4804,53.2257,2025-04-08T11:10:00,15.9
-0.4804,53.2257,2025-05-12T13:04:00,12.9
-0.4804,53.2257,2025-06-24T12:25:00,12.8
-0.4804,53.2257,2025-07-11T10:52:00,20.7
-0.4804,53.2257,2025-08-15T09:24:00,14.9
-0.4804,53.2257,2025-09-11T12:37:00,18.7
-0.4804,53.2257,2025-10-01T12:12:00,16.8
-0.4804,53.2257,2025-11-12T08:27:00,15.6
-0.4804,53.2257,2025-12-05T09:47:00,16.9
-0.6254,52.8815,2025-02-18T12:12:00,12
-0.6254,52.8815,2025-05-13T11:33:00,14
-0.6254,52.8815,2025-08-12T10:43:00,14
-0.6254,52.8815,2025-11-14T11:06:00,6.6
-0.5572,52.661,2025-02-27T11:02:00,18
-0.5572,52.661,2025-08-04T11:13:00,18
-0.5572,52.661,2025-11-05T11:18:00,15
-0.5582,52.6632,2025-02-20T13:45:00,20
-0.5582,52.6632,2025-08-04T11:20:00,19
-0.5582,52.6632,2025-11-05T11:17:00,18.9
-0.5394,52.9628,2025-01-20T12:44:00,0.856
-0.5363,52.9782,2025-01-30T09:50:00,24
-0.5363,52.9782,2025-04-30T10:49:00,21
-0.5363,52.9782,2025-12-09T09:16:00,17
-0.519,53.2662,2025-12-16T09:35:00,8.9
-0.5332,52.6146,2025-02-06T10:01:00,14
-0.5332,52.6146,2025-08-13T10:40:00,14
-0.5332,52.6146,2025-12-03T10:15:00,13
-0.5159,52.9982,2025-02-14T09:37:00,21
-0.5159,52.9982,2025-04-11T10:36:00,23
-0.5159,52.9982,2025-08-15T10:38:00,19
-0.5159,52.9982,2025-11-21T11:22:00,19
-0.5066,53.3302,2025-01-21T09:21:00,15
-0.72,52.3784,2025-01-27T11:07:00,5.97
-0.72,52.3784,2025-02-12T13:51:00,7.97
-0.72,52.3784,2025-03-03T13:14:00,8.57
-0.72,52.3784,2025-04-11T09:29:00,6.06
-0.72,52.3784,2025-05-01T12:51:00,4.24
-0.72,52.3784,2025-06-02T13:01:00,2.3
-0.72,52.3784,2025-07-14T13:23:00,1.19
-0.72,52.3784,2025-08-07T15:11:00,1.68
-0.72,52.3784,2025-09-02T07:58:00,1.66
-0.72,52.3784,2025-10-06T13:49:00,1.88
-0.72,52.3784,2025-11-03T13:42:00,1.48
-0.72,52.3784,2025-12-02T13:32:00,9.26
-0.3852,53.0104,2025-01-28T11:04:00,14
-0.3852,53.0104,2025-02-14T10:03:00,14
-0.3852,53.0104,2025-03-03T09:59:00,13
-0.3852,53.0104,2025-04-04T09:09:00,13
-0.3742,53.0159,2025-01-07T11:32:00,8.72
-0.3742,53.0159,2025-02-14T09:50:00,17
-0.3742,53.0159,2025-03-07T10:31:00,20.8
-0.3742,53.0159,2025-05-02T09:50:00,18.9
-0.3742,53.0159,2025-06-13T09:35:00,18.6
-0.3742,53.0159,2025-07-02T09:43:00,20.9
-0.3742,53.0159,2025-08-14T09:19:00,18.6
-0.3742,53.0159,2025-09-03T08:49:00,20.7
-0.3742,53.0159,2025-10-08T09:13:00,19.9
-0.3742,53.0159,2025-11-06T10:48:00,18.9
-0.3742,53.0159,2025-12-04T10:50:00,16.9
-0.2444,53.0324,2025-01-27T10:03:00,13
-0.2444,53.0324,2025-02-10T10:48:00,13.9
-0.2444,53.0324,2025-03-24T09:40:00,12
-0.2444,53.0324,2025-11-07T10:44:00,12.8
-0.2444,53.0324,2025-11-18T10:53:00,21.7
-0.2444,53.0324,2025-12-01T10:04:00,21.9
-0.2444,53.0324,2025-12-17T10:05:00,17
-0.7302,53.3911,2025-01-24T11:37:00,2.06
-0.7302,53.3911,2025-02-07T11:12:00,3.07
-0.7302,53.3911,2025-03-11T10:41:00,0.986
-0.7302,53.3911,2025-11-11T13:10:00,3.08
-0.7302,53.3911,2025-11-25T10:35:00,7.46
-0.7302,53.3911,2025-12-03T10:14:00,6.65
-0.7302,53.3911,2025-12-16T11:39:00,2.28
-0.4898,52.5169,2025-01-13T15:00:00,7.19
-0.4898,52.5169,2025-02-06T08:36:00,6.49
-0.4898,52.5169,2025-03-10T11:05:00,5.29
-0.4898,52.5169,2025-04-25T08:53:00,3.07
-0.4898,52.5169,2025-05-12T09:16:00,3.06
-0.4898,52.5169,2025-06-09T15:12:00,2.77
-0.4898,52.5169,2025-07-07T14:45:00,2.18
-0.4898,52.5169,2025-08-05T16:05:00,2.49
-0.4898,52.5169,2025-09-04T09:37:00,2.49
-0.4898,52.5169,2025-10-09T09:10:00,2.39
-0.4898,52.5169,2025-11-12T09:16:00,1.98
-0.4898,52.5169,2025-12-04T15:50:00,14
-1.1921,51.9648,2025-01-28T11:32:00,<0.196
-1.1921,51.9648,2025-09-05T13:01:00,<0.196
-1.2139,51.9704,2025-01-28T11:49:00,<0.196
-1.2139,51.9704,2025-09-05T13:24:00,<0.196
-1.1625,52.0734,2025-01-30T14:43:00,5.5
-1.1625,52.0734,2025-09-18T13:14:00,4.3
-1.0828,52.1034,2025-03-28T12:58:00,4.4
-1.0828,52.1034,2025-09-12T14:04:00,1.5
-1.1124,52.0964,2025-03-04T14:58:00,7.1
-1.1124,52.0964,2025-09-08T12:43:00,8
-0.9634,52.0368,2025-02-25T11:42:00,2.19
-0.9634,52.0368,2025-10-08T13:32:00,1.4
-0.7656,52.4989,2025-02-07T11:39:00,12
-0.7656,52.4989,2025-11-10T11:15:00,9.9
-0.749,52.1151,2025-04-07T11:04:00,0.619
-0.7534,52.2205,2025-01-14T11:37:00,20
-0.7534,52.2205,2025-04-22T13:58:00,16
-0.7534,52.2205,2025-10-07T11:09:00,12
-0.5535,51.8625,2025-04-10T11:23:00,2.7
-0.5535,51.8625,2025-09-15T12:55:00,2.1
-0.6328,51.8347,2025-09-26T11:37:00,8.3
-0.5583,51.8958,2025-03-24T12:54:00,12
-0.5583,51.8958,2025-09-26T10:59:00,11
-0.554,51.8727,2025-04-10T11:44:00,10
-0.554,51.8727,2025-11-25T10:47:00,8.09
-0.97,52.3218,2025-01-10T10:22:00,5.17
-0.97,52.3218,2025-02-17T14:02:00,4.67
-0.97,52.3218,2025-03-05T11:25:00,6.27
-0.97,52.3218,2025-04-10T13:45:00,7.65
-0.97,52.3218,2025-05-07T10:14:00,6.85
-0.97,52.3218,2025-06-03T12:39:00,6.11
-0.97,52.3218,2025-07-01T12:14:00,5.86
-0.97,52.3218,2025-08-04T13:57:00,5.58
-0.97,52.3218,2025-09-03T13:43:00,8.05
-0.97,52.3218,2025-10-03T11:52:00,4.68
-0.97,52.3218,2025-11-05T10:13:00,5.58
-0.97,52.3218,2025-12-12T10:04:00,6.77
-0.9456,52.3069,2025-01-10T10:35:00,6.38
-0.9456,52.3069,2025-02-04T13:32:00,6.78
-0.9456,52.3069,2025-03-06T11:46:00,9.99
-0.9456,52.3069,2025-04-10T14:00:00,6.58
-0.9456,52.3069,2025-05-13T10:35:00,6.89
-0.9456,52.3069,2025-06-03T10:34:00,6.2
-0.9456,52.3069,2025-07-01T11:40:00,3.09
-0.9456,52.3069,2025-08-07T10:04:00,4.88
-0.9456,52.3069,2025-09-01T09:52:00,6.94
-0.9456,52.3069,2025-10-10T13:19:00,4.19
-0.9456,52.3069,2025-11-05T10:07:00,5.68
-0.9456,52.3069,2025-12-12T09:57:00,6.87
1.691,52.4686,2025-02-11T10:54:00,<0.196
1.691,52.4686,2025-09-10T11:12:00,<0.196
1.3485,51.9702,2025-04-09T10:00:00,5.8
1.3485,51.9702,2025-10-09T11:52:00,4.6
-0.6239,52.9289,2025-01-28T11:44:00,5.38
-0.6239,52.9289,2025-02-14T11:26:00,6.16
-0.6239,52.9289,2025-03-25T10:33:00,5.56
-0.6239,52.9289,2025-04-11T11:12:00,5.6
-0.6239,52.9289,2025-05-14T11:15:00,5.07
-0.6239,52.9289,2025-06-10T09:58:00,4.98
-0.6239,52.9289,2025-07-29T10:44:00,3.29
-0.6239,52.9289,2025-08-18T11:37:00,2.79
-0.6239,52.9289,2025-09-03T13:19:00,0.829
-0.6239,52.9289,2025-10-20T11:29:00,2.48
-0.6239,52.9289,2025-11-03T10:55:00,1.88
-0.6239,52.9289,2025-12-09T11:24:00,4.56
-0.2827,53.2526,2025-01-08T09:33:00,5.19
-0.2827,53.2526,2025-02-13T10:53:00,3
-0.2827,53.2526,2025-03-06T08:04:00,1.5
-0.2827,53.2526,2025-11-24T11:29:00,6.4
-0.2827,53.2526,2025-12-11T09:44:00,5.4
0.5049,51.7272,2025-01-10T15:31:00,7.06
0.5049,51.7272,2025-02-04T11:35:00,7.35
0.5049,51.7272,2025-03-06T09:46:00,7.65
0.5049,51.7272,2025-04-02T13:02:00,7.47
0.5049,51.7272,2025-05-06T10:56:00,7.61
0.5049,51.7272,2025-06-30T10:48:00,6.63
0.5049,51.7272,2025-07-18T10:38:00,6.47
0.5049,51.7272,2025-08-15T10:47:00,6.28
0.5049,51.7272,2025-09-08T12:02:00,5.77
0.5049,51.7272,2025-10-03T14:41:00,5.98
0.5049,51.7272,2025-11-21T10:13:00,6.15
0.5049,51.7272,2025-12-17T11:48:00,6.43
-0.6246,53.0537,2025-01-27T10:25:00,3.3
-0.6246,53.0537,2025-02-18T10:26:00,6.5
-0.6246,53.0537,2025-12-17T11:15:00,31
-0.9756,51.9677,2025-02-12T12:05:00,8.6
-0.9756,51.9677,2025-03-07T13:21:00,7.79
-0.9756,51.9677,2025-03-28T10:52:00,8.69
-0.9756,51.9677,2025-04-11T15:07:00,6.99
-0.9756,51.9677,2025-12-08T12:31:00,12
0.8586,52.5323,2025-01-03T11:37:00,12
0.8586,52.5323,2025-02-13T09:50:00,11
0.8586,52.5323,2025-03-07T09:44:00,11
0.8586,52.5323,2025-04-04T09:21:00,8.28
0.8586,52.5323,2025-05-01T09:11:00,5.18
0.8586,52.5323,2025-12-03T09:10:00,10.9
0.6334,52.3055,2025-01-14T10:50:00,13
0.6334,52.3055,2025-03-07T14:32:00,13
0.6334,52.3055,2025-04-02T13:39:00,14
0.6334,52.3055,2025-05-16T11:44:00,13
0.6334,52.3055,2025-06-02T14:04:00,13
0.6334,52.3055,2025-07-04T14:58:00,13
0.6334,52.3055,2025-08-28T11:05:00,12
0.6334,52.3055,2025-09-22T15:54:00,13
0.6334,52.3055,2025-10-09T15:09:00,12
0.6334,52.3055,2025-11-17T14:53:00,12
0.6334,52.3055,2025-12-09T14:19:00,11
-0.0992,53.1013,2025-01-09T12:49:00,19
-0.0992,53.1013,2025-02-04T10:28:00,18.9
-0.0992,53.1013,2025-03-21T09:43:00,6.3
-0.0992,53.1013,2025-04-08T11:47:00,4.69
-0.0992,53.1013,2025-05-23T10:10:00,1.22
-0.0992,53.1013,2025-06-27T09:35:00,0.144
-0.0992,53.1013,2025-07-28T10:46:00,0.19
-0.0992,53.1013,2025-08-06T10:33:00,0.189
-0.0992,53.1013,2025-09-01T11:27:00,<0.196
-0.0992,53.1013,2025-11-12T11:07:00,15.8
-0.0992,53.1013,2025-12-03T11:14:00,23.9
-0.6059,53.3234,2025-01-23T09:07:00,5.59
-0.6059,53.3234,2025-02-13T11:47:00,5.79
-0.6059,53.3234,2025-03-19T13:50:00,2.2
-0.6059,53.3234,2025-11-11T12:18:00,50
-0.6059,53.3234,2025-12-17T13:07:00,21
-0.3623,52.697,2025-01-30T12:30:00,13
-0.3623,52.697,2025-02-13T11:20:00,12
-0.3623,52.697,2025-03-07T11:32:00,9.99
-0.3623,52.697,2025-04-11T12:29:00,6.48
-0.3623,52.697,2025-05-27T11:15:00,7.54
-0.3623,52.697,2025-06-06T10:37:00,6.43
-0.3623,52.697,2025-07-09T11:13:00,6.17
-0.3623,52.697,2025-08-04T13:12:00,6.53
-0.3623,52.697,2025-09-02T10:25:00,6.16
-0.3623,52.697,2025-10-03T13:35:00,6.75
-0.3623,52.697,2025-11-05T09:07:00,6.26
-0.3623,52.697,2025-12-05T13:45:00,18
-0.3649,52.7479,2025-01-24T13:04:00,3.49
-0.3649,52.7479,2025-02-14T12:50:00,3.88
-0.3649,52.7479,2025-03-18T10:18:00,0.994
-0.3649,52.7479,2025-04-16T13:59:00,0.676
-0.3649,52.7479,2025-05-09T10:14:00,0.366
-0.3649,52.7479,2025-06-06T08:23:00,0.312
-0.3649,52.7479,2025-07-09T10:46:00,0.195
-0.3649,52.7479,2025-08-14T10:58:00,<0.196
-0.3649,52.7479,2025-09-02T08:28:00,<0.196
-0.3649,52.7479,2025-10-24T09:10:00,1.09
-0.3649,52.7479,2025-11-07T09:08:00,0.299
-0.3649,52.7479,2025-12-03T09:05:00,13
-0.6053,52.1599,2025-01-14T12:09:00,3.79
-0.6053,52.1599,2025-02-03T09:58:00,4.68
-0.6053,52.1599,2025-03-03T12:29:00,5.69
-0.6053,52.1599,2025-04-01T10:52:00,1.5
-0.6053,52.1599,2025-11-03T11:27:00,<0.004
-0.6053,52.1599,2025-12-01T10:36:00,30
-0.3688,53.3642,2025-01-09T12:39:00,12
-0.3688,53.3642,2025-02-13T08:53:00,10
-0.3688,53.3642,2025-03-20T11:00:00,7.1
-0.3688,53.3642,2025-04-08T08:02:00,2.3
-0.3688,53.3642,2025-12-10T08:27:00,18
0.7988,51.762,2025-01-02T10:43:00,14
0.7988,51.762,2025-02-04T12:33:00,18
0.7988,51.762,2025-03-07T13:21:00,18
0.7988,51.762,2025-04-02T11:03:00,18
0.7988,51.762,2025-05-06T10:33:00,24
0.7988,51.762,2025-06-02T10:56:00,24
0.7988,51.762,2025-07-03T09:52:00,24
0.7988,51.762,2025-08-12T14:59:00,21.9
0.7988,51.762,2025-11-14T14:05:00,11
0.7988,51.762,2025-12-10T11:51:00,8.89
-0.5633,53.1047,2025-01-28T10:32:00,14
-0.5633,53.1047,2025-02-18T09:59:00,27
-0.5633,53.1047,2025-03-21T12:19:00,26
-0.5633,53.1047,2025-12-17T10:44:00,11
-0.9307,52.3632,2025-01-13T10:32:00,8.4
-0.9307,52.3632,2025-02-04T13:05:00,4.69
-0.9307,52.3632,2025-03-05T10:58:00,7.1
-0.9307,52.3632,2025-04-23T14:29:00,15.9
-0.9307,52.3632,2025-05-13T11:17:00,0.195
-0.9307,52.3632,2025-11-11T11:37:00,13
-0.9307,52.3632,2025-12-11T11:58:00,9.3
0.4526,51.8577,2025-01-15T10:16:00,17
0.4526,51.8577,2025-02-04T10:28:00,18
0.4526,51.8577,2025-03-21T10:43:00,17
0.4526,51.8577,2025-04-09T11:38:00,15
0.4526,51.8577,2025-05-22T13:41:00,15
0.4526,51.8577,2025-07-22T13:46:00,18
-0.1564,53.2639,2025-01-29T11:26:00,17
-0.1564,53.2639,2025-02-13T11:24:00,11
-0.1564,53.2639,2025-03-20T07:53:00,16
-0.1564,53.2639,2025-04-23T10:28:00,16
-0.1564,53.2639,2025-05-14T08:05:00,17
-0.1564,53.2639,2025-07-04T11:54:00,3.19
-0.1564,53.2639,2025-08-22T09:31:00,20
-0.1564,53.2639,2025-11-12T11:41:00,33
-0.1564,53.2639,2025-12-11T09:24:00,18
-0.3536,53.0933,2025-01-13T11:21:00,13
-0.3536,53.0933,2025-02-13T09:52:00,11
-0.3536,53.0933,2025-03-07T09:20:00,9.39
-0.3536,53.0933,2025-04-02T09:40:00,4.49
-0.3536,53.0933,2025-05-12T10:57:00,0.196
-0.3536,53.0933,2025-11-12T11:50:00,55.1
0.8658,52.1062,2025-01-23T11:18:00,10
0.8658,52.1062,2025-02-07T10:54:00,11
0.8658,52.1062,2025-04-11T09:22:00,7.39
0.8658,52.1062,2025-06-06T12:31:00,7.02
0.8658,52.1062,2025-12-02T11:14:00,4.79
-0.0729,53.1328,2025-01-13T09:49:00,6.79
-0.0729,53.1328,2025-02-04T10:16:00,7.09
-0.0729,53.1328,2025-03-24T11:28:00,2.28
-0.0729,53.1328,2025-04-09T09:43:00,3.07
-0.0729,53.1328,2025-05-19T12:17:00,0.826
-0.0729,53.1328,2025-07-25T10:36:00,0.282
-0.0729,53.1328,2025-11-04T12:02:00,<0.196
-0.0729,53.1328,2025-12-05T11:34:00,9.8
1.0193,51.9599,2025-01-28T12:28:00,8.65
1.0193,51.9599,2025-02-14T10:55:00,9.76
1.0193,51.9599,2025-03-03T13:51:00,9.58
0.9528,51.9529,2025-01-10T12:18:00,11
0.9528,51.9529,2025-02-10T12:42:00,9.95
0.9528,51.9529,2025-03-31T09:43:00,10.9
0.9528,51.9529,2025-04-24T13:05:00,11.9
0.9528,51.9529,2025-10-07T13:42:00,26.9
0.9528,51.9529,2025-11-12T10:25:00,12.9
0.9528,51.9529,2025-12-03T09:31:00,9.47
0.9942,51.9628,2025-01-16T14:57:00,8.06
0.9942,51.9628,2025-02-10T11:43:00,8.66
0.9942,51.9628,2025-03-03T13:25:00,9.98
0.7528,51.9985,2025-01-30T14:01:00,12
0.7528,51.9985,2025-02-20T08:57:00,9.57
0.7528,51.9985,2025-03-31T09:05:00,8.97
0.7528,51.9985,2025-11-07T09:43:00,6.79
0.7528,51.9985,2025-11-18T14:32:00,15.9
0.7528,51.9985,2025-12-03T11:10:00,9.93
0.7528,51.9985,2025-12-15T09:26:00,14.9
0.7349,52.0341,2025-01-02T10:56:00,8.33
0.7349,52.0341,2025-02-10T10:08:00,9.15
0.7349,52.0341,2025-03-26T13:50:00,7.47
0.7349,52.0341,2025-04-30T12:54:00,7.65
0.7349,52.0341,2025-10-08T14:32:00,6.86
0.7349,52.0341,2025-11-14T10:23:00,2.67
0.7349,52.0341,2025-12-03T11:47:00,9.94
0.672,52.0857,2025-01-23T12:45:00,8.83
0.672,52.0857,2025-02-10T09:33:00,9.76
0.672,52.0857,2025-03-26T11:59:00,9.98
0.4126,52.0993,2025-01-30T12:55:00,13
0.4126,52.0993,2025-02-13T09:50:00,14
0.4126,52.0993,2025-03-18T10:00:00,9.09
0.4126,52.0993,2025-11-27T11:37:00,7.46
0.4126,52.0993,2025-12-04T12:39:00,9.28
0.4126,52.0993,2025-12-15T10:58:00,7.67
0.4929,52.0791,2025-01-24T09:56:00,8.74
0.4929,52.0791,2025-02-13T11:23:00,13
0.4929,52.0791,2025-03-07T09:40:00,9.56
0.4868,52.0946,2025-01-15T11:10:00,9.06
0.4868,52.0946,2025-02-21T10:37:00,9.28
0.4868,52.0946,2025-03-07T09:53:00,9.67
0.4868,52.0946,2025-04-08T12:28:00,7.78
0.4868,52.0946,2025-10-08T12:22:00,2.1
0.4868,52.0946,2025-11-07T12:55:00,8.59
0.4868,52.0946,2025-12-04T13:43:00,12
-0.3396,53.2447,2025-01-22T10:24:00,9.18
-0.3396,53.2447,2025-02-07T10:12:00,9.69
-0.3396,53.2447,2025-03-20T09:00:00,8.49
-0.3396,53.2447,2025-10-13T09:07:00,0.356
-0.3396,53.2447,2025-11-24T11:56:00,14
-0.3396,53.2447,2025-12-10T10:12:00,11
-0.6562,52.4693,2025-01-10T10:22:00,5.59
-0.6562,52.4693,2025-01-13T12:24:00,5.39
-0.6562,52.4693,2025-01-24T12:23:00,4.68
-0.6562,52.4693,2025-01-28T11:15:00,6.19
-0.6562,52.4693,2025-02-03T09:15:00,5.39
-0.6562,52.4693,2025-02-17T14:22:00,5.89
-0.6562,52.4693,2025-02-25T10:33:00,5.09
-0.6562,52.4693,2025-03-06T10:38:00,4.49
-0.6562,52.4693,2025-03-10T09:20:00,4.39
-0.6562,52.4693,2025-03-17T08:53:00,3.29
-0.6562,52.4693,2025-03-24T09:17:00,3.49
-0.6562,52.4693,2025-04-11T10:12:00,3.18
-0.6562,52.4693,2025-04-16T11:40:00,2.38
-0.6562,52.4693,2025-04-22T13:57:00,2.45
-0.6562,52.4693,2025-05-06T13:12:00,1.88
-0.6562,52.4693,2025-05-12T09:51:00,1.97
-0.6562,52.4693,2025-05-22T09:40:00,1.88
-0.6562,52.4693,2025-05-27T12:47:00,1.68
-0.6562,52.4693,2025-06-04T13:07:00,1.88
-0.6562,52.4693,2025-06-10T11:33:00,1.58
-0.6562,52.4693,2025-06-16T09:47:00,1.57
-0.6562,52.4693,2025-06-23T10:08:00,1.39
-0.6562,52.4693,2025-07-01T14:25:00,1.29
-0.6562,52.4693,2025-07-10T09:41:00,1.39
-0.6562,52.4693,2025-07-14T12:53:00,1.39
-0.6562,52.4693,2025-07-21T09:37:00,0.982
-0.6562,52.4693,2025-08-04T08:45:00,1.4
-0.6562,52.4693,2025-08-12T10:49:00,1.3
-0.6562,52.4693,2025-08-18T09:59:00,1.3
-0.6562,52.4693,2025-08-26T11:04:00,1.3
-0.6562,52.4693,2025-09-05T09:22:00,0.956
-0.6562,52.4693,2025-09-08T09:12:00,1.3
-0.6562,52.4693,2025-09-15T09:34:00,0.916
-0.6562,52.4693,2025-09-23T10:46:00,1.5
-0.6562,52.4693,2025-10-03T08:08:00,1.5
-0.6562,52.4693,2025-10-06T09:54:00,1.3
-0.6562,52.4693,2025-10-13T12:33:00,1.4
-0.6562,52.4693,2025-10-20T09:05:00,1.68
-0.6562,52.4693,2025-10-30T13:06:00,1.4
-0.6562,52.4693,2025-11-06T12:31:00,1.5
-0.6562,52.4693,2025-11-10T11:35:00,1.09
-0.6562,52.4693,2025-11-25T09:27:00,17
-0.6562,52.4693,2025-12-03T12:37:00,18
-0.6562,52.4693,2025-12-09T09:55:00,11
-0.6562,52.4693,2025-12-17T10:39:00,15
-0.275,52.6491,2025-01-13T11:56:00,12
-0.275,52.6491,2025-02-05T12:18:00,12
-0.275,52.6491,2025-03-10T09:48:00,11.9
-0.275,52.6491,2025-04-01T12:12:00,10.9
-0.275,52.6491,2025-05-09T11:34:00,4.78
-0.275,52.6491,2025-06-06T11:10:00,3.34
-0.275,52.6491,2025-07-07T10:17:00,3.64
-0.275,52.6491,2025-08-05T11:10:00,2.47
-0.275,52.6491,2025-09-04T11:13:00,0.832
-0.275,52.6491,2025-10-15T12:40:00,2.36
-0.275,52.6491,2025-11-05T12:06:00,3.85
-0.275,52.6491,2025-12-11T09:54:00,17
0.2118,53.1097,2025-01-09T10:14:00,7.28
0.2118,53.1097,2025-02-07T10:48:00,6.95
0.2118,53.1097,2025-03-20T09:26:00,7.04
0.2118,53.1097,2025-05-08T11:34:00,4.65
0.2118,53.1097,2025-06-27T10:48:00,1.24
0.2118,53.1097,2025-07-04T10:28:00,0.205
0.2118,53.1097,2025-08-20T10:30:00,0.194
0.2118,53.1097,2025-09-12T11:13:00,1.54
0.2118,53.1097,2025-10-17T08:34:00,4.04
0.2118,53.1097,2025-11-12T11:46:00,6.17
0.2118,53.1097,2025-12-05T12:32:00,9.34
0.8928,52.87,2025-01-31T09:37:00,5.28
0.8928,52.87,2025-02-14T11:43:00,4.29
0.8928,52.87,2025-03-04T11:21:00,4.49
0.8928,52.87,2025-10-27T09:31:00,1.3
0.8928,52.87,2025-11-10T13:05:00,1.52
0.8928,52.87,2025-12-02T10:32:00,3.26
0.8482,52.8693,2025-01-22T09:26:00,4.98
0.8482,52.8693,2025-02-07T09:52:00,4.98
0.8482,52.8693,2025-03-04T11:31:00,5.08
0.8482,52.8693,2025-04-04T10:11:00,4.69
0.8482,52.8693,2025-10-17T10:56:00,5.09
0.8482,52.8693,2025-11-04T10:00:00,4.58
0.8482,52.8693,2025-12-02T10:22:00,4.31
0.8872,52.9192,2025-01-31T10:43:00,6.69
0.8872,52.9192,2025-02-14T11:23:00,7.19
0.8872,52.9192,2025-03-04T11:03:00,6.78
0.8872,52.9192,2025-04-04T11:10:00,7.49
0.8872,52.9192,2025-04-04T10:53:00,7.49
0.8872,52.9192,2025-08-13T12:06:00,8.69
0.8872,52.9192,2025-09-10T12:04:00,8.69
0.8872,52.9192,2025-10-10T11:58:00,8.69
0.8872,52.9192,2025-11-03T11:33:00,7.69
0.8872,52.9192,2025-12-29T12:13:00,7.88
0.9323,52.9482,2025-01-21T11:29:00,7.68
0.9323,52.9482,2025-02-07T10:41:00,7.48
0.9323,52.9482,2025-03-07T12:02:00,7.29
0.9323,52.9482,2025-10-10T12:23:00,7.89
0.9323,52.9482,2025-11-04T10:53:00,7.19
0.9323,52.9482,2025-12-01T12:33:00,6.79
-0.5995,53.1719,2025-01-08T12:03:00,7.97
-0.5995,53.1719,2025-02-06T14:22:00,6.26
-0.5995,53.1719,2025-03-12T09:17:00,5.9
-0.5995,53.1719,2025-04-08T11:38:00,2.47
-0.5995,53.1719,2025-05-09T09:34:00,1.41
-0.5995,53.1719,2025-06-26T10:08:00,1.15
-0.5995,53.1719,2025-07-31T10:31:00,0.449
-0.5995,53.1719,2025-09-08T10:16:00,<0.196
-0.5995,53.1719,2025-10-21T11:01:00,0.616
-0.5995,53.1719,2025-11-10T10:24:00,10.9
-0.5995,53.1719,2025-12-10T11:05:00,11.9
-0.2612,52.5305,2025-01-14T11:39:00,3.89
-0.2612,52.5305,2025-02-17T11:24:00,5.59
-0.2612,52.5305,2025-03-10T10:04:00,3.69
-0.2612,52.5305,2025-04-28T08:53:00,0.296
-0.2612,52.5305,2025-10-23T10:42:00,0.752
-0.2612,52.5305,2025-11-12T14:47:00,0.494
-0.2612,52.5305,2025-12-10T13:01:00,9.65
-0.2339,52.5484,2025-01-16T14:31:00,2.08
-0.2339,52.5484,2025-02-18T10:19:00,5.39
-0.2339,52.5484,2025-03-07T14:17:00,3.19
-0.2339,52.5484,2025-04-28T09:52:00,0.425
-0.2339,52.5484,2025-10-23T10:42:00,0.377
-0.2339,52.5484,2025-11-10T14:45:00,0.251
-0.2339,52.5484,2025-12-09T10:00:00,6.87
-0.3017,52.5187,2025-03-28T09:36:00,2.39
-0.3017,52.5187,2025-10-22T13:58:00,0.646
-0.3017,52.5187,2025-11-06T10:31:00,0.469
-0.3017,52.5187,2025-12-04T13:35:00,7.49
-0.2964,52.5143,2025-10-22T13:49:00,0.183
-0.2964,52.5143,2025-11-06T10:20:00,<0.196
-0.2964,52.5143,2025-12-04T13:25:00,24
-0.4943,52.4642,2025-01-07T10:33:00,9.69
-0.4943,52.4642,2025-02-04T13:48:00,9.29
-0.4943,52.4642,2025-03-05T14:00:00,9.39
-0.4943,52.4642,2025-05-07T11:10:00,5.36
-0.4943,52.4642,2025-06-10T11:00:00,1.16
-0.4943,52.4642,2025-07-07T15:20:00,1.16
-0.4943,52.4642,2025-08-12T09:09:00,0.264
-0.4943,52.4642,2025-09-09T09:33:00,0.502
-0.4943,52.4642,2025-10-06T08:59:00,0.296
-0.4943,52.4642,2025-11-11T08:47:00,0.255
-0.4943,52.4642,2025-12-04T14:56:00,23
-0.9021,52.5832,2025-01-21T13:23:00,4.69
-0.9021,52.5832,2025-02-07T12:09:00,4.99
-0.9021,52.5832,2025-03-03T10:24:00,4.79
-0.9021,52.5832,2025-04-24T10:06:00,3.48
-0.9021,52.5832,2025-05-12T13:29:00,3.49
-0.9021,52.5832,2025-06-16T11:07:00,2.58
-0.9021,52.5832,2025-07-07T12:08:00,6.06
-0.9021,52.5832,2025-08-26T10:47:00,2.98
-0.9021,52.5832,2025-09-10T11:10:00,1.39
-0.9021,52.5832,2025-10-06T11:51:00,1.59
-0.9021,52.5832,2025-11-14T13:15:00,16
-0.9021,52.5832,2025-12-01T11:15:00,11
-0.9176,52.5443,2025-01-03T10:34:00,4.69
-0.9176,52.5443,2025-02-03T10:43:00,4.89
-0.9176,52.5443,2025-03-03T10:52:00,4.49
-0.9176,52.5443,2025-04-24T09:44:00,2.77
-0.9176,52.5443,2025-05-12T13:44:00,2.48
-0.9176,52.5443,2025-06-16T10:19:00,0.957
-0.9176,52.5443,2025-07-07T11:35:00,0.702
-0.9176,52.5443,2025-08-26T11:24:00,0.193
-0.9176,52.5443,2025-09-10T11:35:00,0.386
-0.9176,52.5443,2025-10-03T09:05:00,0.646
-0.9176,52.5443,2025-11-14T11:49:00,18.9
-0.9176,52.5443,2025-12-01T11:48:00,12
-0.8958,52.5249,2025-01-07T10:07:00,5.59
-0.8958,52.5249,2025-01-13T09:03:00,4.98
-0.8958,52.5249,2025-01-21T13:55:00,4.28
-0.8958,52.5249,2025-01-27T13:02:00,5.89
-0.8958,52.5249,2025-02-03T10:54:00,4.89
-0.8958,52.5249,2025-02-18T11:35:00,4.79
-0.8958,52.5249,2025-02-24T09:14:00,3.48
-0.8958,52.5249,2025-03-10T14:28:00,4.18
-0.8958,52.5249,2025-03-17T09:28:00,3.78
-0.8958,52.5249,2025-03-24T10:18:00,3.38
-0.8958,52.5249,2025-04-04T12:52:00,3.37
-0.8958,52.5249,2025-04-07T12:27:00,3.37
-0.8958,52.5249,2025-04-16T11:02:00,2.96
-0.8958,52.5249,2025-04-24T10:25:00,2.96
-0.8958,52.5249,2025-05-01T12:16:00,2.56
-0.8958,52.5249,2025-05-06T12:03:00,2.37
-0.8958,52.5249,2025-05-12T13:51:00,2.64
-0.8958,52.5249,2025-05-22T11:42:00,1.65
-0.8958,52.5249,2025-05-27T14:28:00,1.45
-0.8958,52.5249,2025-06-06T12:37:00,0.825
-0.8958,52.5249,2025-06-10T13:21:00,1.26
-0.8958,52.5249,2025-06-16T11:29:00,1.46
-0.8958,52.5249,2025-06-23T10:44:00,1.17
-0.8958,52.5249,2025-07-04T09:05:00,0.69
-0.8958,52.5249,2025-07-07T10:45:00,1.62
-0.8958,52.5249,2025-07-16T10:21:00,0.248
-0.8958,52.5249,2025-07-21T11:35:00,0.426
-0.8958,52.5249,2025-08-05T10:27:00,1.94
-0.8958,52.5249,2025-08-12T12:14:00,0.762
-0.8958,52.5249,2025-08-18T10:32:00,0.256
-0.8958,52.5249,2025-08-26T10:26:00,0.222
-0.8958,52.5249,2025-09-01T13:10:00,0.945
-0.8958,52.5249,2025-09-08T09:49:00,0.839
-0.8958,52.5249,2025-09-15T10:11:00,1.43
-0.8958,52.5249,2025-09-23T11:23:00,2.19
-0.8958,52.5249,2025-10-03T08:53:00,1.42
-0.8958,52.5249,2025-10-06T11:33:00,1.15
-0.8958,52.5249,2025-10-13T13:32:00,2.12
-0.8958,52.5249,2025-10-22T12:13:00,0.561
-0.8958,52.5249,2025-10-27T11:01:00,0.707
-0.8958,52.5249,2025-11-03T11:21:00,0.902
-0.8958,52.5249,2025-11-12T12:05:00,15.9
-0.8958,52.5249,2025-11-17T14:31:00,13
-0.8958,52.5249,2025-11-24T12:17:00,13
-0.8958,52.5249,2025-12-01T12:01:00,12
-0.8958,52.5249,2025-12-11T10:13:00,11
-0.8958,52.5249,2025-12-15T12:56:00,8.98
-0.8828,52.5197,2025-01-09T12:13:00,5.19
-0.8828,52.5197,2025-02-03T11:02:00,4.79
-0.8828,52.5197,2025-03-03T11:14:00,4.48
-0.8828,52.5197,2025-04-07T12:19:00,3.18
-0.8828,52.5197,2025-05-06T12:15:00,2.35
-0.8828,52.5197,2025-06-09T12:54:00,1.27
-0.8828,52.5197,2025-07-07T10:55:00,0.195
-0.8828,52.5197,2025-09-10T10:18:00,0.246
-0.8828,52.5197,2025-10-06T11:09:00,0.536
-0.8828,52.5197,2025-11-03T11:00:00,0.84
-0.8828,52.5197,2025-12-02T09:51:00,14
-0.4837,52.5268,2025-01-07T08:18:00,7.19
-0.4837,52.5268,2025-02-05T08:39:00,6.59
-0.4837,52.5268,2025-03-10T11:12:00,5.5
-0.4837,52.5268,2025-04-10T08:56:00,3.79
-0.4837,52.5268,2025-05-09T09:11:00,3.58
-0.4837,52.5268,2025-12-04T14:32:00,20
-0.9127,52.6036,2025-01-15T13:58:00,4.6
-0.9127,52.6036,2025-02-07T12:25:00,4.6
-0.9127,52.6036,2025-03-10T13:35:00,4.7
-0.9127,52.6036,2025-04-23T11:58:00,4.29
-0.9127,52.6036,2025-05-12T13:14:00,5.39
-0.9127,52.6036,2025-06-12T10:55:00,4.49
-0.9127,52.6036,2025-07-16T10:50:00,2.2
-0.9127,52.6036,2025-08-04T13:34:00,2
-0.9127,52.6036,2025-09-05T11:26:00,2.1
-0.9127,52.6036,2025-10-27T11:27:00,0.736
-0.9127,52.6036,2025-11-12T11:12:00,5.19
-0.9127,52.6036,2025-12-11T09:47:00,3.8
0.2514,53.1147,2025-01-24T09:36:00,4.51
0.2514,53.1147,2025-02-07T10:13:00,5.59
0.2514,53.1147,2025-03-19T11:11:00,5.48
0.2514,53.1147,2025-04-09T12:00:00,3.78
0.2514,53.1147,2025-05-08T11:21:00,0.286
0.2514,53.1147,2025-06-27T11:01:00,<0.196
0.2514,53.1147,2025-07-21T11:38:00,0.191
0.2514,53.1147,2025-08-20T10:36:00,<0.196
0.2514,53.1147,2025-09-12T11:06:00,<0.196
0.2514,53.1147,2025-10-17T08:47:00,<0.196
0.2514,53.1147,2025-11-12T11:52:00,2
0.2514,53.1147,2025-12-05T12:26:00,8.94
-0.6771,52.2997,2025-01-21T11:13:00,9.29
-0.6771,52.2997,2025-02-07T10:29:00,9.18
-0.6771,52.2997,2025-03-11T10:58:00,9.28
-0.6771,52.2997,2025-05-07T12:28:00,7.24
-0.6771,52.2997,2025-06-11T10:01:00,4.56
-0.6771,52.2997,2025-07-03T11:17:00,4.14
-0.6771,52.2997,2025-08-08T15:33:00,3.68
-0.6771,52.2997,2025-09-05T12:36:00,2.18
-0.6771,52.2997,2025-10-06T14:47:00,2.58
-0.6771,52.2997,2025-11-14T09:52:00,1.19
-0.6771,52.2997,2025-12-02T12:33:00,8.98
-0.3178,52.9389,2025-01-09T10:11:00,6.04
-0.3178,52.9389,2025-02-20T10:09:00,5.29
-0.3178,52.9389,2025-03-21T14:32:00,4.19
-0.3178,52.9389,2025-04-04T12:28:00,2.5
-0.3178,52.9389,2025-11-05T12:41:00,18.8
-0.3178,52.9389,2025-12-01T11:10:00,24.9
-0.2732,52.9091,2025-01-07T12:43:00,7.89
-0.2732,52.9091,2025-02-04T11:49:00,9.96
-0.2732,52.9091,2025-03-21T14:23:00,6.35
-0.2732,52.9091,2025-10-14T12:12:00,1.56
-0.2732,52.9091,2025-11-07T11:08:00,1.75
-0.2732,52.9091,2025-12-01T11:20:00,29.9
-0.7713,52.2706,2025-01-16T12:33:00,9.18
-0.7713,52.2706,2025-02-03T10:41:00,9.08
-0.7713,52.2706,2025-03-11T09:50:00,9.58
-0.7713,52.2706,2025-04-04T12:06:00,6.97
-0.7713,52.2706,2025-10-14T12:30:00,6.48
-0.7713,52.2706,2025-11-21T12:07:00,8.49
-0.7713,52.2706,2025-12-08T15:56:00,3.69
1.1288,52.4728,2025-01-29T10:33:00,13
1.1288,52.4728,2025-02-12T11:05:00,8.46
1.1288,52.4728,2025-03-06T11:28:00,9.67
1.1288,52.4728,2025-05-27T14:13:00,0.27
1.1288,52.4728,2025-06-16T12:58:00,0.207
1.1288,52.4728,2025-07-02T08:58:00,<0.196
1.1288,52.4728,2025-08-28T13:34:00,<0.196
1.1288,52.4728,2025-09-23T12:38:00,<0.196
1.1288,52.4728,2025-10-24T12:41:00,0.211
1.1288,52.4728,2025-11-07T11:23:00,0.192
1.1288,52.4728,2025-12-02T11:50:00,18.9
1.2816,52.5469,2025-01-21T09:42:00,7.06
1.2816,52.5469,2025-02-05T08:31:00,7.87
1.2816,52.5469,2025-03-12T08:31:00,6.38
1.2816,52.5469,2025-04-01T12:00:00,5.87
1.2816,52.5469,2025-05-15T11:10:00,6.24
1.2816,52.5469,2025-06-05T11:29:00,5.56
1.2816,52.5469,2025-07-03T13:52:00,6.77
1.2816,52.5469,2025-08-04T09:44:00,5.58
1.2816,52.5469,2025-09-03T12:44:00,6.78
1.2816,52.5469,2025-10-01T12:06:00,6.88
1.2816,52.5469,2025-11-24T11:13:00,11
1.2816,52.5469,2025-12-09T10:18:00,9.96
0.6001,51.7527,2025-01-21T11:54:00,12
0.6001,51.7527,2025-02-05T08:35:00,12
0.6001,51.7527,2025-03-07T09:04:00,12
0.5908,51.7663,2025-01-31T13:14:00,13
0.5908,51.7663,2025-02-14T07:48:00,14
0.5908,51.7663,2025-03-03T08:18:00,12
0.5908,51.7663,2025-04-03T09:00:00,14
0.5626,51.8063,2025-01-03T13:50:00,11
0.5626,51.8063,2025-01-09T10:16:00,12
0.5626,51.8063,2025-01-15T08:48:00,12
0.5626,51.8063,2025-01-22T14:01:00,12
0.5626,51.8063,2025-01-29T13:30:00,13
0.5626,51.8063,2025-02-05T13:18:00,12
0.5626,51.8063,2025-02-12T13:56:00,14
0.5626,51.8063,2025-02-20T13:30:00,12
0.5626,51.8063,2025-02-25T07:51:00,9.86
0.5626,51.8063,2025-03-05T12:26:00,11
0.5626,51.8063,2025-03-10T11:45:00,12
0.5626,51.8063,2025-03-19T12:46:00,12
0.5626,51.8063,2025-03-27T13:32:00,12
0.5626,51.8063,2025-04-02T13:35:00,13
0.5626,51.8063,2025-04-09T13:56:00,13
0.5626,51.8063,2025-04-14T11:26:00,13
0.5626,51.8063,2025-04-23T13:13:00,12
0.5626,51.8063,2025-05-01T14:01:00,13
0.5626,51.8063,2025-05-07T09:51:00,14
0.5626,51.8063,2025-05-14T12:35:00,13
0.5626,51.8063,2025-05-21T13:20:00,14
0.5626,51.8063,2025-05-28T10:07:00,13
0.5626,51.8063,2025-06-03T10:00:00,15
0.5626,51.8063,2025-06-10T11:05:00,14
0.5626,51.8063,2025-06-18T10:08:00,14
0.5626,51.8063,2025-06-25T13:43:00,15
0.5626,51.8063,2025-07-02T13:53:00,13
0.5626,51.8063,2025-07-09T13:21:00,12
0.5626,51.8063,2025-07-15T10:04:00,13
0.5626,51.8063,2025-07-22T15:10:00,8.89
0.4903,51.8552,2025-01-03T12:15:00,7.97
0.4903,51.8552,2025-01-09T10:55:00,11
0.4903,51.8552,2025-01-15T09:39:00,6.77
0.4903,51.8552,2025-01-22T10:56:00,5.48
0.4903,51.8552,2025-01-29T12:12:00,14
0.4903,51.8552,2025-02-05T12:55:00,8.67
0.4903,51.8552,2025-02-12T12:23:00,14
0.4903,51.8552,2025-02-20T12:40:00,7.37
0.4903,51.8552,2025-02-25T11:02:00,12
0.4903,51.8552,2025-03-05T11:43:00,8.37
0.4903,51.8552,2025-03-10T10:28:00,5.88
0.4903,51.8552,2025-03-19T12:22:00,3.59
0.4903,51.8552,2025-03-27T12:27:00,2.49
0.4903,51.8552,2025-04-02T13:00:00,2.09
0.4903,51.8552,2025-04-09T12:28:00,1.59
0.4903,51.8552,2025-04-14T10:21:00,1.59
0.4903,51.8552,2025-04-23T12:01:00,1.28
0.4903,51.8552,2025-05-01T13:33:00,1.09
0.4903,51.8552,2025-05-07T10:54:00,1.09
0.4903,51.8552,2025-05-14T12:11:00,0.84
0.4903,51.8552,2025-05-21T12:55:00,0.848
0.4903,51.8552,2025-05-28T10:40:00,0.811
0.4903,51.8552,2025-06-03T10:38:00,0.797
0.4903,51.8552,2025-06-10T11:36:00,0.689
0.4903,51.8552,2025-06-18T10:50:00,0.722
0.4903,51.8552,2025-06-25T12:25:00,0.62
0.4903,51.8552,2025-07-02T12:38:00,0.57
0.4903,51.8552,2025-07-09T11:55:00,0.633
0.4903,51.8552,2025-07-15T11:01:00,0.583
0.4903,51.8552,2025-07-22T13:47:00,0.774
-0.4889,53.3409,2025-01-16T11:10:00,<0.196
-0.4889,53.3409,2025-07-07T11:36:00,<0.196
-0.495,53.1406,2025-01-20T09:52:00,20
-0.495,53.1406,2025-04-23T09:35:00,18
-0.495,53.1406,2025-10-24T08:41:00,15
-0.4948,53.1771,2025-02-05T11:49:00,13
-0.4948,53.1771,2025-08-20T08:54:00,8.9
-0.4948,53.1771,2025-11-13T10:27:00,9.2
-0.502,52.6264,2025-03-06T12:14:00,9.4
-0.502,52.6264,2025-12-12T12:12:00,8.2
-0.4763,53.2141,2025-03-03T09:13:00,14
-0.4737,53.0357,2025-01-20T14:41:00,27
-0.4737,53.0357,2025-04-23T11:59:00,22
-0.4737,53.0357,2025-10-24T09:40:00,17
-0.4592,53.2916,2025-03-03T09:56:00,0.578
-0.4592,53.2916,2025-09-10T09:56:00,0.256
-0.4586,53.0162,2025-01-20T13:47:00,18
-0.4586,53.0162,2025-04-23T11:26:00,15
-0.4586,53.0162,2025-10-24T10:17:00,12
-0.458,52.9858,2025-02-20T11:38:00,9.5
-0.458,52.9858,2025-08-15T11:02:00,6.1
-0.4472,52.9953,2025-01-20T13:20:00,16
-0.4472,52.9953,2025-04-23T10:29:00,16
-0.4472,52.9953,2025-10-24T11:02:00,14
-0.4463,52.995,2025-01-13T10:46:00,16
-0.4463,52.995,2025-04-23T10:18:00,18
-0.4399,53.1835,2025-01-20T09:08:00,14
-0.4391,53.2241,2025-02-03T09:31:00,<0.196
-0.4323,53.3434,2025-01-15T09:20:00,<0.196
-0.4358,53.1449,2025-02-03T11:20:00,17
-0.4358,53.1449,2025-08-08T11:14:00,14
-0.4358,53.1449,2025-10-21T10:20:00,12
-0.4368,52.9424,2025-01-20T11:18:00,14
-0.4415,53.0794,2025-02-17T11:57:00,18
-0.4266,53.1658,2025-01-16T08:44:00,19
-0.4266,53.1658,2025-11-24T10:26:00,18
-0.4299,53.0247,2025-02-05T09:56:00,9
-0.4299,53.0247,2025-11-07T09:26:00,0.853
-0.4283,52.9997,2025-02-12T11:08:00,17
-0.4214,52.9998,2025-04-30T10:18:00,1.6
-0.4214,52.9998,2025-11-18T09:59:00,10
-0.4126,53.2144,2025-02-05T09:31:00,<0.196
-0.4071,53.2219,2025-02-13T10:27:00,<0.196
-0.4071,53.2219,2025-08-15T08:56:00,<0.196
-0.4061,53.285,2025-11-03T11:22:00,<0.196
-0.4006,53.256,2025-11-24T13:10:00,<0.196
-0.4019,53.1088,2025-11-06T10:17:00,16
-0.3928,53.2153,2025-02-03T09:05:00,<0.196
-0.3851,53.1688,2025-11-12T09:19:00,<0.196
-0.3852,53.0106,2025-02-13T09:01:00,<0.196
-0.3852,53.0106,2025-08-18T10:46:00,<0.196
-0.3852,53.0106,2025-12-04T10:36:00,<0.196
-0.3807,52.7657,2025-01-16T12:23:00,3.8
-0.3807,52.7657,2025-11-25T09:56:00,2.89
-0.3666,52.93,2025-03-05T12:30:00,1.5
-0.3504,53.1118,2025-03-24T09:19:00,<0.196
-0.3504,53.1118,2025-08-08T09:52:00,<0.196
-0.3403,53.0377,2025-11-12T10:01:00,<0.196
-0.3406,52.894,2025-01-28T12:23:00,7.9
-0.3406,52.894,2025-07-01T11:29:00,6.67
-0.339,52.9034,2025-05-14T12:43:00,6.3
-0.3256,53.0567,2025-11-18T10:38:00,<0.196
-0.3223,52.9738,2025-03-07T10:59:00,<0.196
-0.3223,52.9738,2025-10-13T12:56:00,<0.196
-0.2898,53.0073,2025-02-14T10:02:00,<0.196
-0.2642,52.9447,2025-01-28T11:44:00,<0.196
-0.2606,52.9731,2025-01-09T10:32:00,<0.196
-0.2606,52.9731,2025-07-11T12:53:00,<0.196
-0.1731,53.1392,2025-02-13T10:37:00,2.89
-0.1731,53.1392,2025-08-11T10:31:00,1.99
-0.1731,53.1392,2025-11-12T09:42:00,1.89
-0.1532,53.1114,2025-02-13T09:11:00,9.4
-0.1532,53.1114,2025-05-23T09:56:00,7.2
-0.1532,53.1114,2025-08-06T11:04:00,7.4
-0.1532,53.1114,2025-11-14T11:20:00,9.28
-0.0691,53.2875,2025-03-18T09:47:00,<0.196
-0.0691,53.2875,2025-11-20T10:38:00,<0.196
-0.0152,53.2604,2025-11-20T11:07:00,17
0.0307,53.2957,2025-02-10T10:17:00,17
0.0307,53.2957,2025-08-12T11:37:00,17
0.037,53.3332,2025-02-04T11:10:00,12
0.037,53.3332,2025-08-06T11:03:00,13
0.0805,53.259,2025-02-12T09:17:00,18
0.0805,53.259,2025-08-20T12:18:00,16
0.0805,53.259,2025-11-13T10:57:00,18
0.0785,53.2127,2025-12-09T09:24:00,0.216
0.0927,53.3368,2025-12-17T10:28:00,<0.196
0.1013,53.285,2025-01-16T12:51:00,12
0.128,53.3958,2025-01-14T13:16:00,<0.196
0.1416,53.3074,2025-12-03T12:04:00,<0.196
0.1419,53.3073,2025-12-17T11:32:00,<0.196
0.1702,53.2202,2025-12-08T09:58:00,10
0.1818,53.3148,2025-03-18T12:54:00,<0.196
0.1818,53.3148,2025-09-22T11:54:00,<0.196
0.1886,53.2763,2025-03-18T11:20:00,<0.196
0.1886,53.2763,2025-09-22T11:14:00,<0.196
0.1987,53.1964,2025-03-20T09:51:00,13
0.1987,53.1964,2025-09-16T11:27:00,13
0.1987,53.1964,2025-12-04T08:27:00,13
0.2809,53.2644,2025-03-18T12:04:00,<0.196
0.2809,53.2644,2025-09-22T10:12:00,<0.196
0.3416,53.1545,2025-11-28T09:23:00,<0.196
0.3518,53.1862,2025-02-14T09:37:00,<0.196
0.3518,53.1862,2025-10-17T10:08:00,<0.196
0.4654,52.6495,2025-07-08T15:35:00,<0.196
0.3597,52.5743,2025-07-08T12:07:00,<0.196
0.3929,52.5827,2025-08-15T15:24:00,<0.196
0.4555,52.6444,2025-07-08T16:07:00,0.226
0.5002,52.707,2025-02-24T12:09:00,<0.196
0.5002,52.707,2025-03-20T13:07:00,<0.196
0.5002,52.707,2025-11-25T09:11:00,0.236
0.451,52.7865,2025-02-24T13:03:00,<0.196
0.451,52.7865,2025-03-26T10:05:00,<0.196
0.451,52.7865,2025-10-23T12:46:00,<0.196
0.5227,52.9963,2025-01-11T12:57:00,0.766
0.5227,52.9963,2025-02-16T09:41:00,0.487
0.5227,52.9963,2025-03-16T08:10:00,0.436
0.6427,52.5926,2025-08-20T08:33:00,17
0.6302,52.7287,2025-01-27T13:18:00,19
0.6302,52.7287,2025-04-16T13:24:00,18
0.6302,52.7287,2025-08-27T10:45:00,15
0.6302,52.7287,2025-11-19T10:16:00,14
0.5844,52.7063,2025-01-29T11:39:00,10
0.5844,52.7063,2025-04-02T08:27:00,10
0.5844,52.7063,2025-08-01T10:33:00,11
0.5844,52.7063,2025-11-06T11:42:00,10
0.5675,52.721,2025-02-24T09:14:00,16
0.5675,52.721,2025-08-27T11:18:00,16
0.5331,52.6903,2025-05-29T10:06:00,<0.196
0.6163,52.7025,2025-02-17T08:21:00,12
0.6163,52.7025,2025-02-24T09:31:00,11
0.6163,52.7025,2025-10-13T11:04:00,11
0.6629,52.8801,2025-02-28T10:39:00,21
0.6629,52.8801,2025-10-21T10:44:00,20
0.6397,53.0081,2025-01-11T12:27:00,0.687
0.6397,53.0081,2025-02-16T10:06:00,0.437
0.6397,53.0081,2025-03-16T08:35:00,0.347
0.676,52.6347,2025-02-24T10:14:00,14
0.676,52.6347,2025-03-20T10:42:00,13
0.676,52.6347,2025-10-23T09:19:00,17
0.7622,52.6524,2025-03-20T11:31:00,7.1
0.7622,52.6524,2025-10-23T11:14:00,7.7
0.7239,52.588,2025-04-04T12:40:00,20
0.7299,52.721,2025-01-27T12:02:00,15
0.7299,52.721,2025-02-24T10:58:00,14
0.7299,52.721,2025-04-16T14:12:00,15
0.7299,52.721,2025-10-23T11:54:00,15
0.806,52.5692,2025-05-15T12:08:00,4.4
0.806,52.5692,2025-09-17T11:54:00,4.7
0.8257,52.6445,2025-05-15T13:38:00,<0.196
0.8257,52.6445,2025-09-17T10:13:00,<0.196
0.8308,52.7169,2025-05-15T09:58:00,7
0.8308,52.7169,2025-09-17T09:16:00,9.5
0.9559,52.5726,2025-05-15T11:20:00,0.188
0.9559,52.5726,2025-09-17T11:03:00,<0.196
1.0664,51.7972,2025-01-30T11:24:00,9.18
1.0664,51.7972,2025-02-28T10:24:00,7.23
1.0664,51.7972,2025-03-26T12:23:00,3.83
1.0664,51.7972,2025-04-09T11:15:00,0.814
1.0664,51.7972,2025-06-02T10:04:00,<0.196
1.0664,51.7972,2025-06-23T10:03:00,<0.196
1.0664,51.7972,2025-07-30T15:51:00,<0.196
1.0664,51.7972,2025-08-21T11:04:00,<0.196
1.0664,51.7972,2025-09-23T12:39:00,<0.196
1.0664,51.7972,2025-10-08T10:48:00,<0.196
1.0664,51.7972,2025-11-10T10:24:00,0.186
1.0664,51.7972,2025-12-05T11:02:00,0.709
1.0209,51.8348,2025-01-30T11:45:00,14
1.0209,51.8348,2025-02-14T09:23:00,15
1.0209,51.8348,2025-03-26T13:44:00,12.9
1.0209,51.8348,2025-04-09T12:21:00,14.9
1.0209,51.8348,2025-05-06T13:43:00,13.9
1.0209,51.8348,2025-06-02T09:41:00,12.9
1.0209,51.8348,2025-07-01T10:21:00,14.9
1.0209,51.8348,2025-08-08T13:33:00,15.9
1.0209,51.8348,2025-09-01T09:54:00,22.7
1.0209,51.8348,2025-10-02T10:01:00,19.9
1.0209,51.8348,2025-11-10T11:00:00,10.9
1.0209,51.8348,2025-12-05T11:34:00,17
0.9972,51.8435,2025-01-30T12:00:00,4.58
0.9972,51.8435,2025-02-14T09:02:00,5.84
0.9972,51.8435,2025-03-26T14:01:00,8.36
0.9972,51.8435,2025-04-09T12:38:00,9.18
0.9972,51.8435,2025-05-06T13:58:00,8.67
0.9972,51.8435,2025-06-02T09:17:00,6.38
0.9972,51.8435,2025-07-01T10:02:00,7.36
0.9972,51.8435,2025-08-08T13:52:00,8.08
0.9972,51.8435,2025-09-01T09:40:00,8.98
0.9972,51.8435,2025-10-02T09:46:00,8.98
0.9972,51.8435,2025-11-10T11:20:00,6.77
0.9972,51.8435,2025-12-05T11:51:00,10.9
-0.4973,52.7496,2025-01-21T10:29:00,9.96
-0.4973,52.7496,2025-02-06T10:42:00,9.76
-0.4973,52.7496,2025-03-07T10:51:00,9.47
-0.4973,52.7496,2025-04-25T11:59:00,9.78
-0.4973,52.7496,2025-05-12T12:24:00,9.37
-0.4973,52.7496,2025-06-09T10:34:00,9.08
-0.4973,52.7496,2025-07-07T14:42:00,7.68
-0.4973,52.7496,2025-08-04T12:33:00,8.19
-0.4973,52.7496,2025-09-01T10:18:00,7.88
-0.4973,52.7496,2025-10-03T12:46:00,8.68
-0.4973,52.7496,2025-11-07T09:34:00,8.28
-0.4973,52.7496,2025-12-04T08:50:00,15
-0.4998,52.4219,2025-01-07T10:16:00,17
-0.4998,52.4219,2025-02-04T13:30:00,17
-0.4998,52.4219,2025-03-05T12:55:00,15
-0.4998,52.4219,2025-05-07T11:57:00,7.04
-0.4998,52.4219,2025-06-02T13:27:00,5
-0.4998,52.4219,2025-07-04T07:55:00,8.33
-0.4998,52.4219,2025-08-07T12:35:00,8.86
-0.4998,52.4219,2025-09-02T09:01:00,7.44
-0.4998,52.4219,2025-10-30T12:15:00,3.89
-0.4998,52.4219,2025-11-14T10:51:00,3.62
-0.4998,52.4219,2025-12-01T15:35:00,32
-0.4496,52.5853,2025-02-27T10:14:00,3.1
-0.4496,52.5853,2025-08-12T10:49:00,1.9
-0.4496,52.5853,2025-11-07T11:45:00,1.3
0.5898,52.9723,2025-04-28T13:34:00,0.963
0.5898,52.9723,2025-05-30T14:01:00,1.48
0.5898,52.9723,2025-07-25T11:59:00,1.27
0.5898,52.9723,2025-08-28T12:48:00,0.403
0.5898,52.9723,2025-09-12T10:45:00,<0.096
0.5898,52.9723,2025-10-09T12:25:00,0.244
0.5898,52.9723,2025-11-10T11:28:00,0.404
0.5898,52.9723,2025-12-08T12:38:00,1.49
-0.7713,52.4001,2025-01-02T09:51:00,7.49
-0.7713,52.4001,2025-02-04T12:23:00,6.85
-0.7713,52.4001,2025-03-14T10:39:00,6.2
-0.7713,52.4001,2025-04-10T10:56:00,4.61
-0.7713,52.4001,2025-05-09T15:14:00,1.26
-0.7713,52.4001,2025-06-04T13:42:00,0.194
-0.7713,52.4001,2025-07-10T10:24:00,0.45
-0.7713,52.4001,2025-09-01T13:57:00,0.188
-0.7713,52.4001,2025-10-06T13:30:00,0.577
-0.7713,52.4001,2025-11-03T12:58:00,0.191
-0.7713,52.4001,2025-12-04T10:18:00,2.36
1.5806,52.7397,2025-04-24T11:39:00,<0.196
1.5806,52.7397,2025-10-22T10:41:00,<0.196
1.5806,52.7397,2025-11-27T10:58:00,<0.196
1.5806,52.7397,2025-12-17T10:39:00,0.181
1.6047,52.7264,2025-01-23T11:00:00,0.728
1.6047,52.7264,2025-02-19T12:19:00,0.543
1.6047,52.7264,2025-03-21T15:41:00,<0.196
0.2189,53.3267,2025-01-06T10:17:00,6.49
0.2189,53.3267,2025-02-04T08:37:00,6.95
0.2189,53.3267,2025-03-13T07:38:00,3.65
0.2189,53.3267,2025-10-13T09:10:00,0.574
0.2189,53.3267,2025-11-14T07:55:00,1.14
0.2189,53.3267,2025-12-03T11:29:00,22.9
1.0616,52.5861,2025-01-28T08:29:00,5.98
1.0616,52.5861,2025-02-20T11:24:00,5.08
1.0616,52.5861,2025-03-31T13:33:00,4.68
1.0616,52.5861,2025-05-09T09:25:00,2.39
1.0616,52.5861,2025-06-05T09:13:00,3.48
1.0616,52.5861,2025-07-11T10:58:00,5.47
1.0616,52.5861,2025-08-28T13:07:00,5.48
1.0616,52.5861,2025-09-23T10:12:00,3.3
1.0616,52.5861,2025-10-20T10:58:00,1.9
1.0616,52.5861,2025-11-07T09:15:00,1.89
1.0616,52.5861,2025-12-04T13:55:00,6.81
-0.645,53.2805,2025-01-24T10:55:00,9.96
-0.645,53.2805,2025-02-13T11:28:00,9.16
-0.645,53.2805,2025-03-12T13:05:00,8.25
-0.645,53.2805,2025-05-23T11:38:00,<0.196
-0.645,53.2805,2025-06-26T10:57:00,0.196
-0.645,53.2805,2025-07-30T10:12:00,13.4
-0.645,53.2805,2025-08-15T11:25:00,5.07
-0.645,53.2805,2025-09-10T12:56:00,0.195
-0.645,53.2805,2025-10-07T11:01:00,2.74
-0.645,53.2805,2025-11-11T12:01:00,23
-0.645,53.2805,2025-12-04T09:51:00,17
-0.7069,53.3599,2025-01-03T10:12:00,8.88
-0.7069,53.3599,2025-02-03T11:37:00,7.68
-0.7069,53.3599,2025-03-11T10:28:00,5.38
-0.7069,53.3599,2025-10-09T12:08:00,0.546
-0.7069,53.3599,2025-11-11T12:55:00,18
-0.7069,53.3599,2025-12-03T10:29:00,15
-0.6596,53.3359,2025-01-03T09:49:00,12
-0.6596,53.3359,2025-02-03T12:03:00,11
-0.6596,53.3359,2025-03-11T10:05:00,7.64
-0.6596,53.3359,2025-05-08T08:58:00,5.02
-0.6596,53.3359,2025-06-09T13:40:00,3.63
-0.6596,53.3359,2025-07-15T12:11:00,1.68
-0.6596,53.3359,2025-08-15T10:48:00,2.77
-0.6596,53.3359,2025-09-08T11:21:00,1.09
-0.6596,53.3359,2025-10-09T11:51:00,4.58
-0.6596,53.3359,2025-11-11T12:35:00,19
-0.6596,53.3359,2025-12-03T10:39:00,18
-0.3872,52.9765,2025-01-06T10:06:00,3.29
-0.3872,52.9765,2025-02-05T10:54:00,12
-0.3872,52.9765,2025-03-05T11:56:00,11
-0.3872,52.9765,2025-05-13T10:16:00,2.86
-0.3872,52.9765,2025-06-13T10:37:00,1.58
-0.3872,52.9765,2025-07-01T10:48:00,0.51
-0.3872,52.9765,2025-08-01T10:11:00,2.18
-0.3872,52.9765,2025-09-02T11:10:00,6.26
-0.3872,52.9765,2025-10-13T12:16:00,8.59
-0.3872,52.9765,2025-12-04T11:30:00,24
-0.4165,51.9534,2025-01-24T10:01:00,17
-0.4165,51.9534,2025-04-30T10:58:00,17
-0.4165,51.9534,2025-10-24T11:13:00,17
-0.5127,51.961,2025-01-14T13:36:00,<0.196
-0.4779,52.0089,2025-02-25T15:31:00,6.49
-0.4727,52.1473,2025-07-04T15:47:00,<0.196
-0.485,52.1741,2025-03-19T10:40:00,2.04
-0.485,52.1741,2025-09-15T10:58:00,2
-0.4475,52.5744,2025-01-30T10:51:00,6.79
-0.4475,52.5744,2025-03-06T13:49:00,8.08
-0.4475,52.5744,2025-11-26T09:16:00,16
-0.3199,52.1563,2025-07-31T13:02:00,<0.196
-0.361,52.2579,2025-02-12T09:39:00,16
-0.361,52.2579,2025-08-18T11:33:00,16
-0.2068,51.9471,2025-01-15T09:52:00,13
-0.2068,51.9471,2025-04-09T10:12:00,13
-0.2068,51.9471,2025-10-16T09:17:00,5.1
-0.2266,51.9254,2025-10-01T13:19:00,0.596
-0.196,51.9483,2025-10-16T11:11:00,5.7
-0.1556,52.0053,2025-05-12T10:31:00,15
-0.1556,52.0053,2025-09-03T08:45:00,12
-0.2337,51.9629,2025-05-27T09:11:00,4.8
-0.2337,51.9629,2025-09-30T11:37:00,4.7
-0.2078,51.9817,2025-07-03T10:44:00,4.74
-0.2078,51.9817,2025-11-13T10:50:00,4.6
-0.1873,51.9836,2025-07-03T11:41:00,10
-0.1873,51.9836,2025-11-13T11:30:00,10
-0.1749,52.041,2025-04-30T10:47:00,18
-0.1749,52.041,2025-10-24T08:55:00,17
-0.2155,51.9798,2025-07-03T09:46:00,11
-0.2155,51.9798,2025-11-13T09:45:00,10
-0.2064,51.985,2025-09-04T15:00:00,8.96
-0.2064,51.985,2025-11-27T13:45:00,9.28
-0.2061,51.9849,2025-09-04T12:11:00,5.9
-0.2061,51.9849,2025-11-27T11:20:00,2.5
-0.2053,51.9843,2025-09-04T11:21:00,25.7
-0.2053,51.9843,2025-11-27T10:18:00,24.2
-0.2057,51.9846,2025-09-04T10:31:00,41
-0.2057,51.9846,2025-11-27T10:50:00,40
-0.2055,51.9851,2025-09-04T14:26:00,14
-0.2055,51.9851,2025-11-27T11:48:00,11
-0.1607,52.0653,2025-04-11T09:12:00,0.276
-0.2492,52.0537,2025-06-06T11:04:00,<0.196
-0.2207,52.1628,2025-02-18T10:20:00,8.09
-0.2207,52.1628,2025-04-30T14:32:00,7.29
-0.2207,52.1628,2025-10-31T11:20:00,8.38
-0.2075,52.3226,2025-03-10T09:29:00,6.9
-0.2075,52.3226,2025-10-06T15:09:00,13
-0.1373,52.3386,2025-05-15T09:53:00,1.15
-0.0192,52.1047,2025-07-30T08:59:00,0.192
-0.0791,52.0895,2025-02-19T11:07:00,<0.196
0.002,52.0747,2025-04-30T13:56:00,17
0.002,52.0747,2025-10-16T11:12:00,17
0.0086,52.1887,2025-05-27T13:24:00,<0.196
-0.055,52.1846,2025-06-10T15:00:00,<0.196
0.029,52.253,2025-01-29T09:39:00,1.8
0.0416,52.4979,2025-03-06T14:25:00,10
0.0416,52.4979,2025-10-28T10:54:00,9.3
0.1659,52.1149,2025-01-06T11:32:00,8.6
0.1659,52.1149,2025-02-06T10:18:00,11
0.1659,52.1149,2025-03-10T10:49:00,11
0.1659,52.1149,2025-04-24T08:35:00,7.7
0.1659,52.1149,2025-05-15T13:39:00,7.5
0.1659,52.1149,2025-06-11T11:07:00,7.8
0.1659,52.1149,2025-07-30T09:58:00,3.2
0.1659,52.1149,2025-08-06T13:27:00,3.1
0.1659,52.1149,2025-09-03T10:26:00,2.5
0.1659,52.1149,2025-10-02T11:42:00,3
0.1659,52.1149,2025-11-13T10:22:00,3.3
0.1659,52.1149,2025-12-04T10:11:00,8.8
0.0499,52.0869,2025-04-07T11:42:00,13
0.0499,52.0869,2025-10-03T14:11:00,9.8
0.1609,52.0877,2025-09-08T11:59:00,9.8
0.1634,52.1207,2025-09-23T12:29:00,5.98
0.1363,52.167,2025-03-11T11:15:00,18
0.0769,52.2462,2025-06-26T10:02:00,<0.196
0.0841,52.2357,2025-03-20T10:46:00,15
0.0841,52.2357,2025-10-20T09:16:00,21
0.1837,52.3433,2025-04-16T11:31:00,5.48
0.1837,52.3433,2025-10-27T12:37:00,7.19
0.2404,52.0223,2025-04-30T09:18:00,12
0.2404,52.0223,2025-10-21T11:27:00,12
0.3235,52.2234,2025-02-10T09:59:00,9
0.3235,52.2234,2025-08-22T11:45:00,8.7
0.2483,52.3013,2025-07-17T11:13:00,<0.196
0.4326,52.0764,2025-07-21T11:15:00,8.9
0.4057,52.282,2025-05-15T12:20:00,5.6
0.4057,52.282,2025-09-02T12:26:00,5.4
0.5027,52.5338,2025-01-27T15:45:00,16
0.5027,52.5338,2025-04-22T14:12:00,17
0.5027,52.5338,2025-10-31T12:21:00,14
0.5488,52.0563,2025-09-11T12:12:00,0.266
0.5732,52.2878,2025-03-24T11:01:00,21
0.5732,52.2878,2025-08-28T11:27:00,19
0.548,52.2781,2025-03-03T10:32:00,6.8
0.548,52.2781,2025-08-11T13:50:00,7.3
0.5058,52.3127,2025-05-16T10:23:00,18
0.5058,52.3127,2025-08-11T10:08:00,16
0.5825,52.3399,2025-01-23T13:26:00,33
0.5825,52.3399,2025-04-24T11:17:00,25
0.5825,52.3399,2025-10-09T16:31:00,13
0.6252,52.4533,2025-05-28T10:02:00,8.5
0.6252,52.4533,2025-11-26T13:29:00,9.2
0.6064,52.4383,2025-03-03T16:15:00,2.8
0.6064,52.4383,2025-09-29T11:36:00,2.9
0.5705,52.5456,2025-05-28T09:00:00,20
0.5705,52.5456,2025-11-26T12:05:00,19
0.674,52.0054,2025-07-28T10:14:00,<0.196
0.6816,52.1177,2025-03-26T10:02:00,12
0.6816,52.1177,2025-07-23T11:43:00,12
0.7131,52.045,2025-02-07T12:49:00,1.9
0.7131,52.045,2025-07-11T10:07:00,1.9
0.7177,52.2408,2025-05-23T11:33:00,6.1
0.7177,52.2408,2025-11-04T10:46:00,4.8
0.7057,52.2682,2025-05-27T10:42:00,2.5
0.7057,52.2682,2025-11-06T11:58:00,2.49
0.7299,52.2559,2025-05-27T11:41:00,12
0.7299,52.2559,2025-11-14T11:47:00,9.8
0.7194,52.3165,2025-10-09T14:01:00,18
0.7299,52.4082,2025-01-20T12:26:00,9.2
0.7299,52.4082,2025-10-31T11:19:00,8.19
0.8883,52.3873,2025-03-28T10:29:00,27
0.8883,52.3873,2025-11-28T12:26:00,24
0.8632,52.4686,2025-01-14T13:09:00,17
0.8632,52.4686,2025-04-04T08:21:00,18
0.8632,52.4686,2025-10-14T12:18:00,14
0.8259,52.5479,2025-04-16T12:10:00,0.206
0.8259,52.5479,2025-10-23T10:27:00,0.611
1.0638,51.9011,2025-07-07T10:00:00,0.422
1.22,51.8925,2025-07-21T13:28:00,<0.196
1.5539,52.0623,2025-04-10T12:51:00,0.327
1.5539,52.0623,2025-05-03T14:10:00,0.0414
1.5539,52.0623,2025-06-13T07:33:00,0.0159
1.5539,52.0623,2025-07-05T12:08:00,0.0219
1.5539,52.0623,2025-08-09T10:25:00,0.0154
1.5539,52.0623,2025-11-11T14:12:00,0.146
1.7874,52.4581,2025-04-10T14:48:00,0.337
1.7874,52.4581,2025-05-03T16:22:00,0.0691
1.7874,52.4581,2025-06-13T09:44:00,0.0132
1.7874,52.4581,2025-07-05T14:16:00,0.0065
1.7874,52.4581,2025-08-09T12:31:00,0.0245
1.7874,52.4581,2025-11-11T16:45:00,0.135
1.4787,52.7814,2025-03-31T11:21:00,<0.196
1.4787,52.7814,2025-09-23T10:22:00,<0.196
0.8784,51.6554,2025-07-09T12:52:00,<0.196
-0.9112,52.3605,2025-01-16T11:50:00,9.99
-0.9112,52.3605,2025-02-07T09:43:00,9.29
-0.9112,52.3605,2025-03-06T11:53:00,11
-0.9112,52.3605,2025-04-10T14:21:00,9.29
-0.9112,52.3605,2025-05-13T11:28:00,7.27
-0.9112,52.3605,2025-06-12T09:38:00,5.08
-0.9112,52.3605,2025-07-01T13:21:00,5.19
-0.9112,52.3605,2025-08-07T10:21:00,4.79
-0.9112,52.3605,2025-09-08T12:43:00,3
-0.9112,52.3605,2025-10-13T14:35:00,2.4
-0.9112,52.3605,2025-11-11T11:25:00,6.65
-0.9112,52.3605,2025-12-11T11:47:00,19
1.4043,52.8623,2025-02-10T12:31:00,<0.196
0.2719,53.3316,2025-01-06T11:13:00,4.98
0.2719,53.3316,2025-02-04T09:02:00,3.07
0.2719,53.3316,2025-03-13T07:50:00,1.75
0.2719,53.3316,2025-05-02T09:03:00,0.754
0.2719,53.3316,2025-06-26T08:16:00,<0.196
0.2719,53.3316,2025-07-09T08:08:00,0.313
0.2719,53.3316,2025-08-15T09:27:00,0.328
0.2719,53.3316,2025-09-11T10:22:00,<0.196
0.2719,53.3316,2025-10-06T08:22:00,0.691
0.2719,53.3316,2025-11-19T09:46:00,10.9
0.2719,53.3316,2025-12-05T08:47:00,21.9
1.2069,52.6551,2025-01-03T12:54:00,5.06
1.2069,52.6551,2025-01-09T12:09:00,6.16
1.2069,52.6551,2025-01-15T12:53:00,5.27
1.2069,52.6551,2025-01-22T13:28:00,5.17
1.2069,52.6551,2025-01-29T12:05:00,5.55
1.2069,52.6551,2025-02-05T12:00:00,5.58
1.2069,52.6551,2025-02-12T11:51:00,5.17
1.2069,52.6551,2025-02-19T12:52:00,5.38
1.2069,52.6551,2025-02-25T12:45:00,5.56
1.2069,52.6551,2025-03-05T11:25:00,5.88
1.2069,52.6551,2025-03-12T13:16:00,4.98
1.2069,52.6551,2025-03-19T13:29:00,5.48
1.2069,52.6551,2025-03-27T13:03:00,5.09
1.2069,52.6551,2025-04-02T15:11:00,5.18
1.2069,52.6551,2025-04-08T12:42:00,5.18
1.2069,52.6551,2025-04-15T12:19:00,2.96
1.2069,52.6551,2025-04-23T14:45:00,4.69
1.2069,52.6551,2025-05-01T14:29:00,4.18
1.2069,52.6551,2025-05-08T12:07:00,5.08
1.2069,52.6551,2025-05-15T12:17:00,4.68
1.2069,52.6551,2025-05-22T13:04:00,4.89
1.2069,52.6551,2025-05-30T12:37:00,3.78
1.2069,52.6551,2025-06-03T12:39:00,4.49
1.2069,52.6551,2025-06-10T12:57:00,4.29
1.2069,52.6551,2025-06-18T12:03:00,4.29
1.2069,52.6551,2025-06-26T12:29:00,4.39
1.2069,52.6551,2025-07-02T12:13:00,4.19
1.2069,52.6551,2025-07-08T12:02:00,4.99
1.2069,52.6551,2025-07-17T13:00:00,4.49
1.2069,52.6551,2025-07-22T11:38:00,3.69
1.2069,52.6551,2025-08-06T12:14:00,5.09
1.2069,52.6551,2025-08-12T12:29:00,2.99
1.2069,52.6551,2025-08-21T13:48:00,4.8
1.2069,52.6551,2025-08-26T10:25:00,4.2
1.2069,52.6551,2025-09-02T13:56:00,3.9
1.2069,52.6551,2025-09-11T11:47:00,4.39
1.2069,52.6551,2025-09-16T11:46:00,5.7
1.2069,52.6551,2025-09-24T11:48:00,4.8
1.2069,52.6551,2025-10-01T11:48:00,5
1.2069,52.6551,2025-10-07T12:55:00,4.89
1.2069,52.6551,2025-10-14T12:25:00,4.7
1.2069,52.6551,2025-10-24T12:31:00,4.2
1.2069,52.6551,2025-10-29T13:34:00,4.89
1.2069,52.6551,2025-11-21T12:38:00,6.98
1.2069,52.6551,2025-11-25T13:32:00,8.18
1.2069,52.6551,2025-12-03T12:16:00,6.87
1.2069,52.6551,2025-12-09T12:42:00,7.07
1.2069,52.6551,2025-12-17T14:10:00,5.47
1.2069,52.6551,2025-12-23T12:25:00,6.17
-0.6977,52.5843,2025-01-10T14:13:00,8.33
-0.6977,52.5843,2025-02-13T10:22:00,11.8
-0.6977,52.5843,2025-03-03T10:01:00,12.8
-0.6977,52.5843,2025-04-10T11:54:00,21.6
-0.6977,52.5843,2025-05-06T10:22:00,23.8
-0.6977,52.5843,2025-06-11T15:56:00,30.9
-0.6977,52.5843,2025-07-15T10:27:00,29.9
-0.6977,52.5843,2025-08-08T10:03:00,29
-0.6977,52.5843,2025-09-08T11:09:00,27.9
-0.6977,52.5843,2025-10-09T11:39:00,28.8
-0.6977,52.5843,2025-12-03T11:12:00,12.9
-0.6454,52.5804,2025-01-07T09:23:00,9.98
-0.6454,52.5804,2025-02-07T14:21:00,14
-0.6454,52.5804,2025-03-03T09:48:00,11
-0.6454,52.5804,2025-05-09T13:37:00,20
-0.6454,52.5804,2025-06-09T09:30:00,19
-0.6454,52.5804,2025-07-15T10:15:00,23
-0.6454,52.5804,2025-08-05T11:17:00,19
-0.6454,52.5804,2025-09-08T10:55:00,23
-0.6454,52.5804,2025-10-09T11:54:00,22
-0.6454,52.5804,2025-11-12T10:19:00,16
-0.6454,52.5804,2025-12-03T10:42:00,15
1.5331,52.6656,2025-04-11T11:41:00,<0.196
1.5331,52.6656,2025-10-10T10:35:00,<0.196
1.5331,52.6656,2025-11-11T10:12:00,<0.196
1.5331,52.6656,2025-12-05T12:01:00,0.252
-0.8943,52.5552,2025-01-09T12:51:00,6.89
-0.8943,52.5552,2025-02-03T10:28:00,6.49
-0.8943,52.5552,2025-03-03T10:37:00,5.99
-0.8943,52.5552,2025-05-06T11:29:00,0.69
-0.8943,52.5552,2025-06-16T10:45:00,0.719
-0.8943,52.5552,2025-07-07T11:56:00,1.05
-0.8943,52.5552,2025-09-10T10:50:00,0.686
-0.8943,52.5552,2025-10-03T09:33:00,0.586
-0.8943,52.5552,2025-11-03T10:47:00,0.282
-0.8943,52.5552,2025-12-01T11:30:00,19
-0.4229,53.0248,2025-01-28T10:52:00,7.68
-0.4229,53.0248,2025-02-13T08:37:00,8.97
-0.4229,53.0248,2025-03-03T09:36:00,7.89
-0.5704,52.8901,2025-01-28T11:14:00,5.09
-0.5704,52.8901,2025-11-14T11:43:00,<0.196
-0.5704,52.8901,2025-11-25T11:21:00,15
-0.5704,52.8901,2025-12-09T11:06:00,8.09
-0.5704,52.8901,2025-12-18T11:09:00,8.49
-0.4069,52.9266,2025-01-24T12:08:00,11
-0.4069,52.9266,2025-02-12T11:28:00,9.59
-0.4069,52.9266,2025-03-03T10:50:00,9.99
-0.5128,52.8854,2025-01-28T11:02:00,5.2
-0.5128,52.8854,2025-02-14T11:54:00,4.7
-0.5128,52.8854,2025-03-03T11:34:00,3.9
-0.5128,52.8854,2025-11-25T11:33:00,13
-0.5128,52.8854,2025-12-04T12:34:00,24
-0.5128,52.8854,2025-12-18T11:18:00,4.6
-0.3832,53.0992,2025-01-28T08:58:00,15
-0.3832,53.0992,2025-02-13T10:01:00,17
-0.3832,53.0992,2025-03-07T09:10:00,15
-0.4206,52.9696,2025-01-24T11:57:00,13
-0.4206,52.9696,2025-02-07T12:22:00,12
-0.4206,52.9696,2025-03-05T11:32:00,9.99
-1.1222,52.3187,2025-01-28T12:48:00,9.67
-1.1222,52.3187,2025-02-12T12:59:00,8.07
-1.1222,52.3187,2025-03-06T10:53:00,8.29
-1.1222,52.3187,2025-04-10T13:16:00,4.69
-1.1222,52.3187,2025-06-03T11:38:00,1.69
-1.1222,52.3187,2025-07-07T15:13:00,1.2
-1.1222,52.3187,2025-08-08T10:24:00,0.626
-1.1222,52.3187,2025-11-12T14:15:00,1.1
-1.1222,52.3187,2025-12-12T11:30:00,16.9
-0.1903,52.7877,2025-01-08T09:39:00,8.87
-0.1903,52.7877,2025-02-13T12:38:00,4.27
-0.1903,52.7877,2025-03-10T08:57:00,2.88
-0.1903,52.7877,2025-04-11T11:18:00,1.09
-0.1903,52.7877,2025-10-10T12:31:00,0.801
-0.1903,52.7877,2025-11-04T11:11:00,0.572
-0.1903,52.7877,2025-12-10T08:06:00,6.28
-0.3402,52.8964,2025-01-24T12:21:00,9.19
-0.3402,52.8964,2025-02-07T12:39:00,9.39
-0.3402,52.8964,2025-03-05T12:49:00,8.79
0.0872,52.936,2025-01-12T08:32:00,3.88
0.0872,52.936,2025-02-15T15:31:00,5.56
0.0872,52.936,2025-04-08T13:22:00,1.97
0.0872,52.936,2025-05-01T11:46:00,0.096
0.0872,52.936,2025-06-10T13:43:00,0.803
0.0872,52.936,2025-07-03T11:45:00,<0.096
0.0872,52.936,2025-08-13T17:36:00,0.37
0.0872,52.936,2025-09-09T15:52:00,0.71
0.0872,52.936,2025-10-10T13:45:00,0.352
0.0872,52.936,2025-11-13T12:41:00,0.282
0.0872,52.936,2025-12-11T11:42:00,5.86
0.2198,52.8691,2025-01-11T14:20:00,0.876
0.2198,52.8691,2025-02-15T16:52:00,1.88
0.2198,52.8691,2025-03-15T17:27:00,0.446
0.2198,52.8691,2025-04-08T14:44:00,0.693
0.2198,52.8691,2025-04-30T17:19:00,0.687
0.2198,52.8691,2025-06-10T15:07:00,<0.096
0.2198,52.8691,2025-07-02T10:44:00,<0.096
0.2198,52.8691,2025-08-13T18:58:00,0.0959
0.2198,52.8691,2025-09-09T17:23:00,0.136
0.2198,52.8691,2025-10-10T12:07:00,<0.096
0.2198,52.8691,2025-11-13T11:44:00,0.183
0.2198,52.8691,2025-12-11T10:44:00,0.744
0.2755,52.9601,2025-01-12T09:20:00,0.627
0.2755,52.9601,2025-02-15T14:36:00,0.904
0.2755,52.9601,2025-03-15T16:54:00,0.525
0.2755,52.9601,2025-04-08T12:30:00,0.544
0.2755,52.9601,2025-05-01T10:46:00,0.0337
0.2755,52.9601,2025-06-10T12:45:00,0.006
0.2755,52.9601,2025-07-03T10:57:00,0.00603
0.2755,52.9601,2025-08-13T16:20:00,<0.0063
0.2755,52.9601,2025-09-09T14:39:00,0.00604
0.2755,52.9601,2025-10-10T14:46:00,0.0312
0.2755,52.9601,2025-11-13T13:31:00,0.16
0.2755,52.9601,2025-12-11T12:28:00,0.347
0.3528,52.8515,2025-01-11T15:06:00,1.29
0.3528,52.8515,2025-02-15T17:50:00,2.29
0.3528,52.8515,2025-03-15T18:01:00,1.09
0.3528,52.8515,2025-04-08T15:41:00,0.991
0.3528,52.8515,2025-04-30T18:26:00,1.18
0.3528,52.8515,2025-06-10T16:21:00,0.096
0.3528,52.8515,2025-07-02T11:19:00,<0.096
0.3528,52.8515,2025-08-13T19:59:00,0.258
0.3528,52.8515,2025-09-10T10:04:00,<0.096
0.3528,52.8515,2025-10-10T11:05:00,<0.096
0.3528,52.8515,2025-11-13T10:47:00,0.297
0.3528,52.8515,2025-12-11T09:51:00,1.19
0.3902,52.9412,2025-01-11T13:35:00,1.19
0.3902,52.9412,2025-02-16T09:02:00,0.726
0.3902,52.9412,2025-03-16T07:29:00,0.377
0.3902,52.9412,2025-04-10T07:15:00,0.395
0.3902,52.9412,2025-04-30T16:32:00,0.353
0.3902,52.9412,2025-06-11T06:28:00,<0.0063
0.3902,52.9412,2025-07-02T09:56:00,<0.0063
0.3902,52.9412,2025-08-13T15:53:00,0.043
0.3902,52.9412,2025-09-10T10:36:00,<0.0063
0.3902,52.9412,2025-10-10T15:22:00,0.062
0.3902,52.9412,2025-11-13T14:00:00,0.165
0.3902,52.9412,2025-12-11T12:54:00,0.357
0.3983,53.0115,2025-01-12T10:01:00,0.657
0.3983,53.0115,2025-02-15T13:59:00,0.735
0.3983,53.0115,2025-03-15T13:26:00,0.466
0.3983,53.0115,2025-04-08T11:56:00,0.522
0.3983,53.0115,2025-05-01T13:04:00,0.0432
0.3983,53.0115,2025-06-10T12:07:00,<0.0063
0.3983,53.0115,2025-07-03T13:05:00,<0.0063
0.3983,53.0115,2025-08-13T15:16:00,0.00623
0.3983,53.0115,2025-09-09T14:00:00,0.0076
0.3983,53.0115,2025-10-10T16:11:00,0.0329
0.3983,53.0115,2025-11-13T14:44:00,0.155
0.3983,53.0115,2025-12-11T13:37:00,0.189
0.4213,52.9698,2025-01-11T13:22:00,0.995
0.4213,52.9698,2025-02-16T09:17:00,0.666
0.4213,52.9698,2025-03-16T07:45:00,0.268
0.4213,52.9698,2025-04-10T07:30:00,0.346
0.4213,52.9698,2025-04-30T16:16:00,0.157
0.4213,52.9698,2025-06-11T06:44:00,<0.0063
0.4213,52.9698,2025-07-02T09:43:00,<0.0063
0.4213,52.9698,2025-08-13T15:38:00,0.0097
0.4213,52.9698,2025-09-10T10:50:00,<0.0063
0.4213,52.9698,2025-10-10T15:40:00,0.0723
0.4213,52.9698,2025-11-13T14:17:00,0.166
0.4213,52.9698,2025-12-11T13:09:00,0.377
1.1533,52.3069,2025-09-04T09:09:00,<0.196
1.148,52.2854,2025-09-04T08:19:00,<0.196
1.1085,52.2658,2025-09-04T11:01:00,<0.196
1.0661,52.2865,2025-09-04T10:25:00,<0.196
1.1103,52.3191,2025-09-04T09:41:00,<0.196
-0.1013,53.2157,2025-01-16T09:00:00,13
-0.1013,53.2157,2025-02-10T09:38:00,12
-0.1013,53.2157,2025-03-20T08:18:00,12
-0.1013,53.2157,2025-05-09T11:09:00,8.57
-0.1013,53.2157,2025-06-03T10:41:00,6.97
-0.1013,53.2157,2025-07-04T11:24:00,2.79
-0.1013,53.2157,2025-08-22T09:04:00,3.5
-0.1013,53.2157,2025-09-11T09:26:00,3.59
-0.1013,53.2157,2025-10-14T11:12:00,4.19
-0.1013,53.2157,2025-11-12T11:14:00,11
-0.1013,53.2157,2025-12-05T11:13:00,14
0.1292,52.9491,2025-01-12T08:45:00,1.79
0.1292,52.9491,2025-02-15T15:16:00,4.27
0.1292,52.9491,2025-04-08T13:07:00,0.758
0.1292,52.9491,2025-05-01T11:31:00,0.0437
0.1292,52.9491,2025-06-10T13:27:00,0.206
0.1292,52.9491,2025-07-03T11:33:00,<0.0063
0.1292,52.9491,2025-08-13T17:00:00,0.114
0.1292,52.9491,2025-09-09T15:25:00,0.329
0.1292,52.9491,2025-10-10T14:00:00,0.0693
0.1292,52.9491,2025-11-13T12:55:00,0.36
0.1292,52.9491,2025-12-11T11:54:00,1.29
1.0034,52.3746,2025-01-29T09:07:00,15
1.0034,52.3746,2025-02-13T11:44:00,9.06
1.0034,52.3746,2025-03-07T11:18:00,9.96
1.0034,52.3746,2025-10-03T13:22:00,<0.196
1.0034,52.3746,2025-11-03T14:29:00,<0.196
1.0034,52.3746,2025-12-02T10:32:00,12.9
1.1136,52.3604,2025-01-03T11:00:00,11
1.1136,52.3604,2025-02-05T11:22:00,9.67
1.1136,52.3604,2025-03-05T11:31:00,9.65
1.1136,52.3604,2025-04-02T11:15:00,6.47
1.1136,52.3604,2025-05-23T10:52:00,7.15
1.1136,52.3604,2025-06-16T12:19:00,5.12
1.1136,52.3604,2025-07-25T12:10:00,5.65
1.1136,52.3604,2025-08-12T07:54:00,8.04
1.1136,52.3604,2025-09-05T14:26:00,2.47
1.1136,52.3604,2025-10-10T10:51:00,4.66
1.1136,52.3604,2025-11-12T08:51:00,1.18
1.1136,52.3604,2025-12-08T08:49:00,15.9
1.0997,52.372,2025-01-29T09:30:00,8.85
1.0997,52.372,2025-02-13T13:36:00,5.55
1.0997,52.372,2025-03-28T11:03:00,2.47
1.0997,52.372,2025-04-11T13:03:00,2.28
1.0997,52.372,2025-08-12T12:05:00,0.868
1.0997,52.372,2025-10-03T12:20:00,0.743
1.0997,52.372,2025-11-07T12:14:00,0.521
1.0997,52.372,2025-12-08T08:31:00,6.44
1.1378,52.4042,2025-01-14T11:04:00,15.9
1.1378,52.4042,2025-02-12T11:46:00,14.8
1.1378,52.4042,2025-03-13T12:02:00,9.06
1.1378,52.4042,2025-04-22T13:31:00,5.62
1.1378,52.4042,2025-10-21T12:17:00,3.59
1.1378,52.4042,2025-11-07T11:36:00,1.84
1.1378,52.4042,2025-12-08T08:07:00,21.9
1.1157,52.3913,2025-05-12T11:19:00,0.294
1.1157,52.3913,2025-05-27T13:36:00,<0.196
1.1157,52.3913,2025-06-05T10:54:00,<0.196
1.1157,52.3913,2025-06-16T12:34:00,<0.196
1.1157,52.3913,2025-07-29T13:13:00,0.276
1.1157,52.3913,2025-08-12T12:30:00,<0.196
1.1157,52.3913,2025-09-08T09:47:00,0.388
1.1157,52.3913,2025-09-29T11:08:00,0.196
1.1157,52.3913,2025-10-21T12:32:00,<0.196
1.1157,52.3913,2025-11-07T11:54:00,<0.196
1.1157,52.3913,2025-11-25T11:48:00,17.9
1.1157,52.3913,2025-12-08T08:19:00,17.9
1.1157,52.3913,2025-12-15T12:08:00,18.9
1.1303,52.3685,2025-01-22T12:51:00,9.96
1.1303,52.3685,2025-02-05T11:11:00,12.9
1.1303,52.3685,2025-03-28T11:34:00,4.27
1.1825,52.3599,2025-01-29T11:09:00,10.9
1.1825,52.3599,2025-02-12T12:29:00,7.63
1.1825,52.3599,2025-03-18T10:49:00,5.47
1.1825,52.3599,2025-08-06T09:44:00,0.973
1.1825,52.3599,2025-10-10T10:04:00,2.33
1.1825,52.3599,2025-11-12T08:17:00,1.53
1.1825,52.3599,2025-12-08T09:09:00,12.9
1.2837,52.3769,2025-01-14T11:43:00,16
1.2837,52.3769,2025-02-05T10:35:00,16
1.2837,52.3769,2025-03-04T11:55:00,15
1.2837,52.3769,2025-04-11T12:04:00,4.07
1.2837,52.3769,2025-05-30T11:06:00,2.39
1.2837,52.3769,2025-06-23T09:07:00,1.56
1.2837,52.3769,2025-07-14T11:44:00,1.57
1.2837,52.3769,2025-08-06T10:03:00,1.27
1.2837,52.3769,2025-09-08T10:36:00,1.17
1.2837,52.3769,2025-10-10T09:48:00,0.376
1.2837,52.3769,2025-11-07T12:59:00,2.7
1.2837,52.3769,2025-12-03T11:23:00,22
1.36,52.3774,2025-01-30T10:45:00,20
1.36,52.3774,2025-02-14T10:55:00,19
1.36,52.3774,2025-03-18T10:50:00,14
1.36,52.3774,2025-04-11T11:43:00,8.06
1.36,52.3774,2025-11-07T13:16:00,39.1
1.36,52.3774,2025-12-01T13:11:00,21
1.3566,52.4215,2025-01-14T12:31:00,10.9
1.3566,52.4215,2025-02-05T09:49:00,10.9
1.3566,52.4215,2025-03-03T12:21:00,11
1.3566,52.4215,2025-04-24T13:10:00,2.68
1.3566,52.4215,2025-08-06T10:34:00,0.944
1.3566,52.4215,2025-09-03T12:37:00,1.19
1.3566,52.4215,2025-10-01T11:11:00,1.59
1.3566,52.4215,2025-11-07T13:55:00,2.58
1.3566,52.4215,2025-12-03T10:59:00,10.9
1.3272,52.4127,2025-01-14T11:59:00,15.9
1.3272,52.4127,2025-02-05T10:06:00,15
1.3272,52.4127,2025-03-03T12:08:00,15
1.3272,52.4127,2025-04-24T13:24:00,14.9
1.3272,52.4127,2025-08-12T11:03:00,13
1.3272,52.4127,2025-09-03T12:46:00,9.65
1.3272,52.4127,2025-10-01T11:25:00,16
1.3272,52.4127,2025-11-07T13:39:00,11.7
1.3272,52.4127,2025-12-01T12:57:00,18.9
1.4231,52.4464,2025-01-14T09:47:00,10.9
1.4231,52.4464,2025-02-05T09:03:00,11.9
1.4231,52.4464,2025-03-03T11:51:00,11
1.4231,52.4464,2025-04-08T11:43:00,4.28
1.4231,52.4464,2025-10-01T10:51:00,2.19
1.4231,52.4464,2025-11-10T11:03:00,2.88
1.4231,52.4464,2025-12-01T12:35:00,11.9
1.4664,52.4769,2025-01-24T09:32:00,9.84
1.4664,52.4769,2025-02-07T11:12:00,11
1.4664,52.4769,2025-03-03T12:53:00,11
1.443,52.4565,2025-04-08T10:11:00,3.09
1.443,52.4565,2025-05-01T11:58:00,1.79
1.443,52.4565,2025-06-06T10:00:00,1.56
1.443,52.4565,2025-07-02T11:14:00,0.876
1.443,52.4565,2025-08-21T12:45:00,0.945
1.443,52.4565,2025-09-22T11:55:00,1.29
1.443,52.4565,2025-10-13T13:31:00,1.58
1.443,52.4565,2025-11-20T10:41:00,7.62
1.443,52.4565,2025-12-09T11:21:00,15.9
1.5843,52.4779,2025-01-30T11:46:00,13
1.5843,52.4779,2025-02-13T10:40:00,7.86
1.5843,52.4779,2025-03-04T12:39:00,9.97
1.5843,52.4779,2025-04-08T10:04:00,2.89
1.5843,52.4779,2025-10-21T10:41:00,1.19
1.5843,52.4779,2025-11-10T11:51:00,1.78
1.5843,52.4779,2025-12-23T10:03:00,11.9
1.6496,52.578,2025-01-10T11:58:00,2.89
1.6496,52.578,2025-04-10T15:14:00,3.99
1.6496,52.578,2025-04-29T13:30:00,0.716
1.6496,52.578,2025-06-11T13:26:00,<0.096
1.6496,52.578,2025-07-01T13:16:00,0.369
1.6496,52.578,2025-09-16T12:13:00,0.768
1.6496,52.578,2025-10-11T13:13:00,0.782
1.6496,52.578,2025-11-12T12:08:00,1.79
0.3195,51.665,2025-01-24T12:28:00,8.59
0.3195,51.665,2025-02-11T08:24:00,9.96
0.3195,51.665,2025-03-03T08:59:00,9.04
0.3195,51.665,2025-04-03T12:22:00,3.1
-0.319,52.6292,2025-01-28T08:38:00,12
-0.319,52.6292,2025-02-14T09:49:00,12
-0.319,52.6292,2025-03-07T12:10:00,12
-0.319,52.6292,2025-03-28T11:48:00,12
-0.319,52.6292,2025-11-04T11:20:00,22
-0.319,52.6292,2025-11-18T12:42:00,26
-0.319,52.6292,2025-12-05T14:57:00,27
-0.319,52.6292,2025-12-17T13:24:00,21
1.1851,52.3917,2025-09-29T10:29:00,<0.196
0.8512,52.9578,2025-04-02T11:21:00,0.295
0.8512,52.9578,2025-05-07T13:48:00,1.19
0.8512,52.9578,2025-06-05T12:05:00,3.89
0.8512,52.9578,2025-07-07T13:22:00,2.19
0.8512,52.9578,2025-08-14T11:37:00,<0.096
0.8512,52.9578,2025-09-10T11:25:00,<0.096
0.8512,52.9578,2025-10-10T11:26:00,<0.096
0.8512,52.9578,2025-11-04T10:33:00,0.809
0.8512,52.9578,2025-11-10T12:43:00,0.214
0.8512,52.9578,2025-12-01T12:03:00,3.18
-1.0256,52.4446,2025-01-31T09:34:00,4.89
-1.0256,52.4446,2025-02-18T10:52:00,6.29
-1.0256,52.4446,2025-03-06T12:48:00,6.47
-1.0256,52.4446,2025-04-23T13:25:00,9.9
-1.0256,52.4446,2025-05-09T11:35:00,9.28
-1.0256,52.4446,2025-06-12T10:09:00,11
-1.0256,52.4446,2025-07-03T10:08:00,9.79
-1.0256,52.4446,2025-08-04T12:05:00,15.6
-1.0256,52.4446,2025-11-12T12:53:00,16
-1.0256,52.4446,2025-11-17T13:58:00,11.9
-1.0256,52.4446,2025-11-25T11:07:00,12
-1.0256,52.4446,2025-12-11T11:03:00,11
-1.0256,52.4446,2025-12-15T12:16:00,9.56
-0.9758,52.471,2025-01-10T09:55:00,6.37
-0.9758,52.471,2025-02-18T11:18:00,5.98
-0.9758,52.471,2025-03-06T13:20:00,6.26
-0.9758,52.471,2025-05-09T11:19:00,5.07
-0.9758,52.471,2025-06-12T10:22:00,3.34
-0.9758,52.471,2025-07-03T10:23:00,2.05
-0.9758,52.471,2025-08-04T12:21:00,2.96
-0.9758,52.471,2025-09-01T10:43:00,2.88
-0.9758,52.471,2025-11-12T12:36:00,6.66
-0.9758,52.471,2025-11-25T10:44:00,11
-0.9758,52.471,2025-12-15T12:30:00,8.43
-0.8966,52.4876,2025-01-21T14:09:00,5.16
-0.8966,52.4876,2025-02-07T10:13:00,5.07
-0.8966,52.4876,2025-03-03T12:12:00,5.18
-0.8825,52.5036,2025-01-09T11:21:00,4.77
-0.8825,52.5036,2025-02-11T13:22:00,4.27
-0.8825,52.5036,2025-03-03T11:54:00,4.86
-0.8825,52.5036,2025-04-24T11:01:00,2.1
-0.8825,52.5036,2025-05-12T12:43:00,16.9
-0.8825,52.5036,2025-06-09T13:23:00,1.8
-0.8825,52.5036,2025-07-07T10:19:00,1.83
-0.8825,52.5036,2025-08-26T12:43:00,6.27
-0.8825,52.5036,2025-09-10T12:17:00,2.14
-0.8825,52.5036,2025-10-06T12:24:00,3.1
-0.8825,52.5036,2025-11-03T11:45:00,4.19
-0.8825,52.5036,2025-12-01T12:33:00,9.92
-0.5908,52.5873,2025-01-31T11:28:00,6.08
-0.5908,52.5873,2025-02-24T10:50:00,4.97
-0.5908,52.5873,2025-03-10T10:02:00,5.98
-0.4967,52.6425,2025-01-31T12:18:00,6.58
-0.4967,52.6425,2025-02-14T11:02:00,6.58
-0.4967,52.6425,2025-03-06T12:57:00,5.29
-0.4967,52.6425,2025-04-10T12:56:00,7.08
-0.4967,52.6425,2025-05-12T11:48:00,6.38
-0.4967,52.6425,2025-06-09T10:09:00,4.88
-0.4967,52.6425,2025-07-10T13:00:00,4.19
-0.4967,52.6425,2025-08-13T10:59:00,4.69
-0.4967,52.6425,2025-09-08T13:36:00,4.09
-0.4967,52.6425,2025-10-09T13:07:00,5.39
-0.4967,52.6425,2025-11-06T11:31:00,5.09
-0.4967,52.6425,2025-12-04T13:00:00,11
-0.3867,52.6568,2025-01-21T09:31:00,8.77
-0.3867,52.6568,2025-02-05T11:30:00,8.07
-0.3867,52.6568,2025-03-10T12:22:00,9.55
-0.3867,52.6568,2025-04-25T12:54:00,7.64
-0.3867,52.6568,2025-05-13T11:56:00,7.21
-0.3867,52.6568,2025-06-05T11:40:00,5.95
-0.3867,52.6568,2025-07-08T11:15:00,4.67
-0.3867,52.6568,2025-08-04T14:35:00,5.97
-0.3867,52.6568,2025-09-02T10:57:00,4.98
-0.3867,52.6568,2025-10-08T14:16:00,5.47
-0.3867,52.6568,2025-11-06T12:25:00,5.27
-0.3867,52.6568,2025-12-05T12:43:00,9.96
-0.2702,52.6593,2025-01-08T10:56:00,7.48
-0.2702,52.6593,2025-02-14T11:33:00,8.48
-0.2702,52.6593,2025-03-13T10:40:00,8.38
-0.2702,52.6593,2025-10-10T13:14:00,4.68
-0.2702,52.6593,2025-11-04T12:19:00,11.9
-0.2702,52.6593,2025-12-03T11:45:00,12
-0.2638,52.6544,2025-01-08T11:22:00,7.46
-0.2638,52.6544,2025-02-14T10:31:00,8.86
-0.2638,52.6544,2025-03-13T10:29:00,9.06
-0.2638,52.6544,2025-10-10T13:04:00,6.56
-0.2638,52.6544,2025-11-04T12:44:00,6.75
-0.2638,52.6544,2025-12-03T11:46:00,12
-0.1828,52.6797,2025-01-08T11:41:00,5.28
-0.1828,52.6797,2025-01-23T10:32:00,8.86
-0.1828,52.6797,2025-02-13T13:35:00,6.87
-0.1828,52.6797,2025-02-13T13:37:00,6.77
-0.1828,52.6797,2025-03-10T10:40:00,7.17
-0.1828,52.6797,2025-03-10T10:08:00,7.07
-0.1828,52.6797,2025-04-16T11:39:00,6.82
-0.1828,52.6797,2025-05-13T09:09:00,5.62
-0.1828,52.6797,2025-06-10T10:32:00,4.61
-0.1828,52.6797,2025-07-14T12:14:00,2.91
-0.1828,52.6797,2025-08-22T13:42:00,3.04
-0.1828,52.6797,2025-09-16T10:36:00,4.04
-0.1828,52.6797,2025-10-29T09:50:00,5.43
-0.1828,52.6797,2025-11-19T10:13:00,10.9
-0.1828,52.6797,2025-12-12T12:15:00,9.46
-0.1355,52.7998,2025-01-23T11:08:00,8.55
-0.1355,52.7998,2025-02-20T08:35:00,7.46
-0.1355,52.7998,2025-03-24T12:06:00,7.87
-0.1355,52.7998,2025-04-16T14:15:00,6.34
-0.1355,52.7998,2025-05-21T11:06:00,3.65
-0.1355,52.7998,2025-05-22T09:33:00,3.55
-0.1355,52.7998,2025-06-13T08:55:00,2.52
-0.1355,52.7998,2025-06-25T11:43:00,1.45
-0.1355,52.7998,2025-07-08T13:05:00,0.601
-0.1355,52.7998,2025-07-25T09:08:00,0.72
-0.1355,52.7998,2025-08-14T10:02:00,0.76
-0.1355,52.7998,2025-08-22T09:19:00,0.56
-0.1355,52.7998,2025-08-29T11:53:00,1.01
-0.1355,52.7998,2025-09-11T12:18:00,0.84
-0.1355,52.7998,2025-09-26T12:36:00,0.677
-0.1355,52.7998,2025-10-17T12:44:00,1.56
-0.1355,52.7998,2025-11-12T13:24:00,4.18
-0.1355,52.7998,2025-11-27T10:37:00,10.9
-0.1355,52.7998,2025-12-10T10:05:00,9.94
-0.1355,52.7998,2025-12-16T12:09:00,9.53
0.7691,52.8172,2025-01-03T11:18:00,9.68
0.7691,52.8172,2025-01-09T10:47:00,9.48
0.7691,52.8172,2025-01-15T11:15:00,9.97
0.7691,52.8172,2025-01-22T11:05:00,9.98
0.7691,52.8172,2025-01-29T10:44:00,8.57
0.7691,52.8172,2025-02-05T10:28:00,9.98
0.7691,52.8172,2025-02-12T10:28:00,9.98
0.7691,52.8172,2025-02-19T11:32:00,11
0.7691,52.8172,2025-02-25T11:21:00,9.78
0.7691,52.8172,2025-03-05T10:01:00,9.99
0.7691,52.8172,2025-03-12T11:51:00,9.99
0.7691,52.8172,2025-03-19T11:35:00,11
0.7691,52.8172,2025-03-27T11:10:00,9.99
0.7691,52.8172,2025-04-02T13:57:00,9.99
0.7691,52.8172,2025-04-08T11:20:00,9.98
0.7691,52.8172,2025-04-15T11:05:00,9.38
0.7691,52.8172,2025-04-23T12:59:00,9.99
0.7691,52.8172,2025-05-01T12:30:00,9.79
0.7691,52.8172,2025-05-08T10:42:00,9.69
0.7691,52.8172,2025-05-15T10:38:00,9.99
0.7691,52.8172,2025-05-22T11:08:00,9.88
0.7691,52.8172,2025-05-30T11:18:00,8.67
0.7691,52.8172,2025-06-03T10:40:00,9.28
0.7691,52.8172,2025-06-10T10:52:00,8.88
0.7691,52.8172,2025-06-18T10:41:00,8.98
0.7691,52.8172,2025-06-26T10:59:00,8.98
0.7691,52.8172,2025-07-02T10:43:00,8.58
0.7691,52.8172,2025-07-08T10:30:00,8.98
0.7691,52.8172,2025-07-17T11:38:00,8.38
0.7691,52.8172,2025-07-22T10:10:00,7.18
0.7691,52.8172,2025-08-06T10:43:00,8.08
0.7691,52.8172,2025-08-12T10:57:00,8.08
0.7691,52.8172,2025-08-21T09:22:00,8.38
0.7691,52.8172,2025-08-26T12:21:00,8.28
0.7691,52.8172,2025-09-02T12:38:00,7.98
0.7691,52.8172,2025-09-11T10:19:00,7.78
0.7691,52.8172,2025-09-16T10:06:00,6.39
0.7691,52.8172,2025-09-24T10:17:00,7.89
0.7691,52.8172,2025-10-01T10:26:00,7.89
0.7691,52.8172,2025-10-07T10:42:00,7.38
0.7691,52.8172,2025-10-14T11:07:00,7.79
0.7691,52.8172,2025-10-24T10:45:00,5.99
0.7691,52.8172,2025-10-29T10:45:00,7.09
0.7691,52.8172,2025-11-06T10:45:00,6.58
0.7691,52.8172,2025-11-14T11:25:00,5.69
0.7691,52.8172,2025-11-18T10:59:00,5.59
0.7691,52.8172,2025-11-25T11:52:00,5.39
0.7691,52.8172,2025-12-03T10:51:00,6.19
0.7691,52.8172,2025-12-09T11:14:00,5.29
0.7691,52.8172,2025-12-17T12:45:00,6.89
0.7691,52.8172,2025-12-23T11:05:00,7.09
0.7773,52.8062,2025-01-03T11:25:00,9.88
0.7773,52.8062,2025-01-09T10:54:00,9.68
0.7773,52.8062,2025-01-15T11:24:00,9.98
0.7773,52.8062,2025-01-22T11:23:00,9.99
0.7773,52.8062,2025-01-29T10:51:00,8.78
0.7773,52.8062,2025-02-05T10:39:00,9.99
0.7773,52.8062,2025-02-12T10:35:00,9.69
0.7773,52.8062,2025-02-19T11:33:00,9.99
0.7773,52.8062,2025-02-25T11:28:00,9.58
0.7773,52.8062,2025-03-05T10:12:00,9.99
0.7773,52.8062,2025-03-12T11:58:00,9.99
0.7773,52.8062,2025-03-19T11:52:00,9.99
0.7773,52.8062,2025-03-27T11:18:00,9.99
0.7773,52.8062,2025-04-02T14:05:00,9.98
0.7773,52.8062,2025-04-08T11:30:00,9.98
0.7773,52.8062,2025-04-15T11:17:00,8.88
0.7773,52.8062,2025-04-23T13:36:00,9.08
0.7773,52.8062,2025-05-01T13:26:00,9.28
0.7773,52.8062,2025-05-08T10:50:00,9.48
0.7773,52.8062,2025-05-15T10:51:00,9.48
0.7773,52.8062,2025-05-22T11:51:00,9.48
0.7773,52.8062,2025-05-30T11:33:00,8.36
0.7773,52.8062,2025-06-03T10:53:00,9.27
0.7773,52.8062,2025-06-10T11:01:00,8.97
0.7773,52.8062,2025-06-18T10:52:00,9.17
0.7773,52.8062,2025-06-26T11:07:00,9.27
0.7773,52.8062,2025-07-02T10:52:00,9.48
0.7773,52.8062,2025-07-08T10:38:00,9.68
0.7773,52.8062,2025-07-17T11:45:00,9.49
0.7773,52.8062,2025-07-22T10:19:00,8.69
0.7773,52.8062,2025-08-06T10:51:00,9.29
0.7773,52.8062,2025-08-12T11:06:00,9.28
0.7773,52.8062,2025-08-21T09:31:00,9.39
0.7773,52.8062,2025-08-26T12:09:00,9.29
0.7773,52.8062,2025-09-02T12:46:00,9.39
0.7773,52.8062,2025-09-11T10:26:00,8.89
0.7773,52.8062,2025-09-16T10:53:00,8.89
0.7773,52.8062,2025-09-24T10:25:00,9.6
0.7773,52.8062,2025-10-01T10:35:00,9.59
0.7773,52.8062,2025-10-07T10:49:00,8.28
0.7773,52.8062,2025-10-14T11:16:00,8.69
0.7773,52.8062,2025-10-24T10:52:00,7.28
0.7773,52.8062,2025-10-29T10:53:00,8.39
0.7773,52.8062,2025-11-06T10:53:00,8.18
0.7773,52.8062,2025-11-14T11:34:00,6.29
0.7773,52.8062,2025-11-18T11:11:00,7.38
0.7773,52.8062,2025-11-25T11:59:00,13
0.7773,52.8062,2025-12-03T10:59:00,9.97
0.7773,52.8062,2025-12-09T11:22:00,9.98
0.7773,52.8062,2025-12-17T12:52:00,9.68
0.7773,52.8062,2025-12-23T11:12:00,11
0.809,52.8379,2025-01-03T11:07:00,9.98
0.809,52.8379,2025-01-09T10:36:00,9.28
0.809,52.8379,2025-01-15T10:35:00,9.98
0.809,52.8379,2025-01-22T11:25:00,11
0.809,52.8379,2025-01-29T10:34:00,7.68
0.809,52.8379,2025-02-05T09:42:00,11
0.809,52.8379,2025-02-12T10:17:00,11
0.809,52.8379,2025-02-19T10:30:00,11
0.809,52.8379,2025-02-25T11:11:00,9.88
0.809,52.8379,2025-03-05T09:48:00,11
0.809,52.8379,2025-03-12T11:41:00,11
0.809,52.8379,2025-03-19T11:24:00,11
0.809,52.8379,2025-03-27T10:54:00,11
0.809,52.8379,2025-04-02T13:47:00,11
0.809,52.8379,2025-04-08T11:08:00,11
0.809,52.8379,2025-04-15T10:53:00,9.98
0.809,52.8379,2025-04-23T12:47:00,11
0.809,52.8379,2025-05-01T12:10:00,9.98
0.809,52.8379,2025-05-08T09:33:00,11
0.809,52.8379,2025-05-15T10:33:00,11
0.809,52.8379,2025-05-22T10:51:00,11
0.809,52.8379,2025-05-30T10:57:00,8.97
0.809,52.8379,2025-06-03T10:23:00,9.98
0.809,52.8379,2025-06-10T10:34:00,9.38
0.809,52.8379,2025-06-18T10:22:00,9.87
0.809,52.8379,2025-06-26T10:48:00,9.77
0.809,52.8379,2025-07-02T10:32:00,9.57
0.809,52.8379,2025-07-08T10:18:00,9.98
0.809,52.8379,2025-07-17T11:28:00,9.48
0.809,52.8379,2025-07-22T09:46:00,9.47
0.809,52.8379,2025-08-06T10:31:00,9.28
0.809,52.8379,2025-08-12T10:45:00,9.78
0.809,52.8379,2025-08-21T09:05:00,9.98
0.809,52.8379,2025-08-26T12:45:00,9.49
0.809,52.8379,2025-09-02T12:26:00,9.29
0.809,52.8379,2025-09-11T10:08:00,9.89
0.809,52.8379,2025-09-16T09:55:00,8.49
0.809,52.8379,2025-09-24T10:06:00,9.39
0.809,52.8379,2025-10-01T10:13:00,9.99
0.809,52.8379,2025-10-07T10:25:00,9.28
0.809,52.8379,2025-10-14T10:55:00,9.49
0.809,52.8379,2025-10-24T10:33:00,8.09
0.809,52.8379,2025-10-29T10:35:00,8.29
0.809,52.8379,2025-11-06T10:33:00,9.48
0.809,52.8379,2025-11-14T11:08:00,8.29
0.809,52.8379,2025-11-18T10:47:00,8.09
0.809,52.8379,2025-11-25T11:41:00,9.78
0.809,52.8379,2025-12-03T10:39:00,9.59
0.809,52.8379,2025-12-09T11:01:00,8.99
0.809,52.8379,2025-12-17T12:34:00,9.79
0.809,52.8379,2025-12-23T10:53:00,11
0.8396,52.8301,2025-01-21T10:25:00,9.98
0.8396,52.8301,2025-02-05T10:22:00,9.88
0.8396,52.8301,2025-03-07T10:03:00,9.78
0.8396,52.8301,2025-04-04T09:57:00,9.99
0.8396,52.8301,2025-08-13T11:34:00,7.99
0.8396,52.8301,2025-09-10T09:44:00,8.29
0.8396,52.8301,2025-10-10T10:07:00,8.29
0.8396,52.8301,2025-11-07T11:36:00,7.79
0.8396,52.8301,2025-12-01T10:36:00,8.59
0.9125,52.8084,2025-01-22T11:50:00,9.67
0.9125,52.8084,2025-03-06T10:30:00,9.39
0.9892,52.7804,2025-01-07T10:42:00,7.38
0.9892,52.7804,2025-02-05T10:48:00,5.68
0.9892,52.7804,2025-03-04T11:50:00,5.77
0.9392,52.667,2025-01-28T11:17:00,1.35
0.9392,52.667,2025-08-04T12:53:00,0.918
0.9392,52.667,2025-10-20T11:32:00,2.1
0.9914,52.7264,2025-01-03T11:55:00,7.17
0.9914,52.7264,2025-01-09T11:24:00,7.07
0.9914,52.7264,2025-01-15T12:01:00,7.77
0.9914,52.7264,2025-01-22T12:25:00,7.68
0.9914,52.7264,2025-01-29T11:20:00,6.97
0.9914,52.7264,2025-02-05T11:12:00,7.58
0.9914,52.7264,2025-02-12T11:05:00,7.37
0.9914,52.7264,2025-02-19T11:36:00,7.48
0.9914,52.7264,2025-02-25T11:56:00,7.07
0.9914,52.7264,2025-03-05T10:43:00,7.08
0.9914,52.7264,2025-03-12T12:35:00,7.28
0.9914,52.7264,2025-03-19T14:18:00,7.28
0.9914,52.7264,2025-03-27T12:05:00,7.19
0.9914,52.7264,2025-04-02T14:32:00,7.19
0.9914,52.7264,2025-04-08T12:01:00,7.49
0.9914,52.7264,2025-04-15T10:54:00,7.18
0.9914,52.7264,2025-04-23T14:13:00,6.98
0.9914,52.7264,2025-05-01T13:40:00,6.48
0.9914,52.7264,2025-05-08T11:19:00,7.18
0.9914,52.7264,2025-05-15T11:28:00,6.98
0.9914,52.7264,2025-05-22T11:57:00,7.08
0.9914,52.7264,2025-05-30T10:52:00,4.87
0.9914,52.7264,2025-06-03T11:28:00,5.98
0.9914,52.7264,2025-06-10T11:56:00,5.79
0.9914,52.7264,2025-06-18T11:23:00,5.38
0.9914,52.7264,2025-06-26T11:35:00,6.08
0.9914,52.7264,2025-07-02T11:23:00,5.68
0.9914,52.7264,2025-07-08T11:08:00,6.49
0.9914,52.7264,2025-07-17T12:18:00,6.29
0.9914,52.7264,2025-07-22T10:48:00,6.08
0.9914,52.7264,2025-08-06T11:19:00,5.59
0.9914,52.7264,2025-08-12T11:46:00,6.09
0.9914,52.7264,2025-08-21T10:12:00,6.69
0.9914,52.7264,2025-08-26T11:27:00,6.39
0.9914,52.7264,2025-09-02T13:24:00,5.19
0.9914,52.7264,2025-09-11T11:02:00,5.89
0.9914,52.7264,2025-09-16T10:59:00,6.79
0.9914,52.7264,2025-09-24T10:54:00,6.09
0.9914,52.7264,2025-10-01T11:04:00,6.09
0.9914,52.7264,2025-10-07T11:19:00,5.48
0.9914,52.7264,2025-10-14T11:48:00,6.39
0.9914,52.7264,2025-10-24T11:31:00,6.38
0.9914,52.7264,2025-10-29T12:19:00,6.28
0.9914,52.7264,2025-11-06T11:44:00,5.78
0.9914,52.7264,2025-11-14T12:08:00,5.29
0.9914,52.7264,2025-11-18T11:39:00,5.58
0.9914,52.7264,2025-11-25T12:36:00,7.57
0.9914,52.7264,2025-12-03T11:31:00,7.27
0.9914,52.7264,2025-12-09T11:51:00,8.17
0.9914,52.7264,2025-12-17T13:22:00,7.17
0.9914,52.7264,2025-12-23T11:44:00,7.87
1.0662,52.7183,2025-01-22T12:41:00,8.17
1.0662,52.7183,2025-02-05T13:42:00,7.58
1.0662,52.7183,2025-03-11T12:46:00,7.47
1.0662,52.7183,2025-04-02T09:53:00,7.38
1.0662,52.7183,2025-08-05T09:16:00,5.19
1.0662,52.7183,2025-09-04T12:51:00,5.47
1.0662,52.7183,2025-10-27T10:30:00,5.37
1.0662,52.7183,2025-11-13T11:31:00,6.47
1.0662,52.7183,2025-12-02T12:38:00,7.25
1.1192,52.7251,2025-01-03T12:11:00,7.16
1.1192,52.7251,2025-01-09T11:39:00,6.87
1.1192,52.7251,2025-01-15T12:22:00,7.67
1.1192,52.7251,2025-01-22T12:58:00,7.77
1.1192,52.7251,2025-01-29T11:36:00,7.07
1.1192,52.7251,2025-02-05T11:38:00,7.47
1.1192,52.7251,2025-02-12T11:29:00,7.77
1.1192,52.7251,2025-02-19T11:31:00,7.08
1.1192,52.7251,2025-02-25T12:12:00,6.87
1.1192,52.7251,2025-03-05T11:02:00,7.08
1.1192,52.7251,2025-03-12T12:58:00,7.28
1.1192,52.7251,2025-03-19T12:59:00,7.58
1.1192,52.7251,2025-03-27T12:34:00,7.49
1.1192,52.7251,2025-04-02T14:51:00,7.28
1.1192,52.7251,2025-04-08T12:20:00,7.29
1.1192,52.7251,2025-04-15T11:56:00,6.68
1.1192,52.7251,2025-04-23T11:45:00,6.48
1.1192,52.7251,2025-05-01T13:48:00,6.38
1.1192,52.7251,2025-05-08T11:34:00,6.68
1.1192,52.7251,2025-05-15T11:49:00,6.37
1.1192,52.7251,2025-05-22T12:21:00,6.58
1.1192,52.7251,2025-05-30T12:11:00,6.07
1.1192,52.7251,2025-06-03T12:06:00,5.08
1.1192,52.7251,2025-06-10T12:20:00,5.79
1.1192,52.7251,2025-06-18T11:40:00,5.48
1.1192,52.7251,2025-06-26T12:03:00,4.99
1.1192,52.7251,2025-07-02T11:38:00,4.98
1.1192,52.7251,2025-07-08T11:27:00,5.49
1.1192,52.7251,2025-07-17T12:40:00,5.29
1.1192,52.7251,2025-07-22T11:08:00,5.18
1.1192,52.7251,2025-08-06T11:38:00,4.79
1.1192,52.7251,2025-08-06T11:39:00,4.79
1.1192,52.7251,2025-08-12T12:01:00,5.09
1.1192,52.7251,2025-08-21T10:32:00,5.79
1.1192,52.7251,2025-09-05T10:06:00,5.38
1.1192,52.7251,2025-09-11T11:19:00,5.09
1.1192,52.7251,2025-09-16T11:15:00,6.08
1.1192,52.7251,2025-09-24T11:09:00,5.09
1.1192,52.7251,2025-10-01T11:21:00,6.49
1.1192,52.7251,2025-10-07T11:36:00,6.68
1.1192,52.7251,2025-10-14T12:05:00,6.18
1.1192,52.7251,2025-10-24T11:54:00,5.97
1.1192,52.7251,2025-10-29T12:34:00,5.68
1.1192,52.7251,2025-11-06T12:04:00,5.38
1.1192,52.7251,2025-11-14T12:26:00,5.88
1.1192,52.7251,2025-11-18T11:55:00,5.67
1.1192,52.7251,2025-11-25T12:55:00,7.67
1.1192,52.7251,2025-12-03T11:53:00,7.05
1.1192,52.7251,2025-12-09T12:06:00,7.46
1.1192,52.7251,2025-12-17T13:39:00,7.17
1.1192,52.7251,2025-12-23T12:04:00,7.77
1.1405,52.716,2025-01-07T11:20:00,6.97
1.1405,52.716,2025-02-11T10:23:00,7.17
1.1405,52.716,2025-03-03T10:06:00,7.28
1.1405,52.716,2025-10-09T14:38:00,5.19
1.1405,52.716,2025-11-13T12:04:00,5.58
1.1405,52.716,2025-12-02T13:01:00,6.46
1.1938,52.6775,2025-01-24T12:03:00,6.97
1.1938,52.6775,2025-02-07T09:07:00,7.48
1.1938,52.6775,2025-03-03T09:15:00,6.98
1.1938,52.6775,2025-04-02T08:54:00,6.49
1.2589,52.6384,2025-01-03T13:21:00,6.77
1.2589,52.6384,2025-01-09T12:51:00,6.57
1.2589,52.6384,2025-01-15T13:30:00,7.37
1.2589,52.6384,2025-01-22T13:53:00,7.47
1.2589,52.6384,2025-01-22T13:51:00,7.27
1.2589,52.6384,2025-01-29T12:32:00,6.77
1.2589,52.6384,2025-02-05T12:23:00,7.28
1.2589,52.6384,2025-02-05T12:24:00,7.28
1.2589,52.6384,2025-02-12T12:07:00,7.07
1.2589,52.6384,2025-02-19T13:12:00,7.08
1.2589,52.6384,2025-02-25T13:08:00,6.38
1.2589,52.6384,2025-03-05T11:52:00,6.69
1.2589,52.6384,2025-03-05T11:54:00,6.78
1.2589,52.6384,2025-03-12T13:37:00,6.98
1.2589,52.6384,2025-03-19T13:50:00,7.09
1.2589,52.6384,2025-03-27T13:24:00,6.99
1.2589,52.6384,2025-04-02T15:49:00,7.09
1.2589,52.6384,2025-04-08T13:01:00,6.79
1.2589,52.6384,2025-04-15T13:16:00,6.18
1.2589,52.6384,2025-04-23T15:05:00,6.19
1.2589,52.6384,2025-05-01T14:45:00,6.08
1.2589,52.6384,2025-05-08T12:23:00,6.09
1.2589,52.6384,2025-05-15T12:39:00,6.08
1.2589,52.6384,2025-05-22T13:31:00,6.28
1.2589,52.6384,2025-05-30T13:05:00,5.48
1.2589,52.6384,2025-06-03T16:19:00,4.38
1.2589,52.6384,2025-06-10T13:20:00,5.19
1.2589,52.6384,2025-06-18T12:21:00,4.48
1.2589,52.6384,2025-06-26T12:50:00,4.48
1.2589,52.6384,2025-07-02T13:07:00,4.38
1.2589,52.6384,2025-07-08T12:24:00,4.49
1.2589,52.6384,2025-07-17T13:20:00,4.38
1.2589,52.6384,2025-07-22T12:10:00,3.98
1.2589,52.6384,2025-08-06T12:47:00,4.89
1.2589,52.6384,2025-08-12T12:48:00,4.49
1.2589,52.6384,2025-08-21T14:06:00,4.99
1.2589,52.6384,2025-08-26T09:59:00,5.59
1.2589,52.6384,2025-09-02T14:27:00,5.59
1.2589,52.6384,2025-09-11T12:08:00,4.49
1.2589,52.6384,2025-09-16T12:06:00,5.39
1.2589,52.6384,2025-09-24T12:09:00,4.89
1.2589,52.6384,2025-10-01T12:21:00,5.99
1.2589,52.6384,2025-10-07T13:15:00,5.79
1.2589,52.6384,2025-10-14T12:40:00,5.59
1.2589,52.6384,2025-10-24T12:56:00,5.79
1.2589,52.6384,2025-10-29T13:52:00,5.29
1.2589,52.6384,2025-11-06T13:48:00,5.89
1.2589,52.6384,2025-11-14T13:03:00,4.99
1.2589,52.6384,2025-11-18T12:46:00,6.57
1.2589,52.6384,2025-11-25T13:56:00,7.17
1.2589,52.6384,2025-12-03T12:46:00,6.47
1.2589,52.6384,2025-12-09T13:04:00,6.88
1.2589,52.6384,2025-12-17T14:29:00,6.78
1.2589,52.6384,2025-12-23T12:48:00,7.38
1.2813,52.6414,2025-01-07T13:52:00,6.67
1.2813,52.6414,2025-02-05T14:28:00,7.18
1.2813,52.6414,2025-03-04T12:45:00,6.69
1.2813,52.6414,2025-10-13T11:03:00,5.29
1.2813,52.6414,2025-11-03T12:52:00,5.49
1.2813,52.6414,2025-12-05T11:42:00,6.88
1.2886,52.6338,2025-01-02T15:00:00,6.97
1.2886,52.6338,2025-02-05T14:42:00,7.18
1.2886,52.6338,2025-03-06T10:13:00,7.09
1.2886,52.6338,2025-10-13T11:20:00,5.19
1.2886,52.6338,2025-11-20T13:56:00,5.58
1.2886,52.6338,2025-12-04T14:39:00,6.97
1.3004,52.6343,2025-01-07T14:06:00,6.67
1.3004,52.6343,2025-02-07T13:10:00,7.68
1.3004,52.6343,2025-03-03T13:39:00,6.69
1.3004,52.6343,2025-10-02T09:43:00,6.18
1.3004,52.6343,2025-11-10T09:53:00,5.38
1.3004,52.6343,2025-12-05T11:58:00,6.87
1.3086,52.6339,2025-04-02T10:13:00,6.79
1.3086,52.6339,2025-05-02T10:01:00,6.28
1.3086,52.6339,2025-06-06T11:08:00,4.58
1.3086,52.6339,2025-07-02T10:18:00,4.26
1.3086,52.6339,2025-08-13T14:40:00,4.57
1.3086,52.6339,2025-09-22T14:38:00,5.48
1.3086,52.6339,2025-10-13T12:05:00,5.48
1.3086,52.6339,2025-11-20T09:30:00,5.08
1.3086,52.6339,2025-12-09T12:58:00,6.17
1.324,52.6221,2025-11-25T14:27:00,11
1.324,52.6221,2025-12-09T09:41:00,7.37
1.5711,52.2122,2025-02-18T11:44:00,35
1.5711,52.2122,2025-07-11T12:46:00,21
-0.264,52.6179,2025-01-14T14:22:00,9.57
-0.264,52.6179,2025-02-13T14:00:00,9.98
-0.264,52.6179,2025-03-10T11:19:00,7.44
-0.264,52.6179,2025-04-11T09:38:00,4.93
-0.264,52.6179,2025-05-09T12:00:00,3.64
-0.264,52.6179,2025-06-06T11:37:00,1.07
-0.264,52.6179,2025-07-15T13:21:00,0.378
-0.264,52.6179,2025-08-05T11:32:00,1.19
-0.264,52.6179,2025-09-02T14:03:00,1.57
-0.264,52.6179,2025-10-08T15:08:00,2.05
-0.264,52.6179,2025-11-05T12:19:00,2.03
-0.264,52.6179,2025-12-11T10:13:00,20
1.5421,52.6371,2025-06-30T12:06:00,6.7
1.5421,52.6371,2025-07-22T10:53:00,6.7
1.2233,51.9992,2025-01-31T13:47:00,0.936
1.2233,51.9992,2025-03-16T10:55:00,0.616
1.2233,51.9992,2025-04-11T12:21:00,0.419
1.2233,51.9992,2025-05-03T11:43:00,0.465
1.2233,51.9992,2025-06-03T12:32:00,0.225
1.2233,51.9992,2025-07-04T11:35:00,0.167
1.2233,51.9992,2025-08-08T10:19:00,0.179
1.2233,51.9992,2025-09-11T13:09:00,0.202
1.2233,51.9992,2025-11-08T11:34:00,0.354
1.2233,51.9992,2025-12-10T13:08:00,0.63
0.0028,52.8125,2025-01-24T10:12:00,0.546
0.0028,52.8125,2025-02-10T12:26:00,0.266
0.0028,52.8125,2025-03-04T11:59:00,0.668
0.3078,53.2173,2025-01-07T09:24:00,5.39
0.3078,53.2173,2025-02-14T10:01:00,6.78
0.3078,53.2173,2025-03-07T08:21:00,6.18
0.3078,53.2173,2025-05-15T08:42:00,2.75
0.3078,53.2173,2025-06-03T08:22:00,1.77
0.3078,53.2173,2025-07-24T08:07:00,1.05
0.3078,53.2173,2025-08-06T09:21:00,0.984
0.3078,53.2173,2025-09-01T12:57:00,1.19
0.3078,53.2173,2025-10-17T10:28:00,1.49
0.3078,53.2173,2025-11-07T08:14:00,1.68
0.3078,53.2173,2025-12-05T09:32:00,15
-1.0538,52.2919,2025-01-13T10:25:00,11
-1.0538,52.2919,2025-02-12T11:05:00,7.38
-1.0538,52.2919,2025-03-05T11:48:00,9.57
-1.0538,52.2919,2025-04-22T10:52:00,11.9
-1.0538,52.2919,2025-10-03T11:13:00,1.25
-1.0538,52.2919,2025-11-04T13:03:00,1.25
-1.0538,52.2919,2025-12-12T11:08:00,8.87
-1.1246,52.285,2025-01-03T12:07:00,4.57
-1.1246,52.285,2025-02-12T11:24:00,4.27
-1.1246,52.285,2025-03-05T12:06:00,3.97
-1.1246,52.285,2025-04-10T13:02:00,5.67
-1.1246,52.285,2025-10-03T10:41:00,3.74
-1.1246,52.285,2025-11-04T12:04:00,1.36
-1.1246,52.285,2025-12-12T10:44:00,6.67
-1.074,52.2339,2025-02-12T11:53:00,7.86
-1.074,52.2339,2025-02-27T13:56:00,6.68
-1.074,52.2339,2025-03-14T11:59:00,8.96
-1.074,52.2339,2025-03-31T10:59:00,9.94
-1.074,52.2339,2025-05-07T11:30:00,14.9
-1.074,52.2339,2025-06-04T15:17:00,11.9
-1.074,52.2339,2025-07-07T14:29:00,10.9
-1.074,52.2339,2025-08-04T12:49:00,11
-1.074,52.2339,2025-09-08T11:32:00,11.7
-1.074,52.2339,2025-10-10T12:11:00,15
-1.074,52.2339,2025-11-04T11:00:00,13
-1.074,52.2339,2025-12-12T11:23:00,11
0.6476,51.7733,2025-04-07T08:10:00,7.7
0.6476,51.7733,2025-10-03T12:30:00,7.7
-0.3291,52.8638,2025-11-18T12:01:00,<0.196
-0.6532,52.4927,2025-01-02T10:20:00,7.74
-0.6532,52.4927,2025-02-04T11:25:00,24
-0.6532,52.4927,2025-03-06T10:53:00,28
-0.6532,52.4927,2025-04-22T13:39:00,32
-0.6532,52.4927,2025-05-09T14:34:00,42
-0.6532,52.4927,2025-06-25T09:41:00,41
-0.6532,52.4927,2025-07-11T13:17:00,42
-0.6532,52.4927,2025-08-26T09:07:00,36
-0.6532,52.4927,2025-09-09T10:42:00,36
-0.6532,52.4927,2025-10-09T10:48:00,40
-0.6532,52.4927,2025-11-03T09:22:00,20
-0.6532,52.4927,2025-12-02T09:04:00,16
-0.4351,52.5288,2025-01-27T08:35:00,9.86
-0.4351,52.5288,2025-02-14T08:57:00,9.67
-0.4351,52.5288,2025-03-14T08:06:00,8.28
-0.4351,52.5288,2025-04-10T08:42:00,8.67
-0.4351,52.5288,2025-05-02T08:45:00,9.06
-0.4351,52.5288,2025-06-09T14:51:00,8.97
-0.4351,52.5288,2025-07-07T14:20:00,7.48
-0.4351,52.5288,2025-08-05T15:31:00,7.89
-0.4351,52.5288,2025-09-04T09:58:00,9.59
-0.4351,52.5288,2025-10-10T09:54:00,11
-0.4351,52.5288,2025-11-07T08:54:00,12
-0.4351,52.5288,2025-12-04T09:07:00,11.9
-0.6064,52.5204,2025-01-02T10:41:00,3.09
-0.6064,52.5204,2025-02-17T13:58:00,4.27
-0.6064,52.5204,2025-03-10T09:42:00,7.28
-0.6064,52.5204,2025-04-25T09:48:00,5.08
-0.6064,52.5204,2025-05-12T10:44:00,8.36
-0.6064,52.5204,2025-06-04T12:24:00,3.19
-0.6064,52.5204,2025-07-11T13:45:00,3.3
-0.6064,52.5204,2025-08-12T11:33:00,4.79
-0.6064,52.5204,2025-09-05T08:48:00,0.886
-0.6064,52.5204,2025-10-09T09:46:00,1.4
-0.6064,52.5204,2025-11-18T10:14:00,2.87
-0.6064,52.5204,2025-12-03T09:26:00,3.37
-0.675,52.4882,2025-01-28T11:05:00,3.26
-0.675,52.4882,2025-02-14T11:39:00,4.77
-0.675,52.4882,2025-03-07T09:29:00,4.05
-0.675,52.4882,2025-04-11T10:25:00,2.53
-0.675,52.4882,2025-05-01T10:38:00,1.84
-0.675,52.4882,2025-06-04T12:54:00,0.749
-0.675,52.4882,2025-07-10T09:27:00,1.08
-0.675,52.4882,2025-08-12T11:07:00,1.08
-0.675,52.4882,2025-09-05T09:09:00,0.882
-0.675,52.4882,2025-10-06T10:07:00,0.966
-0.675,52.4882,2025-11-03T09:38:00,1.56
-0.675,52.4882,2025-12-02T09:17:00,6.93
-0.5933,52.5164,2025-01-02T10:13:00,6.44
-0.5933,52.5164,2025-02-04T11:08:00,17
-0.5933,52.5164,2025-03-03T08:59:00,17
-0.5933,52.5164,2025-04-25T09:33:00,23
-0.5933,52.5164,2025-05-12T10:13:00,30
-0.5933,52.5164,2025-06-04T12:38:00,28
-0.5933,52.5164,2025-07-07T09:08:00,15
-0.5933,52.5164,2025-08-26T08:34:00,34
-0.5933,52.5164,2025-09-09T10:20:00,25
-0.5933,52.5164,2025-10-09T09:30:00,35
-0.5933,52.5164,2025-11-12T09:36:00,14
-0.5933,52.5164,2025-12-03T09:16:00,15
-0.5104,52.9779,2025-01-24T11:26:00,14.9
-0.6253,52.8319,2025-01-22T12:58:00,12
-0.6253,52.8319,2025-02-14T11:26:00,11
-0.6253,52.8319,2025-03-05T10:48:00,11
-0.6253,52.8319,2025-04-04T11:01:00,12
-0.6253,52.8319,2025-08-12T11:50:00,8.19
-0.6253,52.8319,2025-09-04T12:04:00,7.09
-0.6253,52.8319,2025-10-21T13:12:00,11.9
-0.6253,52.8319,2025-11-03T11:19:00,11
-0.6253,52.8319,2025-12-08T09:55:00,11
-0.6213,52.8362,2025-01-22T12:44:00,12
-0.6213,52.8362,2025-02-18T13:08:00,11
-0.6213,52.8362,2025-03-05T10:20:00,11
-0.6213,52.8362,2025-05-07T10:53:00,12.9
-0.6213,52.8362,2025-06-25T12:36:00,11
-0.6213,52.8362,2025-07-23T10:43:00,8.78
-0.6213,52.8362,2025-08-12T11:38:00,8.09
-0.6213,52.8362,2025-09-08T12:00:00,7.79
-0.6213,52.8362,2025-10-01T12:11:00,7.3
-0.6213,52.8362,2025-11-03T11:35:00,11.9
-0.6213,52.8362,2025-12-08T09:20:00,9.97
-0.6193,52.9618,2025-01-08T13:02:00,11
-0.6193,52.9618,2025-02-14T11:11:00,12
-0.6193,52.9618,2025-03-05T10:42:00,11
-0.6193,52.9618,2025-04-04T10:38:00,11
-0.6193,52.9618,2025-05-14T10:44:00,9.05
-0.6193,52.9618,2025-06-25T10:08:00,6.88
-0.6193,52.9618,2025-07-29T10:24:00,6.29
-0.6193,52.9618,2025-08-18T11:15:00,5.59
-0.6193,52.9618,2025-09-04T10:51:00,2.58
-0.6193,52.9618,2025-10-14T10:22:00,5.69
-0.6193,52.9618,2025-11-03T10:13:00,5.09
-0.6193,52.9618,2025-12-11T11:02:00,9.99
-0.7452,53.0306,2025-01-22T11:36:00,13
-0.7452,53.0306,2025-02-14T10:33:00,11
-0.7452,53.0306,2025-03-06T11:12:00,9.98
-0.628,53.1543,2025-01-24T09:27:00,11
-0.628,53.1543,2025-02-17T12:06:00,9.47
-0.628,53.1543,2025-03-12T09:06:00,9.08
-0.628,53.1543,2025-05-09T09:44:00,7.07
-0.628,53.1543,2025-06-26T09:48:00,3.17
-0.628,53.1543,2025-07-30T09:43:00,3.38
-0.628,53.1543,2025-08-21T11:22:00,3.68
-0.628,53.1543,2025-09-08T10:08:00,3.98
-0.628,53.1543,2025-10-21T10:50:00,6.28
-0.628,53.1543,2025-11-10T09:56:00,5.77
-0.628,53.1543,2025-12-10T11:23:00,14
-0.5549,53.2018,2025-01-16T13:02:00,11
-0.5549,53.2018,2025-02-06T14:37:00,11
-0.5549,53.2018,2025-03-06T09:12:00,9.17
-0.5549,53.2018,2025-05-09T09:05:00,7.25
-0.5549,53.2018,2025-06-26T10:22:00,3
-0.5549,53.2018,2025-07-31T10:46:00,4.37
-0.5549,53.2018,2025-08-21T11:52:00,4.33
-0.5549,53.2018,2025-09-15T12:26:00,3.96
-0.5549,53.2018,2025-10-09T11:10:00,5.85
-0.5549,53.2018,2025-11-13T10:54:00,9.85
-0.5549,53.2018,2025-12-03T11:37:00,16.9
-0.416,53.2302,2025-01-16T09:50:00,9.95
-0.416,53.2302,2025-02-05T13:24:00,9.96
-0.416,53.2302,2025-03-13T09:00:00,8.07
-0.416,53.2302,2025-04-09T11:55:00,7.57
-0.416,53.2302,2025-05-12T12:56:00,4.47
-0.416,53.2302,2025-06-11T10:43:00,1.64
-0.416,53.2302,2025-07-11T10:07:00,4.34
-0.416,53.2302,2025-08-15T09:05:00,2.02
-0.416,53.2302,2025-09-11T10:54:00,3.64
-0.416,53.2302,2025-10-01T11:41:00,2.97
-0.416,53.2302,2025-11-10T09:49:00,5.82
-0.416,53.2302,2025-12-10T08:57:00,13
-0.3373,53.2086,2025-01-22T11:07:00,10.9
-0.3373,53.2086,2025-02-05T12:24:00,10.9
-0.3373,53.2086,2025-03-20T08:10:00,10.9
-0.3373,53.2086,2025-11-10T11:08:00,6.02
-0.3373,53.2086,2025-11-24T10:43:00,14.9
-0.3373,53.2086,2025-12-08T11:42:00,14.9
-0.3373,53.2086,2025-12-16T10:41:00,13.9
-0.2147,53.0899,2025-01-24T11:19:00,10.9
-0.2147,53.0899,2025-02-07T09:29:00,11.9
-0.2147,53.0899,2025-03-10T09:41:00,8.96
-0.2147,53.0899,2025-05-23T09:23:00,7.03
-0.2147,53.0899,2025-06-27T11:02:00,5.66
-0.2147,53.0899,2025-07-11T12:02:00,4.64
-0.2147,53.0899,2025-08-15T09:11:00,3.27
-0.2147,53.0899,2025-09-08T09:25:00,2.69
-0.2147,53.0899,2025-10-22T09:40:00,7.25
-0.2147,53.0899,2025-11-07T10:05:00,8.25
-0.2147,53.0899,2025-12-11T10:10:00,13.9
-0.1149,53.0103,2025-01-30T11:02:00,9.96
-0.1149,53.0103,2025-02-20T09:17:00,10.9
-0.1149,53.0103,2025-03-21T11:08:00,9.95
-0.1149,53.0103,2025-04-09T09:16:00,9.46
-0.1149,53.0103,2025-06-23T11:24:00,5.77
-0.1149,53.0103,2025-07-15T10:29:00,2.24
-0.1149,53.0103,2025-08-15T09:57:00,1.87
-0.1149,53.0103,2025-08-27T08:31:00,1.06
-0.1149,53.0103,2025-09-10T09:35:00,1.86
-0.1149,53.0103,2025-10-29T11:47:00,8.16
-0.1149,53.0103,2025-11-14T13:22:00,12.9
-0.1149,53.0103,2025-12-05T10:29:00,15.9
-0.6236,52.8903,2025-01-22T11:59:00,14
-0.6236,52.8903,2025-02-20T12:27:00,13
-0.6236,52.8903,2025-03-06T12:15:00,13
-0.6275,52.7661,2025-01-03T11:09:00,5.89
-0.6275,52.7661,2025-01-13T10:20:00,4.99
-0.6275,52.7661,2025-01-27T11:41:00,6.1
-0.6275,52.7661,2025-02-14T12:29:00,5.6
-0.6275,52.7661,2025-02-18T14:06:00,5.4
-0.6275,52.7661,2025-02-25T10:31:00,8.37
-0.6275,52.7661,2025-03-05T11:54:00,4.49
-0.6275,52.7661,2025-03-10T10:52:00,3.39
-0.6275,52.7661,2025-03-19T10:29:00,2.09
-0.6275,52.7661,2025-03-24T08:30:00,7.52
-0.6275,52.7661,2025-05-28T11:56:00,2.76
-0.6275,52.7661,2025-11-11T11:57:00,4.27
-0.6275,52.7661,2025-11-17T10:47:00,22
-0.6275,52.7661,2025-11-25T10:52:00,21
-0.6275,52.7661,2025-12-01T12:01:00,19
-0.6275,52.7661,2025-12-08T11:04:00,16
-0.6275,52.7661,2025-12-16T11:49:00,6.79
-0.6275,52.7661,2025-12-22T09:18:00,9.4
-0.3966,52.5881,2025-01-14T12:14:00,11
-0.3966,52.5881,2025-02-04T09:47:00,11
-0.3966,52.5881,2025-03-06T14:18:00,11
-0.3966,52.5881,2025-04-22T10:24:00,9.97
-0.3966,52.5881,2025-06-04T11:54:00,9.08
-0.3966,52.5881,2025-07-01T11:31:00,9.05
-0.3966,52.5881,2025-09-08T13:58:00,8.1
-0.3966,52.5881,2025-10-10T10:53:00,8.49
-0.3966,52.5881,2025-11-04T12:40:00,8.03
-0.3966,52.5881,2025-12-09T11:40:00,8.78
-0.4198,52.7311,2025-01-21T10:16:00,8.78
-0.4198,52.7311,2025-02-06T10:57:00,8.98
-0.4198,52.7311,2025-03-07T11:07:00,8.59
0.2365,53.3178,2025-01-06T11:26:00,5.48
0.2365,53.3178,2025-02-04T08:52:00,6.21
0.2365,53.3178,2025-03-04T07:42:00,5.62
0.2451,53.321,2025-01-06T11:23:00,5.48
0.2451,53.321,2025-02-04T08:49:00,6.01
0.2451,53.321,2025-03-04T07:35:00,5.73
0.2451,53.321,2025-04-02T08:38:00,4.75
0.2451,53.321,2025-05-08T08:43:00,9.09
0.2451,53.321,2025-06-26T08:54:00,16.8
0.2451,53.321,2025-07-24T09:02:00,7.57
0.2451,53.321,2025-08-15T08:55:00,9.79
0.2451,53.321,2025-09-11T09:59:00,30.8
0.2451,53.321,2025-10-06T09:28:00,10.9
0.2451,53.321,2025-11-14T08:34:00,11.9
0.2451,53.321,2025-12-05T08:14:00,13.9
0.2639,53.3288,2025-01-20T10:36:00,6.72
0.2639,53.3288,2025-02-04T09:09:00,7.92
0.2639,53.3288,2025-03-04T07:55:00,6.38
0.2639,53.3288,2025-05-02T09:09:00,6.91
0.2639,53.3288,2025-06-26T08:09:00,12.8
0.2639,53.3288,2025-07-09T08:00:00,11.4
0.2639,53.3288,2025-08-15T09:40:00,11.8
0.2639,53.3288,2025-09-11T10:18:00,12.9
0.2639,53.3288,2025-10-06T08:17:00,9.96
0.2639,53.3288,2025-11-19T09:38:00,19.9
0.2639,53.3288,2025-12-05T08:41:00,15.8
-0.8283,52.1874,2025-01-20T13:38:00,3.09
-0.8283,52.1874,2025-02-03T12:48:00,3.69
-0.8283,52.1874,2025-03-10T09:28:00,3.09
-0.8283,52.1874,2025-04-30T11:25:00,0.944
-0.8283,52.1874,2025-05-14T12:03:00,0.686
-0.8283,52.1874,2025-11-13T10:49:00,0.415
-0.8283,52.1874,2025-12-05T13:22:00,18
-0.944,52.2163,2025-01-28T11:29:00,5.09
-0.944,52.2163,2025-02-11T12:12:00,6.07
-0.944,52.2163,2025-03-04T13:28:00,6.48
-0.944,52.2163,2025-04-28T11:08:00,3.17
-0.944,52.2163,2025-05-14T10:42:00,2.47
-0.944,52.2163,2025-06-02T13:48:00,1.17
-0.944,52.2163,2025-07-15T12:24:00,0.465
-0.944,52.2163,2025-08-06T10:53:00,0.56
-0.944,52.2163,2025-09-04T10:39:00,0.537
-0.944,52.2163,2025-10-17T14:57:00,0.95
-0.944,52.2163,2025-11-04T15:30:00,1.18
-0.944,52.2163,2025-12-12T11:45:00,13
-0.9739,52.2167,2025-01-13T09:19:00,9.18
-0.9739,52.2167,2025-02-11T11:54:00,8.49
-0.9739,52.2167,2025-03-04T13:16:00,9.19
-0.9739,52.2167,2025-04-11T12:56:00,6.48
-0.9739,52.2167,2025-10-17T14:45:00,2.09
-0.9739,52.2167,2025-11-04T15:15:00,1.99
-0.9739,52.2167,2025-12-10T11:56:00,16
-0.651,52.8463,2025-01-10T11:02:00,15
-0.651,52.8463,2025-02-18T12:36:00,13
-0.651,52.8463,2025-03-05T08:05:00,12
-0.651,52.8463,2025-05-02T11:34:00,9.07
-0.651,52.8463,2025-06-25T11:56:00,7.04
-0.651,52.8463,2025-07-23T10:23:00,7.24
-0.651,52.8463,2025-08-12T10:58:00,7.83
-0.651,52.8463,2025-09-08T11:26:00,7.14
-0.651,52.8463,2025-10-01T12:28:00,7.33
-0.651,52.8463,2025-11-03T12:12:00,6.63
-0.651,52.8463,2025-12-16T09:57:00,12
0.8738,52.6219,2025-01-24T11:06:00,9.65
0.8738,52.6219,2025-02-10T11:14:00,9.96
0.8738,52.6219,2025-03-06T11:40:00,11
0.8738,52.6219,2025-04-02T12:37:00,6.93
0.8738,52.6219,2025-05-07T10:00:00,7.17
0.8738,52.6219,2025-06-19T12:36:00,<0.196
0.8738,52.6219,2025-07-03T11:31:00,<0.196
0.8738,52.6219,2025-08-04T13:15:00,0.286
0.8738,52.6219,2025-09-05T10:41:00,<0.196
0.8738,52.6219,2025-10-27T11:00:00,<0.196
0.8738,52.6219,2025-11-20T10:56:00,14
0.8738,52.6219,2025-12-04T11:13:00,14
1.233,52.6274,2025-01-22T14:56:00,6.88
1.233,52.6274,2025-02-07T13:22:00,7.98
1.233,52.6274,2025-03-06T10:44:00,7.67
1.233,52.6274,2025-04-03T11:16:00,5.39
1.233,52.6274,2025-05-08T10:22:00,4.97
1.233,52.6274,2025-06-16T15:05:00,2.88
1.233,52.6274,2025-07-07T11:42:00,2.78
1.233,52.6274,2025-08-13T14:10:00,3.49
1.233,52.6274,2025-09-05T10:19:00,4.49
1.233,52.6274,2025-10-03T12:36:00,4.48
1.233,52.6274,2025-11-03T10:44:00,5.19
1.233,52.6274,2025-12-02T14:01:00,8.36
1.2475,52.6068,2025-01-02T10:57:00,7.47
1.2475,52.6068,2025-02-07T09:51:00,8.06
1.2475,52.6068,2025-03-13T08:28:00,6.29
1.2475,52.6068,2025-10-13T11:20:00,3.59
1.2475,52.6068,2025-11-05T13:04:00,5.08
1.2475,52.6068,2025-12-02T12:01:00,8.47
1.3117,52.6127,2025-01-14T13:30:00,7.86
1.3117,52.6127,2025-02-07T11:56:00,7.78
1.3117,52.6127,2025-03-06T13:01:00,7.78
1.3117,52.6127,2025-10-13T12:38:00,5.97
1.3117,52.6127,2025-11-07T12:12:00,5.47
1.3117,52.6127,2025-12-05T12:20:00,9.36
1.382,52.6053,2025-01-14T13:27:00,8.55
1.382,52.6053,2025-02-04T13:20:00,8.17
1.382,52.6053,2025-03-11T09:43:00,8.38
1.382,52.6053,2025-04-08T11:27:00,8.69
1.382,52.6053,2025-10-30T10:22:00,6.15
1.382,52.6053,2025-11-28T09:55:00,9.33
1.382,52.6053,2025-12-18T13:43:00,8.47
1.4677,52.5866,2025-01-30T10:07:00,7.13
1.4677,52.5866,2025-02-13T11:32:00,7.98
1.4677,52.5866,2025-03-04T10:27:00,7.58
1.4677,52.5866,2025-04-08T10:55:00,6.49
1.4677,52.5866,2025-05-01T13:02:00,5.49
1.4677,52.5866,2025-06-13T11:30:00,5.78
1.4677,52.5866,2025-07-08T10:58:00,4.4
1.4677,52.5866,2025-08-06T12:36:00,4.09
1.4677,52.5866,2025-09-26T10:25:00,4.98
1.4677,52.5866,2025-10-30T11:07:00,5.07
1.4677,52.5866,2025-12-05T13:06:00,7.26
1.4677,52.5866,2025-12-12T11:22:00,7.85
1.7223,52.6071,2025-01-10T12:24:00,1.19
1.7223,52.6071,2025-04-10T16:03:00,1.99
1.7223,52.6071,2025-04-29T12:45:00,0.106
1.7223,52.6071,2025-06-11T12:48:00,<0.096
1.7223,52.6071,2025-07-01T14:03:00,<0.096
1.7223,52.6071,2025-09-16T13:05:00,0.267
1.7223,52.6071,2025-10-11T13:56:00,<0.096
1.7223,52.6071,2025-11-12T11:20:00,0.591
1.1287,52.3202,2025-01-21T12:13:00,22.7
1.1287,52.3202,2025-02-13T13:19:00,20
1.1287,52.3202,2025-03-05T10:55:00,23.6
0.4739,51.9864,2025-02-13T09:12:00,0.376
0.4739,51.9864,2025-07-10T13:41:00,<0.196
